<?xml-model href="../../../customization/schema_quellentexte/religionsfrieden-quellentexte.rng" type="application/xml" schematypens="http://relaxng.org/ns/structure/1.0"?>
<tei:TEI xmlns="http://www.tei-c.org/ns/1.0" xmlns:tei="http://www.tei-c.org/ns/1.0" xml:id="pa000008-0227">
   <teiHeader>      
      <fileDesc>         
         <titleStmt>
            
            <title level="a">Privilegien für Glückstadt (<date when="1631-10-17">17. Oktober 1631</date>) - VD17 8:756953U, Benutztes Exemplar: UB Kiel, Sign. L 2210</title>
            <title level="s">Europäische Religionsfrieden Digital</title>
            <principal ref="http://d-nb.info/gnd/111186870">Irene Dingel</principal> 
            <editor role="http://id.loc.gov/vocabulary/relators/edt" ref="http://orcid.org/0000-0002-1509-6960">Thomas Stäcker</editor>
            <editor role="http://id.loc.gov/vocabulary/relators/edt" ref="https://orcid.org/0000-0002-5429-6367">
                    <persName>Christopher Voigt-Goy</persName>
                </editor> 
            <editor role="http://id.loc.gov/vocabulary/relators/mrk">Kevin Wunsch</editor>           
            <editor role="http://id.loc.gov/vocabulary/relators/mrk">Kevin Kuck</editor>           
         </titleStmt>         
         <editionStmt>
            <edition>Digitale Edition gemäß <ref target="http://www.tei-c.org/">TEI P5</ref>
                </edition>
            <funder>Akademie der Wissenschaften und der Literatur</funder>
         </editionStmt>         
         <publicationStmt>
            <publisher>
               <orgName ref="http://www.isni.org/0000000119314040">Akademie der Wissenschaften und Literatur Mainz</orgName>
            </publisher>           
            <distributor>
               <orgName ref="http://www.isni.org/0000000110101946">Universitäts- und Landesbibliothek Darmstadt</orgName>
               <idno type="ISIL">http://lobid.org/organisation/DE-17</idno>
            </distributor>
            <date when="2024" type="issued">2024</date>
            <availability>
               <licence target="https://creativecommons.org/licenses/by/4.0/">
                  <p xml:lang="en">This file is licensed under the terms of the Creative Commons License CC-BY 4.0 (Attribution 4.0 International)</p>
               </licence>
            </availability>
         </publicationStmt>        
         <sourceDesc><!-- bitte ausfüllen; nicht zutreffende Elemente bitte rauslöschen -->
            <msDesc>
               <msIdentifier>
                  <settlement/>                               
                  <repository/>
                  <collection/>
                  <idno>Signatur</idno>
                  <idno type="urn"/>
                  <idno type="vd16"/>
               </msIdentifier>
               <msContents>
                  <msItem>
                     <title/>
                     <respStmt>
                        <resp/>
                        <persName/>
                     </respStmt>
                     <biblStruct><!-- gilt nur für Drucke; rausnehmen, wenn es sich um ein Manuskript handelt! -->
                        <monogr xml:id="vorlage">
                           <imprint>
                              <pubPlace>Glückstadt</pubPlace>
                              <publisher>
                                 <persName/>
                              </publisher>
                              <date>1633</date>
                           </imprint>
                        </monogr>
                     </biblStruct>
                  </msItem>
               </msContents>
               <history><!-- bei Manuskript, falls Datum und/oder Ort bekannt sind; andernfalls rauslöschen! -->
                  <origin>
                     <date/>
                     <placeName/>
                  </origin>
               </history>
            </msDesc>    
         </sourceDesc>
      </fileDesc>      
      <encodingDesc>         
         <projectDesc>
            <p>
               <ref target="http://www.eured.de">Europäische Religionsfrieden Digital</ref>
            </p>
         </projectDesc>
         <classDecl>
            <taxonomy xml:id="marcrelator">
               <bibl>
                        <idno type="URI">http://id.loc.gov/vocabulary/relators/</idno> MARC Code List for Relators </bibl>
            </taxonomy>
         </classDecl>         
      </encodingDesc>      
      <profileDesc>         
         <langUsage>
            <language ident="deut">Deutsch</language><!-- Sprache hinzufügen -->
         </langUsage>         
      </profileDesc>      
      <revisionDesc>
         <change xml:id="ch01" when="2018-01-18">
                <p>Die Edition ist 2018 von der Herzog August Bibliothek Wolfenbüttel an die Universitäts- und Landesbibliothek Darmstadt umgezogen.</p>
            </change>
      </revisionDesc>   
   </teiHeader>
   <facsimile>
      <surface lrx="5503" lry="8255" ulx="0" uly="0" xml:id="facs_11">
         <!--<graphic height="8255px" url="69062700.jpg" width="5503px"/>-->
         <graphic height="8255px" url="https://files.transkribus.eu/Get?id=CNEYVRYUPBSUMMMEENMDRKKD&amp;fileType=view" width="5503px"/>
         <zone points="1027,1163 1027,6586 4688,6586 4688,1163" rendition="TextRegion" xml:id="facs_11_tr_1">
            <zone points="1348,1920 1596,1907 1676,1960 1800,1871 1938,1915 2035,1862 2133,1907 2412,1831 2572,1898 2665,1853 2753,1902 2860,1853 3321,1933 3432,1871 3551,1955 3658,1942 3715,1991 3982,1938 4150,1955 4150,1490 4030,1512 3964,1476 3866,1539 3800,1481 3525,1516 3410,1485 3254,1534 2979,1481 2793,1481 2736,1530 2372,1481 2217,1534 1813,1481 1676,1516 1348,1485" rendition="Line" xml:id="facs_11_tr_1_tl_3">
               <zone points="1496,1776 1496,1836 4093,1836 4093,1776" type="word" xml:id="facs_11_tr_1_tl_3_w1"/>
            </zone>
            <zone points="1915,2133 2110,2142 2252,2204 2372,2146 2470,2230 2647,2270 3223,2142 3489,2150 3489,1871 3312,1933 3130,1884 3059,1938 2829,1875 2718,1929 2598,1889 2470,1942 2403,1898 2310,1955 2053,1871 1915,1915" rendition="Line" xml:id="facs_11_tr_1_tl_4">
               <zone points="2026,2070 2026,2130 2431,2130 2431,2070" type="word" xml:id="facs_11_tr_1_tl_4_w1"/>
               <zone points="2517,2074 2517,2134 3326,2134 3326,2074" type="word" xml:id="facs_11_tr_1_tl_4_w2"/>
               <zone points="3412,2068 3412,2128 3448,2128 3448,2068" type="word" xml:id="facs_11_tr_1_tl_4_w3"/>
            </zone>
            <zone points="984,2634 1153,2674 1197,2629 1778,2665 2071,2616 2177,2541 2319,2634 2580,2563 2771,2660 2948,2656 3112,2585 3347,2678 3680,2607 3724,2647 3840,2589 4239,2665 4394,2554 4549,2572 4553,2248 4443,2257 4327,2199 4181,2252 3999,2208 3884,2270 3764,2177 3693,2212 3596,2168 3206,2186 3126,2243 3015,2181 2713,2279 2541,2230 2492,2257 2337,2164 2119,2248 1938,2159 1667,2168 1525,2235 1441,2173 1259,2155 989,2208" rendition="Line" xml:id="facs_11_tr_1_tl_5">
               <zone points="1090,2509 1090,2569 2141,2569 2141,2509" type="word" xml:id="facs_11_tr_1_tl_5_w1"/>
               <zone points="2265,2505 2265,2565 2666,2565 2666,2505" type="word" xml:id="facs_11_tr_1_tl_5_w2"/>
               <zone points="2797,2502 2797,2562 3082,2562 3082,2502" type="word" xml:id="facs_11_tr_1_tl_5_w3"/>
               <zone points="3206,2504 3206,2564 4373,2564 4373,2504" type="word" xml:id="facs_11_tr_1_tl_5_w4"/>
            </zone>
            <zone points="1383,2873 1632,2855 1853,2900 1973,2860 2173,2913 2341,2864 2762,2855 2926,2922 3436,2869 3525,2931 3609,2869 3995,2886 4061,2851 4061,2691 3773,2607 3556,2696 3480,2638 3347,2678 3228,2598 3112,2589 2820,2691 2744,2634 2629,2678 2408,2589 2133,2682 1938,2616 1782,2665 1383,2660" rendition="Line" xml:id="facs_11_tr_1_tl_6">
               <zone points="1444,2797 1444,2857 2084,2857 2084,2797" type="word" xml:id="facs_11_tr_1_tl_6_w1"/>
               <zone points="2164,2797 2164,2857 2230,2857 2230,2797" type="word" xml:id="facs_11_tr_1_tl_6_w2"/>
               <zone points="2270,2797 2270,2857 2839,2857 2839,2797" type="word" xml:id="facs_11_tr_1_tl_6_w3"/>
               <zone points="2879,2795 2879,2855 3093,2855 3093,2795" type="word" xml:id="facs_11_tr_1_tl_6_w4"/>
               <zone points="3168,2799 3168,2859 3235,2859 3235,2799" type="word" xml:id="facs_11_tr_1_tl_6_w5"/>
               <zone points="3275,2804 3275,2864 3524,2864 3524,2804" type="word" xml:id="facs_11_tr_1_tl_6_w6"/>
               <zone points="3599,2808 3599,2868 4026,2868 4026,2808" type="word" xml:id="facs_11_tr_1_tl_6_w7"/>
            </zone>
            <zone points="2071,3170 2168,3139 2239,3206 2323,3210 2616,3188 2873,3104 3112,3179 3356,3121 3356,2855 2931,2922 2776,2855 2239,2873 2177,2913 2071,2869" rendition="Line" xml:id="facs_11_tr_1_tl_7">
               <zone points="2133,3006 2133,3066 2598,3066 2598,3006" type="word" xml:id="facs_11_tr_1_tl_7_w1"/>
               <zone points="2675,3014 2675,3074 3284,3074 3284,3014" type="word" xml:id="facs_11_tr_1_tl_7_w2"/>
            </zone>
            <zone points="1002,3454 1880,3414 1929,3454 2071,3423 2474,3472 2563,3436 2687,3525 2869,3441 3086,3432 3148,3476 3290,3432 3556,3480 3751,3436 3848,3494 3950,3463 4070,3538 4239,3472 4509,3467 4509,3188 4261,3130 4172,3170 3990,3157 3915,3214 3804,3192 3618,3268 3494,3219 3401,3241 3285,3157 3095,3188 2988,3117 2909,3166 2753,3135 2709,3183 2483,3219 2173,3223 2040,3175 1902,3232 1827,3179 1765,3210 1423,3175 1206,3228 1002,3170" rendition="Line" xml:id="facs_11_tr_1_tl_8">
               <zone points="1078,3375 1078,3435 1376,3435 1376,3375" type="word" xml:id="facs_11_tr_1_tl_8_w1"/>
               <zone points="1468,3371 1468,3431 2771,3431 2771,3371" type="word" xml:id="facs_11_tr_1_tl_8_w2"/>
               <zone points="2820,3376 2820,3436 3593,3436 3593,3376" type="word" xml:id="facs_11_tr_1_tl_8_w3"/>
               <zone points="3648,3380 3648,3440 3902,3440 3902,3380" type="word" xml:id="facs_11_tr_1_tl_8_w4"/>
               <zone points="3994,3388 3994,3448 4464,3448 4464,3388" type="word" xml:id="facs_11_tr_1_tl_8_w5"/>
            </zone>
            <zone points="1002,3702 1202,3649 1583,3684 1778,3636 2261,3684 2314,3636 2465,3676 2780,3658 2935,3702 3077,3658 3312,3702 3720,3658 3906,3658 3973,3707 4132,3662 4212,3711 4336,3662 4509,3684 4509,3520 4239,3472 4070,3538 3955,3467 3817,3498 3347,3449 3254,3494 3033,3458 2962,3489 2869,3436 2687,3525 2523,3436 2474,3476 2399,3436 2235,3467 1765,3414 1357,3432 1250,3489 1002,3454" rendition="Line" xml:id="facs_11_tr_1_tl_9">
               <zone points="1084,3597 1084,3657 1603,3657 1603,3597" type="word" xml:id="facs_11_tr_1_tl_9_w1"/>
               <zone points="1668,3588 1668,3648 1945,3648 1945,3588" type="word" xml:id="facs_11_tr_1_tl_9_w2"/>
               <zone points="1980,3590 1980,3650 2503,3650 2503,3590" type="word" xml:id="facs_11_tr_1_tl_9_w3"/>
               <zone points="2568,3603 2568,3663 2811,3663 2811,3603" type="word" xml:id="facs_11_tr_1_tl_9_w4"/>
               <zone points="2845,3607 2845,3667 3988,3667 3988,3607" type="word" xml:id="facs_11_tr_1_tl_9_w5"/>
               <zone points="4084,3607 4084,3667 4142,3667 4142,3607" type="word" xml:id="facs_11_tr_1_tl_9_w6"/>
               <zone points="4176,3610 4176,3670 4265,3670 4265,3610" type="word" xml:id="facs_11_tr_1_tl_9_w7"/>
               <zone points="4361,3612 4361,3672 4418,3672 4418,3612" type="word" xml:id="facs_11_tr_1_tl_9_w8"/>
            </zone>
            <zone points="1002,3928 1215,3844 1468,3853 1596,3795 1703,3857 1796,3809 2195,3857 2345,3809 2518,3857 2651,3804 2753,3848 3312,3817 3498,3866 3862,3831 3964,3875 4048,3826 4509,3950 4509,3711 4358,3667 4230,3724 3738,3653 3316,3702 3214,3662 2935,3702 2749,3658 2634,3711 2416,3662 2292,3707 1986,3645 1583,3689 1530,3649 1450,3680 1295,3645 1002,3702" rendition="Line" xml:id="facs_11_tr_1_tl_10">
               <zone points="1055,3772 1055,3832 1211,3832 1211,3772" type="word" xml:id="facs_11_tr_1_tl_10_w1"/>
               <zone points="1279,3762 1279,3822 1595,3822 1595,3762" type="word" xml:id="facs_11_tr_1_tl_10_w2"/>
               <zone points="1631,3752 1631,3812 2203,3812 2203,3752" type="word" xml:id="facs_11_tr_1_tl_10_w3"/>
               <zone points="2271,3758 2271,3818 2523,3818 2523,3758" type="word" xml:id="facs_11_tr_1_tl_10_w4"/>
               <zone points="2591,3761 2591,3821 3071,3821 3071,3761" type="word" xml:id="facs_11_tr_1_tl_10_w5"/>
               <zone points="3107,3769 3107,3829 3135,3829 3135,3769" type="word" xml:id="facs_11_tr_1_tl_10_w6"/>
               <zone points="3171,3768 3171,3828 3327,3828 3327,3768" type="word" xml:id="facs_11_tr_1_tl_10_w7"/>
               <zone points="3395,3769 3395,3829 3455,3829 3455,3769" type="word" xml:id="facs_11_tr_1_tl_10_w8"/>
               <zone points="3523,3770 3523,3830 3935,3830 3935,3770" type="word" xml:id="facs_11_tr_1_tl_10_w9"/>
               <zone points="4003,3778 4003,3838 4415,3838 4415,3778" type="word" xml:id="facs_11_tr_1_tl_10_w10"/>
            </zone>
            <zone points="1304,4035 1405,4008 1570,4092 1645,4039 1836,4035 1911,3973 2204,4017 2412,3955 2514,4013 2603,3968 2665,4021 2718,3977 2820,4026 2895,3977 3361,4026 3463,3990 3498,4026 3618,3973 4057,4092 4230,4039 4230,3880 4039,3831 3950,3880 3574,3831 3494,3866 3312,3817 3152,3871 3095,3831 2753,3853 2647,3800 2514,3857 2447,3822 2199,3862 1818,3809 1707,3857 1601,3800 1463,3857 1304,3848" rendition="Line" xml:id="facs_11_tr_1_tl_11">
               <zone points="1386,3914 1386,3974 1786,3974 1786,3914" type="word" xml:id="facs_11_tr_1_tl_11_w1"/>
               <zone points="1820,3914 1820,3974 1847,3974 1847,3914" type="word" xml:id="facs_11_tr_1_tl_11_w2"/>
               <zone points="1882,3914 1882,3974 2124,3974 2124,3914" type="word" xml:id="facs_11_tr_1_tl_11_w3"/>
               <zone points="2159,3914 2159,3974 2590,3974 2590,3914" type="word" xml:id="facs_11_tr_1_tl_11_w4"/>
               <zone points="2655,3915 2655,3975 2809,3975 2809,3915" type="word" xml:id="facs_11_tr_1_tl_11_w5"/>
               <zone points="2843,3923 2843,3983 3459,3983 3459,3923" type="word" xml:id="facs_11_tr_1_tl_11_w6"/>
               <zone points="3524,3929 3524,3989 3674,3989 3674,3929" type="word" xml:id="facs_11_tr_1_tl_11_w7"/>
               <zone points="3740,3931 3740,3991 4140,3991 4140,3931" type="word" xml:id="facs_11_tr_1_tl_11_w8"/>
            </zone>
            <zone points="1831,4221 2119,4279 2208,4194 2580,4225 2833,4159 2962,4208 3108,4137 3308,4216 3449,4177 3733,4252 3729,3999 3614,3968 3534,4026 3458,3986 3246,4030 2922,3995 2878,4035 2589,3968 2541,4017 2434,3973 2204,4017 1915,3977 1831,4017" rendition="Line" xml:id="facs_11_tr_1_tl_12">
               <zone points="1887,4070 1887,4130 2049,4130 2049,4070" type="word" xml:id="facs_11_tr_1_tl_12_w1"/>
               <zone points="2124,4075 2124,4135 2252,4135 2252,4075" type="word" xml:id="facs_11_tr_1_tl_12_w2"/>
               <zone points="2323,4069 2323,4129 2792,4129 2792,4069" type="word" xml:id="facs_11_tr_1_tl_12_w3"/>
               <zone points="2896,4075 2896,4135 3199,4135 3199,4075" type="word" xml:id="facs_11_tr_1_tl_12_w4"/>
               <zone points="3302,4081 3302,4141 3431,4141 3431,4081" type="word" xml:id="facs_11_tr_1_tl_12_w5"/>
               <zone points="3506,4087 3506,4147 3601,4147 3601,4087" type="word" xml:id="facs_11_tr_1_tl_12_w6"/>
               <zone points="3639,4087 3639,4147 3701,4147 3701,4087" type="word" xml:id="facs_11_tr_1_tl_12_w7"/>
            </zone>
            <zone points="2314,5551 2385,5533 2447,5573 2567,5516 2643,5573 2731,5551 2909,5618 3135,5547 3170,5529 3161,5219 2798,5320 2611,5254 2580,5281 2465,5258 2372,5196 2301,5227" rendition="Line" xml:id="facs_11_tr_1_tl_15">
               <zone points="2370,5425 2370,5485 3050,5485 3050,5425" type="word" xml:id="facs_11_tr_1_tl_15_w1"/>
               <zone points="3095,5437 3095,5497 3130,5497 3130,5437" type="word" xml:id="facs_11_tr_1_tl_15_w2"/>
            </zone>
            <zone points="1126,5799 1281,5870 1419,5795 1636,5804 1734,5853 1849,5777 2124,5835 2235,5790 2421,5799 2545,5844 3042,5799 3308,5875 3423,5817 4061,5923 4403,5866 4398,5622 4181,5582 3973,5675 3866,5613 3751,5649 3618,5595 3383,5675 3316,5609 3259,5631 3161,5582 3099,5622 2988,5587 2869,5622 2771,5578 2669,5631 2447,5573 2275,5622 2159,5542 2008,5613 1902,5547 1565,5635 1401,5524 1117,5458" rendition="Line" xml:id="facs_11_tr_1_tl_16">
               <zone points="1240,5744 1240,5804 1500,5804 1500,5744" type="word" xml:id="facs_11_tr_1_tl_16_w1"/>
               <zone points="1595,5725 1595,5785 2083,5785 2083,5725" type="word" xml:id="facs_11_tr_1_tl_16_w2"/>
               <zone points="2133,5736 2133,5796 2349,5796 2349,5736" type="word" xml:id="facs_11_tr_1_tl_16_w3"/>
               <zone points="2399,5742 2399,5802 2887,5802 2887,5742" type="word" xml:id="facs_11_tr_1_tl_16_w4"/>
               <zone points="2981,5751 2981,5811 3153,5811 3153,5751" type="word" xml:id="facs_11_tr_1_tl_16_w5"/>
               <zone points="3248,5770 3248,5830 3913,5830 3913,5770" type="word" xml:id="facs_11_tr_1_tl_16_w6"/>
               <zone points="4008,5786 4008,5846 4046,5846 4046,5786" type="word" xml:id="facs_11_tr_1_tl_16_w7"/>
               <zone points="4096,5789 4096,5849 4357,5849 4357,5789" type="word" xml:id="facs_11_tr_1_tl_16_w8"/>
            </zone>
            <zone points="1822,6030 2079,6061 2239,5963 2603,5981 2705,5946 3299,5977 3379,6043 3680,6012 3676,5844 3636,5839 3423,5817 3294,5875 3135,5822 3033,5861 2957,5808 2855,5844 2793,5795 2709,5853 2656,5813 2514,5844 2465,5799 2124,5835 1818,5790" rendition="Line" xml:id="facs_11_tr_1_tl_17">
               <zone points="1866,5897 1866,5957 2333,5957 2333,5897" type="word" xml:id="facs_11_tr_1_tl_17_w1"/>
               <zone points="2366,5903 2366,5963 2654,5963 2654,5903" type="word" xml:id="facs_11_tr_1_tl_17_w2"/>
               <zone points="2749,5907 2749,5967 3420,5967 3420,5907" type="word" xml:id="facs_11_tr_1_tl_17_w3"/>
               <zone points="3482,5927 3482,5987 3624,5987 3624,5927" type="word" xml:id="facs_11_tr_1_tl_17_w4"/>
            </zone>
            <zone points="2252,6158 2394,6158 2452,6212 2567,6229 2625,6172 2838,6190 2935,6123 3126,6194 3268,6145 3268,5990 3183,5963 2252,5968" rendition="Line" xml:id="facs_11_tr_1_tl_18">
               <zone points="2328,6064 2328,6124 2621,6124 2621,6064" type="word" xml:id="facs_11_tr_1_tl_18_w1"/>
               <zone points="2686,6074 2686,6134 3241,6134 3241,6074" type="word" xml:id="facs_11_tr_1_tl_18_w2"/>
            </zone>
            <zone points="2142,6566 2266,6544 2359,6597 2554,6606 2807,6580 2948,6646 2979,6606 3343,6628 3334,6345 3268,6376 3046,6327 2882,6398 2674,6305 2368,6336 2239,6300 2137,6340" rendition="Line" xml:id="facs_11_tr_1_tl_19">
               <zone points="2194,6473 2194,6533 2392,6533 2392,6473" type="word" xml:id="facs_11_tr_1_tl_19_w1"/>
               <zone points="2464,6474 2464,6534 2733,6534 2733,6474" type="word" xml:id="facs_11_tr_1_tl_19_w2"/>
               <zone points="2805,6479 2805,6539 2834,6539 2834,6479" type="word" xml:id="facs_11_tr_1_tl_19_w3"/>
               <zone points="2906,6484 2906,6544 3142,6544 3142,6484" type="word" xml:id="facs_11_tr_1_tl_19_w4"/>
               <zone points="3213,6501 3213,6561 3310,6561 3310,6501" type="word" xml:id="facs_11_tr_1_tl_19_w5"/>
            </zone>
         </zone>
      </surface>
      <surface lrx="5503" lry="8255" ulx="0" uly="0" xml:id="facs_12">
         <!--<graphic height="8255px" url="69062701.jpg" width="5503px"/>-->
         <graphic height="8255px" url="https://files.transkribus.eu/Get?id=NYOVBSLOOYZFNKWMXMLOIZZR&amp;fileType=view" width="5503px"/>
      </surface>
      <surface lrx="5503" lry="8255" ulx="0" uly="0" xml:id="facs_13">
         <!--<graphic height="8255px" url="69062702.jpg" width="5503px"/>-->
         <graphic height="8255px" url="https://files.transkribus.eu/Get?id=OZKMTSLBRHFNOUWLNBTPPFIP&amp;fileType=view" width="5503px"/>
         <zone points="890,1160 890,6847 4414,6847 4414,1160" rendition="TextRegion" xml:id="facs_13_tr_1">
            <zone points="870,3013 2296,2195 4243,1776 4446,1897 4363,1540 4268,1501 4056,1545 3810,1462 3503,1545 3397,1490 3342,1317 2722,1517 2561,1484 2354,1517 2215,1456 1718,1478 1679,1428" rendition="Line" xml:id="facs_13_tr_1_tl_2"/>
            <zone points="2360,2215 2644,2282 3001,2187 3158,2237 3336,2192 3448,2265 3598,2198 3838,2248 3922,2187 3961,2220 4089,2187 4167,2254 4279,2232 4374,2271 4379,1914 4329,1902 3849,1902 3688,2014 3509,1908 3453,1953 3336,1936 3068,2148 2890,1975 2773,1986 2689,2053 2650,2008 2572,2014 2499,2064 2365,1980" rendition="Line" xml:id="facs_13_tr_1_tl_3"/>
            <zone points="2354,2410 2449,2404 2561,2477 2655,2477 2806,2393 2934,2455 3001,2399 3091,2399 3464,2466 3548,2388 3632,2432 4017,2371 4167,2382 4240,2449 4368,2421 4374,2271 4279,2232 4167,2254 4089,2192 3749,2259 3621,2198 3453,2271 3331,2192 3275,2237 3124,2209 3024,2271 2973,2254 2845,2360 2717,2237 2650,2287 2360,2215" rendition="Line" xml:id="facs_13_tr_1_tl_4"/>
            <zone points="2343,2605 2700,2589 2901,2655 2973,2594 3091,2644 3146,2589 3531,2616 3699,2566 4022,2583 4139,2639 4240,2583 4402,2577 4402,2410 4206,2377 3632,2432 3565,2399 3470,2466 3091,2404 2923,2455 2845,2410 2683,2544 2443,2404 2343,2449" rendition="Line" xml:id="facs_13_tr_1_tl_5"/>
            <zone points="2365,2789 2756,2817 2979,2767 3191,2856 3342,2761 3442,2806 3660,2767 3721,2823 3888,2823 4050,2761 4201,2823 4396,2817 4402,2616 4273,2605 4234,2644 4022,2589 3888,2633 3699,2572 3370,2622 3146,2589 3091,2644 2973,2594 2901,2655 2683,2589 2594,2611 2460,2739 2371,2700" rendition="Line" xml:id="facs_13_tr_1_tl_6"/>
            <zone points="2237,3001 2555,2979 2812,3018 3035,2962 3152,3029 3409,2957 3565,3013 3654,2951 3810,2951 3900,3024 4078,2962 4184,3013 4251,2962 4390,3001 4390,2812 4206,2828 4061,2756 3888,2828 3760,2789 3721,2823 3609,2767 3565,2801 3319,2778 3191,2851 2979,2773 2828,2767 2761,2812 2572,2778 2393,2823 2243,2929" rendition="Line" xml:id="facs_13_tr_1_tl_7"/>
            <zone points="870,3208 937,3236 982,3197 1378,3180 1434,3219 1551,3169 1752,3202 1847,3163 1941,3213 2059,3163 2170,3213 2243,3174 2840,3152 2985,3202 3146,3169 3180,3208 3252,3152 3342,3213 3481,3163 3643,3169 3682,3213 3827,3174 4145,3202 4257,3146 4363,3180 4363,3013 4257,2962 4201,3001 4072,2968 3894,3018 3810,2957 3732,2990 3649,2951 3526,3024 3448,2962 3331,2996 3236,2957 3163,3029 3029,2962 2856,3057 2773,2990 2589,3013 2549,2979 2047,3001 2014,3035 1925,3001 1450,3013 1300,3068 876,3018" rendition="Line" xml:id="facs_13_tr_1_tl_8"/>
            <zone points="859,3448 1099,3392 1138,3431 1250,3403 1328,3470 1478,3364 2014,3414 2098,3358 2337,3358 2455,3437 2600,3358 2750,3420 2856,3336 2946,3370 3258,3342 3409,3392 3609,3336 3872,3397 4039,3342 4151,3392 4212,3347 4351,3347 4357,3180 4234,3146 4145,3202 3827,3174 3682,3219 3598,3152 3347,3213 3247,3152 3163,3213 3068,3169 2728,3197 2678,3158 2153,3208 2059,3163 2003,3208 1880,3225 1813,3174 1657,3230 1601,3174 1490,3208 1305,3174 865,3252" rendition="Line" xml:id="facs_13_tr_1_tl_10"/>
            <zone points="876,3587 1651,3559 1757,3632 1964,3554 2293,3576 2577,3531 2784,3570 2856,3526 3001,3570 3487,3526 3715,3565 3827,3509 4346,3587 4396,3565 4402,3403 4212,3347 4156,3397 4006,3347 3872,3397 3609,3331 3459,3403 3280,3342 2996,3342 2801,3375 2734,3437 2611,3353 2449,3442 2349,3358 2103,3358 2020,3414 1975,3375 1936,3414 1897,3375 1768,3414 1718,3375 1607,3403 1484,3370 1328,3470 1255,3403 1132,3431 1105,3392 876,3437" rendition="Line" xml:id="facs_13_tr_1_tl_11"/>
            <zone points="876,3805 993,3771 1105,3833 1372,3743 1590,3766 1685,3727 1869,3782 2036,3754 2092,3788 2148,3738 2282,3732 2438,3771 2499,3721 2789,3799 3096,3710 3291,3766 3381,3704 3682,3738 3743,3799 3799,3743 4017,3743 4151,3693 4312,3771 4385,3754 4390,3576 4190,3587 4112,3526 3877,3548 3827,3509 3721,3570 3174,3526 2873,3582 2812,3548 2600,3582 2505,3543 1964,3554 1752,3626 1646,3559 876,3593" rendition="Line" xml:id="facs_13_tr_1_tl_12"/>
            <zone points="865,3966 1015,3944 1116,4000 1261,3944 1406,3983 1584,3944 1640,3983 1847,3966 1902,3916 2198,3911 2287,3961 2544,3900 2745,3972 2834,3911 2946,3961 3225,3911 3342,3966 3420,3911 3503,3950 3671,3905 3766,3961 3866,3911 4006,3922 4100,3983 4251,3905 4390,3911 4390,3749 4307,3766 4151,3699 4011,3749 3799,3743 3743,3799 3682,3738 3609,3777 3498,3710 3381,3704 3252,3771 3096,3715 2873,3743 2789,3799 2505,3715 2438,3771 2282,3732 2114,3810 2036,3754 1863,3777 1768,3738 1668,3833 1467,3821 1333,3760 1105,3833 965,3782 865,3844" rendition="Line" xml:id="facs_13_tr_1_tl_13"/>
            <zone points="876,4156 1010,4190 1194,4151 1255,4190 1501,4112 1540,4151 1880,4128 2070,4178 2232,4112 2611,4151 2706,4112 2840,4145 3135,4106 3442,4167 3604,4106 3715,4151 3799,4089 3944,4134 4067,4089 4139,4123 4273,4100 4374,4156 4379,3916 4346,3911 4095,3983 4000,3916 3777,3966 3665,3900 3492,3983 3420,3916 3336,3966 3230,3911 3119,3961 2828,3911 2750,3972 2549,3905 2315,3966 2204,3911 2103,3955 1980,3916 1847,3966 1467,3950 1406,3989 1266,3933 1121,4006 976,3944 881,3955" rendition="Line" xml:id="facs_13_tr_1_tl_14"/>
            <zone points="893,4351 1099,4335 1138,4374 1199,4324 1350,4318 1423,4368 1545,4312 1802,4363 1897,4312 2131,4346 2198,4296 2287,4351 2455,4290 2700,4346 3040,4301 3158,4346 3208,4296 3275,4335 4184,4290 4268,4335 4374,4290 4379,4156 4273,4100 4033,4095 3955,4162 3442,4123 3370,4167 3158,4112 3085,4167 2918,4100 2851,4145 2259,4117 2198,4178 1735,4123 1584,4173 1311,4145 1261,4190 898,4167" rendition="Line" xml:id="facs_13_tr_1_tl_15"/>
            <zone points="870,4569 1038,4519 1250,4580 1389,4502 1490,4536 1640,4491 1718,4536 1774,4496 1852,4558 1958,4491 2031,4547 2148,4502 2204,4541 2271,4485 2499,4474 2628,4536 2756,4480 2845,4530 2907,4485 3046,4541 3370,4469 3766,4457 3860,4536 4000,4463 4268,4547 4379,4524 4379,4290 4268,4335 4184,4290 3788,4335 3637,4301 3576,4346 3498,4296 3275,4335 3208,4296 3158,4346 3057,4301 2700,4346 2455,4290 2287,4351 2198,4296 2131,4346 2014,4307 1908,4363 1596,4318 1423,4368 1322,4324 1199,4324 1138,4374 1099,4335 870,4357" rendition="Line" xml:id="facs_13_tr_1_tl_16"/>
            <zone points="865,4714 1450,4764 1702,4686 1780,4736 1869,4681 2064,4708 2187,4669 2432,4697 2700,4664 2823,4725 3185,4658 3252,4714 3386,4658 3927,4664 3989,4714 4139,4669 4212,4714 4402,4669 4407,4491 4340,4485 4273,4547 4006,4463 3860,4536 3777,4463 3570,4457 3024,4541 2912,4496 2851,4536 2773,4480 2633,4536 2583,4485 2438,4474 2031,4552 1958,4496 1858,4552 1785,4502 1718,4541 1646,4491 1478,4541 1395,4496 1244,4580 1038,4513 982,4563 865,4569" rendition="Line" xml:id="facs_13_tr_1_tl_17"/>
            <zone points="893,4965 1071,4893 1384,4932 1517,4898 1556,4932 1718,4865 1830,4937 1880,4887 2003,4932 2098,4865 2271,4932 2360,4859 2845,4848 3347,4915 3420,4854 3498,4904 3565,4842 3654,4876 4078,4842 4201,4909 4374,4854 4379,4669 4212,4714 4123,4669 4045,4725 3933,4669 3849,4703 3710,4658 3386,4658 3269,4714 3091,4664 2873,4731 2566,4658 2293,4686 2232,4736 2008,4675 1852,4686 1796,4736 1702,4686 1400,4759 1289,4720 1211,4764 898,4720" rendition="Line" xml:id="facs_13_tr_1_tl_18"/>
            <zone points="881,5088 1244,5105 1300,5149 1523,5066 1718,5116 1824,5077 1869,5121 1953,5054 2047,5110 2114,5077 2282,5110 2416,5038 2622,5038 2845,5105 2923,5043 3247,5032 3442,5105 3565,5043 3760,5043 3888,5110 3944,5054 4028,5093 4089,5038 4290,5105 4390,5093 4396,4865 4106,4920 3983,4848 3660,4876 3459,4842 3308,4920 3113,4854 2840,4842 2700,4926 2589,4842 2360,4859 2271,4932 2192,4893 1986,4932 1880,4887 1819,4937 1707,4876 1556,4926 1517,4893 1400,4932 1043,4909 881,4976" rendition="Line" xml:id="facs_13_tr_1_tl_19"/>
            <zone points="859,5261 1211,5255 1384,5328 1495,5283 1596,5317 1662,5255 1785,5238 1941,5294 2025,5244 2516,5233 2611,5294 2667,5244 2851,5227 3269,5305 3414,5233 3604,5300 3782,5233 4117,5233 4195,5289 4257,5233 4396,5255 4396,5093 4268,5110 4089,5038 4028,5099 3983,5054 3888,5105 3794,5049 3565,5043 3442,5105 3180,5026 2806,5110 2527,5032 2282,5110 2120,5077 2031,5132 1953,5054 1869,5121 1824,5077 1718,5116 1596,5071 1311,5149 1110,5088 859,5093" rendition="Line" xml:id="facs_13_tr_1_tl_20"/>
            <zone points="865,5523 1010,5473 1211,5517 1300,5456 1612,5428 1808,5456 1941,5423 2008,5467 2382,5417 2432,5462 2533,5417 2672,5467 2734,5423 2879,5423 3029,5478 3135,5428 4067,5428 4273,5501 4402,5462 4402,5300 4257,5233 4178,5311 3994,5233 3771,5233 3604,5300 3414,5227 3275,5305 2985,5238 2600,5289 2549,5238 2265,5227 2025,5244 1941,5294 1785,5238 1590,5317 1378,5328 1233,5266 865,5255" rendition="Line" xml:id="facs_13_tr_1_tl_21"/>
            <zone points="870,5696 1138,5640 1763,5629 1936,5685 1992,5640 2081,5679 2265,5623 2561,5662 2644,5612 2823,5657 3107,5607 3197,5674 3291,5646 3331,5685 3414,5623 3866,5668 3922,5618 4173,5679 4229,5629 4307,5662 4390,5618 4396,5456 4273,5501 3933,5423 3130,5428 3035,5478 2884,5423 2678,5473 2527,5411 2466,5456 2382,5417 2008,5467 1947,5423 1685,5423 1450,5501 1294,5462 1110,5517 1049,5467 876,5523" rendition="Line" xml:id="facs_13_tr_1_tl_22"/>
            <zone points="870,5908 971,5852 1043,5897 1205,5897 1289,5830 1579,5891 1640,5841 1735,5897 1902,5841 1958,5874 2008,5824 2070,5869 2304,5869 2393,5796 2566,5835 2633,5796 2812,5835 3219,5796 3280,5841 3342,5813 3397,5869 3649,5819 3877,5869 4033,5824 4156,5880 4390,5830 4396,5635 4234,5629 4173,5679 4011,5623 3966,5657 3927,5618 3866,5674 3810,5635 3704,5668 3654,5618 3604,5657 3492,5623 3386,5685 3297,5646 3208,5674 3107,5618 2828,5657 2600,5623 2555,5662 2271,5623 1947,5679 1339,5635 1211,5690 1138,5640 1010,5640 932,5707 876,5696" rendition="Line" xml:id="facs_13_tr_1_tl_23"/>
            <zone points="881,6075 1038,6086 1099,6042 1188,6075 1278,6019 1456,6081 1702,6003 1768,6059 1824,6031 1880,6064 1953,5997 2215,6059 2354,5992 2443,6064 2561,5980 2728,5997 2789,6053 2934,5986 3286,6047 3353,5992 3554,6003 3615,6064 3749,5992 4067,6014 4195,6081 4273,6014 4374,6036 4374,5824 4178,5886 3961,5824 3782,5869 3654,5819 3448,5874 3347,5819 3119,5813 2996,5880 2633,5791 2577,5835 2377,5807 2304,5869 2070,5869 2014,5824 1953,5874 1897,5847 1752,5902 1646,5835 1584,5886 1289,5830 1211,5897 976,5858 881,5908" rendition="Line" xml:id="facs_13_tr_1_tl_24"/>
            <zone points="876,6254 1043,6231 1160,6276 1261,6231 1328,6271 1423,6226 1462,6265 1640,6192 1830,6259 2142,6192 2220,6248 2399,6254 2516,6187 2644,6226 2812,6165 2940,6220 3102,6181 3425,6254 3509,6187 3582,6259 3738,6248 3805,6187 4028,6271 4178,6192 4390,6265 4390,6031 4284,6014 4195,6081 4061,6025 3989,6086 3911,6014 3743,5992 3615,6070 3548,6008 3403,6025 3353,5986 3291,6047 2940,5980 2801,6053 2555,5980 2443,6064 2349,5992 2209,6059 1947,5997 1874,6059 1768,6059 1702,6003 1596,6070 1495,6047 1445,6081 1283,6025 1183,6081 1110,6047 876,6070" rendition="Line" xml:id="facs_13_tr_1_tl_25"/>
            <zone points="865,6443 1344,6466 1534,6399 1830,6438 1908,6377 2131,6438 2427,6365 2533,6432 2695,6360 3046,6443 3158,6365 3459,6421 3766,6393 3838,6455 3978,6410 4134,6449 4218,6388 4379,6399 4379,6259 4178,6192 4033,6265 3805,6187 3671,6254 3576,6254 3503,6187 3425,6259 3113,6181 2968,6220 2840,6181 2761,6248 2516,6187 2404,6248 2220,6248 2165,6204 1852,6254 1635,6198 1551,6254 1389,6220 1333,6265 1289,6231 1160,6276 865,6265" rendition="Line" xml:id="facs_13_tr_1_tl_26"/>
            <zone points="859,6683 1294,6711 1423,6650 1562,6722 1674,6655 1796,6711 2103,6672 2287,6706 2533,6566 2655,6549 2717,6594 2778,6561 2962,6694 3241,6644 3358,6722 3543,6722 3721,6644 3810,6717 3972,6667 4045,6717 4206,6611 4379,6594 4374,6404 4279,6393 4123,6449 3978,6410 3827,6466 3771,6410 3704,6443 3570,6382 3403,6438 3169,6371 3046,6449 2957,6393 2895,6443 2700,6360 2549,6438 2432,6371 2131,6432 1914,6371 1824,6438 1707,6449 1640,6399 1456,6449 1406,6416 1311,6466 854,6438" rendition="Line" xml:id="facs_13_tr_1_tl_27"/>
         </zone>
      </surface>
      <surface lrx="5503" lry="8255" ulx="0" uly="0" xml:id="facs_14">
         <!--<graphic height="8255px" url="69062703.jpg" width="5503px"/>-->
         <graphic height="8255px" url="https://files.transkribus.eu/Get?id=NRNRQMGFOOZNOHUZJAATZBBL&amp;fileType=view" width="5503px"/>
         <zone points="1021,1258 4635,1258 4635,5306 1021,5306" rendition="TextRegion" xml:id="facs_14_TextRegion_1719401819135_76">
            <zone points="1008,1402 1278,1379 1353,1437 1402,1384 1561,1353 1684,1362 1773,1424 1923,1379 2144,1432 2228,1371 2321,1419 2383,1375 2494,1410 2586,1379 2728,1432 2799,1388 2883,1428 3104,1397 3166,1428 3210,1393 3338,1463 3515,1388 3696,1459 3873,1393 4107,1490 4280,1450 4505,1499 4501,1114 4355,1136 4280,1096 4160,1176 4045,1132 3877,1172 3771,1070 3533,1079 3400,1163 3210,1119 3055,1207 2945,1145 2843,1158 2728,1061 2551,1127 2502,1079 2383,1132 2339,1096 2224,1172 2100,1061 1959,1163 1605,1114 1516,1158 1428,1114 1295,1234 1004,1216" rendition="Line" xml:id="facs_14_tr_1_tl_1"/>
            <zone points="1026,1618 1313,1574 1415,1618 1693,1561 1773,1614 1892,1574 2162,1623 2264,1570 2357,1596 2463,1561 2520,1609 2648,1574 2728,1623 2852,1561 3068,1605 3174,1574 3329,1631 3484,1583 3564,1618 3718,1596 3776,1649 3908,1596 4068,1654 4191,1605 4275,1671 4351,1627 4514,1636 4510,1499 4275,1446 4103,1490 3882,1397 3824,1455 3471,1406 3338,1463 3210,1393 2887,1437 2816,1393 2737,1432 2586,1384 2494,1428 2405,1379 2330,1437 2228,1371 2118,1441 1923,1379 1751,1424 1623,1353 1353,1432 1278,1379 1211,1424 1021,1384" rendition="Line" xml:id="facs_14_tr_1_tl_2"/>
            <zone points="995,1799 1048,1822 1220,1760 1313,1826 1397,1768 1450,1817 1636,1808 1791,1742 1861,1786 2166,1755 2224,1804 2312,1742 2498,1808 2710,1764 2887,1808 2967,1755 3316,1830 3426,1782 3581,1857 3661,1795 3718,1844 3877,1791 3957,1857 4156,1835 4222,1777 4479,1844 4549,1813 4549,1618 4187,1676 3873,1600 3776,1649 3714,1592 3435,1587 3329,1631 2852,1561 2715,1623 2635,1574 2449,1605 2405,1561 2131,1623 1928,1578 1773,1614 1684,1561 995,1631" rendition="Line" xml:id="facs_14_tr_1_tl_3"/>
            <zone points="1004,2003 1110,1937 1649,1923 1715,1981 1795,1932 1857,1976 1994,1928 2074,1985 2189,1945 2387,1985 2449,1932 2701,2003 3060,1941 3294,2012 3634,1950 3736,2012 4098,1959 4311,2025 4448,1972 4545,2029 4545,1839 4222,1782 4085,1848 3802,1795 3736,1857 3639,1808 3586,1853 3422,1782 3316,1830 2967,1755 2750,1830 2644,1777 2480,1804 2392,1760 2215,1804 2171,1760 1853,1782 1791,1742 1636,1808 1450,1817 1397,1768 1322,1830 1225,1760 999,1804" rendition="Line" xml:id="facs_14_tr_1_tl_4"/>
            <zone points="1039,2153 1158,2189 1397,2135 1468,2189 1596,2149 1782,2202 2096,2127 2290,2211 2520,2149 2684,2202 2763,2127 2887,2184 3144,2135 3449,2211 3692,2140 3882,2184 3984,2149 4138,2211 4267,2166 4479,2242 4541,2215 4541,2025 4395,1985 4315,2034 4125,1963 3732,2012 3630,1954 3475,2029 3409,1985 3117,1981 3060,1937 2697,2007 2449,1932 2387,1985 2295,1937 2082,1990 1994,1928 1857,1976 1786,1928 1707,1976 1640,1923 1110,1937 1039,1976" rendition="Line" xml:id="facs_14_tr_1_tl_5"/>
            <zone points="1035,2334 1344,2361 1410,2321 1477,2379 1676,2343 1720,2379 1786,2326 2051,2312 2383,2365 2489,2330 2586,2370 2639,2330 2719,2379 3029,2312 3192,2387 3272,2334 3360,2401 3754,2334 3944,2392 4054,2361 4116,2414 4510,2361 4510,2242 4267,2166 4125,2202 4054,2162 3855,2233 3687,2140 3612,2197 3524,2171 3453,2206 3086,2140 2958,2193 2754,2153 2688,2211 2520,2153 2295,2211 2202,2158 2158,2189 2087,2122 1742,2206 1596,2149 1472,2189 1375,2131 1158,2189 1035,2171" rendition="Line" xml:id="facs_14_tr_1_tl_6"/>
            <zone points="1039,2525 1273,2507 1331,2551 1397,2511 1857,2502 2100,2595 2197,2498 2379,2578 2847,2529 2998,2582 3161,2507 3298,2578 3466,2525 3594,2586 3674,2555 3882,2586 3997,2525 4536,2586 4532,2387 4461,2361 4014,2427 3877,2348 3745,2401 3546,2339 3342,2418 2945,2312 2737,2379 2653,2339 2551,2374 2056,2312 1866,2352 1791,2321 1720,2379 1676,2339 1486,2383 1410,2321 1344,2361 1216,2321 1039,2339" rendition="Line" xml:id="facs_14_tr_1_tl_7"/>
            <zone points="1026,2715 1211,2710 1331,2768 1406,2697 1556,2697 1684,2768 1782,2715 1985,2790 2087,2732 2189,2777 2246,2728 2357,2728 2427,2772 2538,2697 2799,2754 2905,2710 3042,2763 3400,2706 3524,2781 3577,2746 3776,2768 3820,2723 3922,2746 3961,2706 4156,2768 4244,2737 4302,2781 4545,2723 4545,2595 3997,2525 3882,2586 3670,2555 3462,2591 3338,2542 3183,2591 3108,2529 2998,2578 2847,2529 2662,2578 2551,2533 2414,2573 2197,2498 2034,2600 1857,2498 1402,2507 1322,2551 1273,2507 1026,2516" rendition="Line" xml:id="facs_14_tr_1_tl_8"/>
            <zone points="1039,2918 1786,2883 1861,2949 1998,2914 2087,2958 2387,2900 2516,2971 2701,2914 3192,2949 3245,2905 3351,2949 3462,2918 3758,2971 3886,2905 4196,2976 4280,2918 4395,2953 4532,2905 4532,2746 4488,2732 4045,2794 3820,2723 3776,2768 3577,2746 3528,2785 3396,2706 3046,2768 2900,2706 2799,2754 2533,2697 2427,2772 2357,2728 2290,2777 2237,2741 1985,2790 1866,2781 1782,2719 1684,2768 1565,2701 1410,2697 1331,2768 1216,2715 1039,2719" rendition="Line" xml:id="facs_14_tr_1_tl_9"/>
            <zone points="1070,3144 1251,3161 1486,3090 1764,3086 1998,3152 2246,3082 2383,3148 2516,3082 2635,3113 2754,3077 2958,3139 3228,3108 3382,3174 3510,3099 3617,3148 3798,3090 3908,3161 4107,3095 4249,3161 4545,3130 4545,2905 4510,2900 4395,2953 4280,2918 4196,2976 3891,2909 3652,2971 3466,2918 3024,2949 2883,2896 2520,2971 2392,2900 2025,2967 1963,2909 1857,2949 1777,2883 1627,2878 1070,2931" rendition="Line" xml:id="facs_14_tr_1_tl_10"/>
            <zone points="1052,3289 1348,3320 1499,3285 1844,3360 1981,3303 2087,3334 2193,3276 2414,3325 2852,3289 2989,3347 3068,3294 3245,3329 3347,3272 3625,3267 4001,3289 4107,3347 4218,3285 4390,3325 4443,3298 4527,3360 4527,3126 4253,3161 4076,3099 3908,3161 3785,3086 3687,3170 3510,3099 3391,3170 3152,3104 2772,3152 2569,3077 2418,3148 2242,3082 1932,3157 1799,3086 1472,3170 1410,3135 1052,3152" rendition="Line" xml:id="facs_14_tr_1_tl_11"/>
            <zone points="1088,3493 1848,3466 1941,3506 2029,3466 2171,3515 2246,3484 2471,3515 2511,3480 2569,3519 2763,3462 2830,3510 3029,3519 3166,3466 3559,3519 3802,3471 3917,3519 4014,3471 4174,3537 4558,3497 4558,3334 4501,3360 4218,3285 4121,3351 3785,3267 3621,3267 3581,3307 3537,3267 3320,3281 3135,3338 3068,3294 2984,3351 2847,3294 2750,3351 2670,3285 2414,3325 2224,3281 2029,3338 1981,3298 1844,3356 1450,3285 1304,3347 1189,3281 1088,3312" rendition="Line" xml:id="facs_14_tr_1_tl_12"/>
            <zone points="1039,3692 1437,3674 1539,3736 1654,3665 1760,3718 1822,3656 2109,3701 2295,3665 2383,3709 2498,3656 2688,3732 2883,3656 3042,3736 3174,3670 3334,3661 3493,3732 3687,3656 3745,3696 3939,3674 3984,3718 4222,3656 4267,3696 4381,3665 4549,3718 4549,3510 4169,3533 4010,3471 3917,3519 3802,3466 3418,3533 3166,3466 3029,3519 2830,3515 2750,3457 2516,3528 2242,3466 2007,3528 1848,3466 1039,3475" rendition="Line" xml:id="facs_14_tr_1_tl_13"/>
            <zone points="1066,3873 1379,3957 1698,3851 1839,3917 2074,3930 2250,3926 2343,3860 2653,3935 2706,3895 3042,3895 3104,3855 3378,3917 3541,3864 3709,3922 3944,3895 3992,3851 4297,3895 4417,3838 4576,3877 4580,3705 4386,3661 4267,3692 4222,3652 4019,3740 3944,3683 3749,3701 3692,3656 3493,3732 3179,3670 3042,3732 2896,3661 2688,3736 2467,3661 2383,3709 2303,3661 2105,3701 1853,3656 1760,3718 1654,3665 1539,3736 1437,3674 1070,3709" rendition="Line" xml:id="facs_14_tr_1_tl_14"/>
            <zone points="1110,4147 1295,4165 1402,4125 1494,4187 1671,4143 1937,4187 2189,4103 2330,4121 2511,4072 2777,4165 2834,4116 3082,4174 3135,4129 3289,4156 3382,4098 3581,4152 3687,4072 4032,4143 4129,4090 4213,4156 4284,4090 4558,4085 4558,3900 4474,3930 4377,3882 3992,3851 3935,3900 3873,3873 3709,3926 3537,3864 3378,3917 3130,3860 3042,3900 2830,3882 2768,3926 2706,3891 2662,3930 2410,3904 2357,3860 2250,3926 1839,3917 1698,3851 1379,3957 1110,3908" rendition="Line" xml:id="facs_14_tr_1_tl_15"/>
            <zone points="1083,4373 1216,4324 1353,4373 1583,4311 1662,4373 1768,4377 2082,4302 2211,4306 2308,4364 2502,4306 2609,4355 2741,4302 3082,4355 3338,4280 3590,4355 3895,4267 4174,4267 4240,4306 4311,4262 4412,4306 4589,4267 4589,4134 4381,4090 4213,4156 4129,4090 4032,4147 3908,4094 3785,4129 3696,4076 3581,4152 3135,4129 3082,4174 2825,4116 2772,4165 2653,4103 2379,4085 1937,4187 1693,4147 1472,4183 1353,4125 1295,4160 1088,4147" rendition="Line" xml:id="facs_14_tr_1_tl_16"/>
            <zone points="1088,4554 1185,4572 1295,4523 1477,4567 1565,4505 1791,4492 1853,4527 1914,4492 2025,4558 2246,4488 2441,4554 2648,4523 2719,4554 2936,4479 3037,4536 3298,4479 3480,4536 3564,4470 3820,4465 3900,4514 4006,4452 4183,4510 4320,4452 4558,4514 4594,4262 4443,4306 4174,4267 4001,4333 3590,4359 3466,4297 3404,4346 3192,4297 3060,4377 2737,4302 2609,4355 2516,4306 2303,4359 2206,4306 1994,4311 1932,4373 1667,4377 1583,4311 1357,4373 1220,4320 1088,4381" rendition="Line" xml:id="facs_14_tr_1_tl_17"/>
            <zone points="1079,4740 1242,4704 1335,4757 1516,4691 1844,4753 2131,4673 2264,4704 2436,4673 2525,4713 2670,4682 2741,4735 2807,4700 2953,4731 3037,4660 3135,4709 3276,4664 3404,4731 3515,4664 3625,4691 3696,4651 3966,4704 4121,4651 4439,4687 4554,4660 4558,4483 4426,4527 4306,4457 4050,4532 3723,4465 3409,4532 3325,4470 3108,4541 2856,4519 2719,4554 2653,4519 2445,4554 2246,4488 2025,4558 1937,4501 1875,4536 1799,4501 1693,4558 1592,4510 1477,4567 1295,4519 1207,4572 1083,4554" rendition="Line" xml:id="facs_14_tr_1_tl_18"/>
            <zone points="1096,4903 1242,4930 1335,4894 1450,4956 1583,4903 1711,4947 1839,4885 1972,4952 2175,4872 2463,4969 2578,4877 2662,4930 3426,4925 3537,4872 3692,4916 3749,4863 3820,4912 3904,4841 4107,4881 4333,4832 4492,4881 4589,4832 4594,4660 4183,4664 4112,4709 4068,4664 3930,4704 3696,4656 3404,4726 3281,4664 3117,4695 3042,4664 2953,4726 2595,4740 2352,4673 2197,4748 2105,4691 1963,4691 1892,4748 1738,4757 1508,4695 1366,4762 1101,4704" rendition="Line" xml:id="facs_14_tr_1_tl_19"/>
            <zone points="1114,5160 1631,5067 1693,5111 1875,5076 1941,5137 2162,5067 2259,5133 2520,5071 2648,5115 2737,5049 2821,5107 2918,5036 3241,5115 3285,5080 3334,5115 3453,5031 3621,5107 3736,5045 3793,5093 3833,5058 3930,5107 4218,5102 4342,5164 4430,5102 4523,5142 4585,5115 4589,4894 4399,4841 4098,4885 3979,4832 3820,4912 3749,4859 3696,4912 3537,4872 3426,4930 3002,4930 2927,4894 2666,4930 2578,4872 2463,4969 2286,4943 2171,4868 1985,4947 1813,4885 1733,4956 1578,4894 1521,4952 1402,4956 1340,4894 1242,4930 1119,4885" rendition="Line" xml:id="facs_14_tr_1_tl_20"/>
            <zone points="1123,5381 1251,5336 1516,5372 1565,5328 1627,5385 1844,5323 2321,5376 2560,5288 2976,5359 3135,5301 3320,5345 3502,5301 3568,5359 3732,5288 3953,5328 3984,5089 3798,5093 3732,5045 3625,5102 3440,5031 3351,5107 3245,5111 2945,5031 2781,5115 2520,5071 2281,5142 2158,5071 2034,5137 1906,5115 1853,5151 1729,5142 1662,5084 1587,5142 1446,5146 1402,5107 1127,5164" rendition="Line" xml:id="facs_14_line_1719401819172_79"/>
         </zone>
         <zone points="1021,5306 4635,5306 4635,6508 1021,6508" rendition="TextRegion" xml:id="facs_14_TextRegion_1719401819135_75">
            <zone points="1234,5593 1631,5642 2127,5566 2295,5619 2405,5566 2697,5597 2750,5553 3201,5584 3396,5540 3471,5593 3617,5531 3789,5571 3833,5535 4213,5558 4267,5522 4311,5562 4510,5562 4598,5544 4603,5319 4262,5319 4200,5283 3997,5350 3895,5301 3687,5301 3568,5359 3506,5310 3440,5350 3214,5301 3077,5372 2732,5310 2639,5376 2507,5319 2250,5412 2197,5372 2069,5412 1919,5350 1631,5381 1565,5328 1512,5372 1344,5345 1238,5381" rendition="Line" xml:id="facs_14_tr_1_tl_23"/>
            <zone points="1123,5805 1477,5814 1671,5770 1826,5810 2047,5770 2153,5814 2290,5748 2379,5805 2511,5748 2918,5774 3351,5730 3608,5765 3785,5726 3864,5774 3908,5734 4598,5721 4603,5558 4558,5535 3895,5522 3762,5562 3709,5531 3471,5597 3396,5544 3201,5584 2750,5553 2697,5597 2405,5566 2308,5628 2029,5571 1972,5624 1746,5606 1623,5650 1441,5588 1132,5597" rendition="Line" xml:id="facs_14_tr_1_tl_24"/>
            <zone points="1132,6004 1225,5986 1264,6026 1344,5973 1402,6022 1539,5969 1614,6031 1698,5969 1972,5960 2016,5995 2224,5942 2299,5982 2485,5942 2622,6000 2825,5938 3064,6004 3219,5982 3276,5924 3493,5991 3643,5920 4001,5911 4107,5969 4191,5916 4289,5960 4373,5907 4611,5902 4616,5730 4019,5726 3864,5774 3785,5730 3590,5774 3365,5730 2918,5779 2648,5748 2387,5810 2250,5765 2175,5832 1994,5770 1826,5810 1521,5774 1477,5814 1424,5779 1136,5818" rendition="Line" xml:id="facs_14_tr_1_tl_25"/>
            <zone points="1127,6176 1494,6203 1733,6154 1914,6199 2021,6163 2100,6212 2189,6159 2383,6185 2498,6137 2578,6185 2631,6141 2794,6132 2927,6199 3015,6128 3391,6115 3546,6159 3603,6115 3683,6163 3891,6097 4160,6137 4249,6101 4496,6119 4620,6092 4629,5902 4465,5942 4328,5916 4267,5960 4187,5920 4103,5969 4041,5911 3798,5942 3736,5911 3550,5938 3488,5991 3276,5924 3152,5995 2989,6004 2905,5955 2794,6031 2710,5982 2427,6004 2374,5947 2317,5982 2259,5947 2078,5964 1985,6026 1777,5986 1539,6039 1335,5982 1269,6026 1225,5986 1132,6008" rendition="Line" xml:id="facs_14_tr_1_tl_26"/>
            <zone points="1145,6389 1419,6367 1543,6451 1649,6402 2211,6402 2485,6340 2750,6530 2896,6548 3037,6433 3258,6504 3329,6437 3493,6424 3652,6327 3767,6398 3908,6402 4023,6318 4081,6353 4293,6287 4417,6349 4616,6309 4620,6088 4496,6123 4253,6101 4129,6163 3891,6092 3687,6163 3625,6128 3546,6163 3449,6119 3015,6128 2922,6199 2675,6132 2582,6176 2498,6137 2410,6203 2317,6141 2100,6212 2021,6163 1910,6199 1733,6154 1525,6207 1424,6172 1340,6212 1291,6172 1150,6194" rendition="Line" xml:id="facs_14_tr_1_tl_27"/>
         </zone>
      </surface>
      <surface lrx="5503" lry="8255" ulx="0" uly="0" xml:id="facs_15">
         <!--<graphic height="8255px" url="69062501.jpg" width="5503px"/>-->
         <graphic height="8255px" url="https://files.transkribus.eu/Get?id=QMEJDTACDDBMYMCQUJUUIHQW&amp;fileType=view" width="5503px"/>
         <zone points="860,1153 860,6925 4467,6925 4467,1153" rendition="TextRegion" xml:id="facs_15_tr_1">
            <zone points="839,1814 1024,1849 1077,1810 1430,1801 1536,1836 1624,1783 1713,1827 2052,1779 2269,1832 2635,1766 2670,1801 2887,1770 3028,1818 3372,1757 3602,1792 3725,1743 3875,1805 3941,1748 4052,1735 4140,1783 4211,1735 4259,1774 4356,1735 4361,1461 4286,1439 4189,1514 4083,1461 3928,1545 3580,1510 3407,1585 3288,1492 3147,1554 3094,1523 2970,1567 2789,1518 2551,1558 2392,1465 2330,1527 2238,1465 2074,1558 1955,1470 1871,1554 1655,1510 1558,1558 1421,1514 1377,1558 1333,1518 1284,1567 967,1523 847,1571" rendition="Line" xml:id="facs_15_tr_1_tl_5"/>
            <zone points="839,1999 1020,2017 1117,1977 1161,2030 1280,1991 1333,2035 1390,1995 1470,2026 1739,1977 1946,2017 2317,1964 2631,1973 2679,2021 2754,1977 2882,1964 2970,2008 3191,1951 3390,2017 3783,1938 3915,1982 4281,1924 4356,1955 4361,1743 4325,1739 4215,1796 4039,1743 3875,1805 3725,1743 3610,1792 3377,1757 3271,1827 3121,1770 3028,1818 2882,1770 2772,1841 2626,1766 2326,1845 2052,1779 1721,1823 1611,1792 1540,1841 1382,1801 1143,1867 1073,1810 1006,1867 927,1810 843,1841" rendition="Line" xml:id="facs_15_tr_1_tl_6"/>
            <zone points="878,2189 1607,2163 1730,2229 1911,2163 2216,2207 2397,2154 2887,2189 3001,2141 3226,2172 3549,2127 3672,2176 3919,2119 3986,2167 4092,2123 4348,2136 4352,1951 4290,1924 4215,1969 4167,1929 3950,1982 3641,1946 3390,2021 3253,1951 2970,2013 2882,1964 2613,2026 2441,1969 2154,2013 2092,1973 1946,2021 1907,1986 1571,1982 1329,2061 1236,1999 1196,2030 883,2004" rendition="Line" xml:id="facs_15_tr_1_tl_7"/>
            <zone points="843,2419 940,2423 1024,2348 1130,2379 1258,2339 1624,2397 2013,2335 2198,2379 2410,2335 2679,2330 2723,2366 3244,2326 3301,2379 3694,2313 3822,2379 3884,2322 4083,2353 4140,2308 4343,2304 4343,2136 4224,2114 3990,2167 3915,2123 3747,2136 3694,2176 3553,2132 3368,2176 3156,2141 3037,2172 2997,2136 2807,2216 2684,2145 2600,2194 2520,2154 2172,2167 2105,2207 1783,2176 1730,2225 1646,2163 1209,2207 847,2163" rendition="Line" xml:id="facs_15_tr_1_tl_8"/>
            <zone points="830,2578 1139,2542 1417,2591 1633,2525 1898,2533 1946,2573 2013,2525 2163,2520 2344,2578 2542,2525 2657,2582 2723,2520 2816,2516 3098,2551 3346,2516 3390,2560 3712,2503 3769,2538 3818,2489 3889,2529 4330,2516 4365,2511 4370,2330 4317,2295 4096,2344 3893,2322 3831,2375 3765,2322 3328,2370 3050,2335 2917,2375 2419,2330 2361,2366 2070,2383 1885,2344 1629,2392 1262,2339 1099,2388 1028,2353 834,2432" rendition="Line" xml:id="facs_15_tr_1_tl_9"/>
            <zone points="861,2754 1086,2728 1161,2772 1364,2719 1554,2767 1845,2714 1933,2767 2114,2710 2211,2772 2326,2714 2458,2759 2626,2719 2675,2759 2732,2714 3019,2741 3226,2688 3328,2741 3390,2701 3725,2714 3796,2675 3955,2710 4069,2675 4175,2754 4361,2701 4361,2511 4206,2494 3844,2542 3597,2511 3403,2569 3341,2516 3138,2551 2816,2511 2551,2591 2467,2533 2344,2573 2247,2529 2163,2578 2114,2529 1942,2573 1880,2529 1792,2556 1629,2520 1562,2569 1479,2538 1421,2591 1262,2542 1156,2595 953,2542 865,2569" rendition="Line" xml:id="facs_15_tr_1_tl_10"/>
            <zone points="900,2948 1249,2917 1306,2962 1377,2917 1743,2904 1827,2948 1999,2904 2388,2948 2586,2895 2661,2948 2737,2891 2917,2887 3072,2904 3125,2953 3231,2878 3284,2913 4365,2873 4365,2701 4321,2688 4175,2750 4047,2684 3800,2679 3394,2745 3204,2706 3147,2737 3098,2697 3019,2745 2732,2710 2688,2750 2622,2719 2467,2763 2379,2714 2211,2767 2123,2701 1938,2767 1730,2714 1554,2767 1337,2714 1161,2776 1090,2728 905,2745" rendition="Line" xml:id="facs_15_tr_1_tl_11"/>
            <zone points="896,3129 980,3160 1073,3094 1293,3085 1373,3156 1518,3147 1629,3085 1924,3134 1991,3085 2061,3116 2273,3076 2454,3138 2684,3076 2847,3112 3023,3085 3134,3138 3235,3081 3571,3121 3685,3076 3941,3107 4189,3068 4378,3116 4383,2860 4131,2900 3977,2869 3827,2917 3699,2878 3266,2913 3231,2873 3129,2948 3076,2909 2785,2940 2728,2909 2657,2948 2595,2891 2202,2953 2070,2904 1832,2948 1761,2900 1695,2940 1412,2909 1306,2966 1011,2917 900,2948" rendition="Line" xml:id="facs_15_tr_1_tl_12"/>
            <zone points="852,3310 1033,3332 1505,3266 1589,3332 1704,3275 1999,3328 2088,3284 2405,3271 2931,3275 3010,3315 3324,3249 3412,3301 3646,3253 4193,3293 4378,3240 4383,3121 4127,3072 3946,3107 3663,3076 3571,3116 3262,3081 3138,3138 3054,3090 2838,3081 2538,3090 2481,3138 2388,3094 2061,3116 2026,3081 1920,3138 1642,3085 1368,3160 1311,3098 1073,3098 980,3156 852,3129" rendition="Line" xml:id="facs_15_tr_1_tl_13"/>
            <zone points="861,3474 1121,3478 1187,3535 1298,3474 1929,3487 2039,3443 2114,3478 2198,3443 2330,3509 2441,3447 2653,3482 2834,3447 2904,3500 3191,3438 3540,3443 3580,3482 3897,3438 3968,3491 4056,3443 4127,3487 4374,3452 4374,3240 4189,3301 3646,3253 3421,3310 3328,3244 3010,3315 2931,3275 2533,3301 2410,3266 2088,3284 1999,3328 1761,3279 1554,3337 1364,3275 865,3328" rendition="Line" xml:id="facs_15_tr_1_tl_14"/>
            <zone points="883,3708 1148,3646 1359,3655 1434,3716 1620,3646 1832,3694 1876,3659 2127,3690 2392,3646 2931,3694 3147,3637 3275,3694 3443,3641 3747,3628 3805,3663 3866,3624 4348,3659 4392,3641 4396,3447 4127,3487 4052,3443 3972,3496 3919,3438 3619,3482 3182,3438 3085,3522 2745,3452 2626,3500 2441,3447 2361,3518 2092,3460 1430,3474 1271,3482 1174,3544 1112,3482 887,3487" rendition="Line" xml:id="facs_15_tr_1_tl_15"/>
            <zone points="870,3862 1214,3844 1293,3893 1355,3840 1399,3875 1554,3840 1708,3889 2123,3836 2516,3875 2842,3831 2940,3871 3059,3844 3134,3897 3390,3822 3624,3893 3774,3813 3875,3862 4017,3818 4405,3840 4405,3633 4312,3681 3933,3628 3293,3685 3143,3637 3081,3685 2869,3699 2392,3646 2101,3703 1695,3646 1434,3721 1359,3655 1148,3646 1011,3690 967,3663 870,3721" rendition="Line" xml:id="facs_15_tr_1_tl_16"/>
            <zone points="870,4056 1134,4065 1205,4025 1280,4069 1386,4030 1527,4078 1576,4030 1739,4021 1880,4078 2044,4017 2127,4074 2225,4012 2379,4069 2595,4017 2825,4087 2882,4030 3059,4008 3659,4056 4034,4021 4087,4056 4396,3999 4401,3840 4242,3809 3871,3858 3774,3813 3619,3893 3390,3822 3209,3844 3121,3906 3063,3844 2670,3831 2511,3875 2229,3831 1960,3880 1841,3849 1721,3915 1646,3844 1399,3875 1355,3844 1284,3902 1214,3840 870,3884" rendition="Line" xml:id="facs_15_tr_1_tl_17"/>
            <zone points="905,4273 1240,4215 1523,4281 1580,4224 1620,4250 1726,4206 2061,4277 2172,4206 2414,4242 2525,4206 2940,4250 3332,4224 3421,4259 3721,4197 4352,4220 4392,4206 4396,4043 4012,4061 3897,4017 3712,4065 3584,4021 3328,4047 3063,4008 2917,4021 2803,4087 2591,4017 2375,4069 2207,4012 2127,4074 2044,4017 1880,4083 1743,4021 1576,4034 1527,4083 1421,4030 1165,4047 1117,4092 909,4065" rendition="Line" xml:id="facs_15_tr_1_tl_18"/>
            <zone points="931,4423 1086,4405 1174,4453 1289,4405 1946,4401 2149,4458 2330,4401 2551,4458 2820,4401 2904,4453 2975,4401 3187,4436 3284,4387 3460,4436 3580,4392 3836,4418 4122,4378 4180,4418 4405,4374 4405,4206 4365,4202 3893,4237 3721,4197 3557,4268 3491,4215 3421,4259 3381,4224 2940,4250 2759,4206 2158,4220 2061,4273 1902,4264 1836,4215 1708,4268 1580,4224 1527,4277 1240,4215 936,4250" rendition="Line" xml:id="facs_15_tr_1_tl_19"/>
            <zone points="896,4634 1209,4595 1355,4634 1452,4586 1589,4648 1792,4581 1964,4617 2048,4581 2225,4617 2520,4590 2675,4643 2776,4604 2931,4639 3010,4581 3076,4617 3527,4590 3668,4626 3730,4581 4056,4608 4153,4573 4423,4626 4427,4370 4184,4418 4131,4383 3844,4418 3641,4387 3460,4436 3279,4387 3196,4436 2984,4401 2909,4453 2670,4414 2498,4458 2330,4405 2154,4458 1973,4405 1293,4409 1178,4453 1108,4409 900,4405" rendition="Line" xml:id="facs_15_tr_1_tl_20"/>
            <zone points="905,4798 1236,4833 1412,4785 1624,4815 2035,4771 2348,4815 2533,4785 2626,4829 2710,4776 2820,4820 2948,4776 3531,4811 3597,4767 3858,4815 3928,4767 4008,4833 4290,4771 4409,4807 4409,4626 4153,4568 4043,4612 3849,4581 3690,4621 3271,4590 3112,4652 3015,4586 2807,4648 2600,4599 2242,4617 2066,4581 1991,4639 1814,4581 1593,4643 1452,4590 1359,4634 1209,4595 905,4626" rendition="Line" xml:id="facs_15_tr_1_tl_21"/>
            <zone points="883,5041 998,5041 1077,4979 1333,5027 1382,4988 1735,4965 1832,5036 1986,4965 2057,5010 2172,4965 2375,4970 2529,5023 2604,4970 2984,5014 3054,4970 3249,5001 3549,4965 3783,4996 3853,4952 3933,4992 4405,4965 4405,4802 4303,4776 4008,4833 3924,4767 3858,4815 3606,4771 3531,4811 3249,4815 2710,4780 2631,4824 2026,4771 1580,4829 1483,4780 1249,4846 887,4798" rendition="Line" xml:id="facs_15_tr_1_tl_22"/>
            <zone points="905,5213 1081,5169 1218,5217 1337,5164 1487,5221 1633,5164 1849,5204 2048,5151 2397,5199 2529,5155 2714,5191 2909,5146 2984,5182 3037,5146 3332,5191 3377,5160 3425,5204 3593,5146 3791,5213 3959,5151 4409,5182 4414,4965 4325,4952 3959,4992 3844,4952 3787,5001 3553,4965 3169,5001 3059,4965 2962,5023 2803,4970 2714,5005 2582,4974 2529,5023 2366,4974 2057,5010 1986,4965 1832,5041 1761,4979 1452,4983 1390,5032 1117,4988 909,5054" rendition="Line" xml:id="facs_15_tr_1_tl_23"/>
            <zone points="900,5358 1196,5341 1461,5402 1593,5349 1938,5407 2070,5345 2432,5389 2732,5345 2820,5394 2993,5354 3072,5394 3593,5336 3681,5411 3769,5367 3818,5407 3919,5349 4414,5372 4414,5173 4069,5151 3791,5217 3694,5164 3557,5199 3509,5160 3425,5204 3377,5160 2997,5186 2904,5146 2401,5199 2052,5151 1845,5208 1633,5169 1496,5221 1342,5160 1293,5204 1143,5177 1086,5230 900,5221" rendition="Line" xml:id="facs_15_tr_1_tl_24"/>
            <zone points="918,5526 1024,5566 1249,5552 1311,5597 1373,5552 1510,5601 1549,5561 1739,5548 1827,5610 1898,5561 1955,5601 2136,5539 2353,5539 2467,5597 2626,5548 2997,5575 3301,5539 3368,5575 3478,5530 3606,5579 3650,5539 3769,5575 3822,5526 4109,5570 4445,5539 4449,5358 4330,5372 4224,5327 3813,5402 3774,5363 3685,5407 3584,5341 3482,5376 3209,5349 3076,5394 2701,5358 2516,5411 2379,5354 2017,5367 1942,5411 1633,5349 1457,5407 1201,5341 922,5376" rendition="Line" xml:id="facs_15_tr_1_tl_25"/>
            <zone points="914,5751 1329,5729 1399,5773 1571,5729 1708,5769 2172,5725 2229,5760 2366,5729 2741,5760 2944,5725 2988,5769 3844,5716 4074,5773 4211,5703 4462,5729 4462,5552 4405,5535 4317,5575 4197,5530 3968,5566 3822,5526 3774,5575 3650,5539 3602,5583 3478,5530 3368,5575 3306,5535 2957,5575 2609,5544 2467,5601 2348,5539 2136,5539 1836,5619 1739,5548 1501,5601 1390,5552 1306,5592 914,5526" rendition="Line" xml:id="facs_15_tr_1_tl_26"/>
            <zone points="914,5954 1236,5923 1337,5981 1408,5923 1598,5963 1673,5923 1770,5985 2026,5914 2233,5967 2454,5910 2498,5945 2661,5910 2701,5950 2913,5910 3160,5954 3606,5923 3721,5967 4445,5906 4445,5773 4215,5707 4083,5778 3849,5720 3646,5756 3094,5738 2979,5782 2825,5725 2741,5760 1849,5733 1682,5786 1576,5733 1399,5773 1214,5725 914,5751" rendition="Line" xml:id="facs_15_tr_1_tl_27"/>
            <zone points="927,6117 1942,6140 2008,6104 2092,6153 2366,6104 2586,6153 2865,6100 3434,6157 3641,6126 3681,6166 3805,6117 4017,6166 4281,6100 4387,6153 4453,6126 4453,5936 4356,5972 4281,5914 4140,5910 4069,5954 3796,5932 3761,5967 3610,5928 3421,5959 3368,5919 3160,5985 3090,5928 2917,5914 2679,5959 2454,5910 2233,5967 2026,5919 1770,5985 1664,5919 1562,5967 1412,5919 1337,5981 1236,5923 1134,5959 927,5936" rendition="Line" xml:id="facs_15_tr_1_tl_28"/>
            <zone points="927,6307 1205,6298 1324,6360 1479,6298 1995,6334 2626,6290 2697,6351 2772,6307 3076,6338 3279,6298 3350,6338 4056,6290 4250,6329 4453,6290 4453,6126 4383,6153 4321,6113 4061,6166 3482,6131 3385,6179 3271,6131 3050,6157 2851,6104 2282,6162 2136,6113 2092,6153 2008,6104 1920,6144 1664,6104 927,6131" rendition="Line" xml:id="facs_15_tr_1_tl_29"/>
            <zone points="927,6537 1064,6493 1196,6554 1364,6488 1629,6528 1757,6488 1916,6528 2202,6488 2529,6528 2719,6488 2944,6537 3231,6488 3597,6563 3849,6497 4021,6537 4069,6501 4453,6497 4458,6290 4339,6351 4052,6285 3955,6329 3668,6303 3557,6373 3482,6303 3350,6334 3297,6298 2776,6307 2701,6351 2626,6290 2498,6329 2326,6294 1699,6307 1646,6351 1479,6303 1315,6360 1205,6298 931,6312" rendition="Line" xml:id="facs_15_tr_1_tl_30"/>
            <zone points="914,6749 1050,6687 1192,6696 1267,6753 1567,6691 1898,6687 1986,6744 2154,6696 2392,6815 2675,6704 2909,6678 3173,6806 3288,6709 3403,6788 3531,6713 3725,6802 3933,6700 4449,6691 4449,6537 4122,6501 3968,6537 3813,6501 3597,6563 3390,6506 3332,6541 3271,6493 2993,6537 2573,6497 2533,6537 2383,6501 2255,6532 2202,6488 1960,6537 1536,6488 1148,6550 1015,6488 914,6537" rendition="Line" xml:id="facs_15_tr_1_tl_31"/>
         </zone>
      </surface>
      <surface lrx="5503" lry="8255" ulx="0" uly="0" xml:id="facs_16">
         <!--<graphic height="8255px" url="69062834.jpg" width="5503px"/>-->
         <graphic height="8255px" url="https://files.transkribus.eu/Get?id=TFYXCPMJEQVONADTEXLQQJJS&amp;fileType=view" width="5503px"/>
         <zone points="1009,1249 4569,1249 4569,4810 1009,4810" rendition="TextRegion" xml:id="facs_16_TextRegion_1719401910193_189">
            <zone points="1016,1390 1232,1416 1324,1372 1416,1438 1562,1372 1663,1408 1887,1377 2006,1425 2296,1364 2353,1421 2498,1368 2564,1421 2705,1390 2754,1421 2833,1377 3000,1399 3119,1359 3523,1434 3721,1372 3845,1447 3910,1394 4016,1425 4130,1381 4271,1443 4320,1394 4509,1394 4509,1192 4311,1227 4012,1152 3765,1236 3466,1122 3356,1174 3123,1073 2996,1170 2837,1122 2670,1223 2424,1056 2226,1214 2015,1060 1918,1108 1856,1082 1742,1196 1667,1144 1438,1179 1293,1113 1232,1157 1012,1117" rendition="Line" xml:id="facs_16_tr_1_tl_1">
               <zone points="1073,1307 1073,1367 1710,1367 1710,1307" type="word" xml:id="facs_16_tr_1_tl_1_w1"/>
               <zone points="1784,1309 1784,1369 2114,1369 2114,1309" type="word" xml:id="facs_16_tr_1_tl_1_w2"/>
               <zone points="2188,1304 2188,1364 2493,1364 2493,1304" type="word" xml:id="facs_16_tr_1_tl_1_w3"/>
               <zone points="2567,1303 2567,1363 3160,1363 3160,1303" type="word" xml:id="facs_16_tr_1_tl_1_w4"/>
               <zone points="3258,1319 3258,1379 3706,1379 3706,1319" type="word" xml:id="facs_16_tr_1_tl_1_w5"/>
               <zone points="3780,1324 3780,1384 3801,1384 3801,1324" type="word" xml:id="facs_16_tr_1_tl_1_w6"/>
               <zone points="3828,1331 3828,1391 4441,1391 4441,1331" type="word" xml:id="facs_16_tr_1_tl_1_w7"/>
            </zone>
            <zone points="999,1592 1210,1619 1504,1557 1676,1619 1790,1570 1993,1606 2054,1566 2340,1632 2578,1557 2837,1610 3202,1575 3273,1632 3321,1592 3550,1619 3633,1566 3871,1623 4016,1566 4047,1597 4386,1575 4504,1628 4504,1386 4390,1434 4324,1394 4271,1447 4130,1386 4016,1425 3919,1394 3845,1447 3726,1377 3642,1425 3400,1394 3334,1438 3180,1377 3079,1430 2903,1368 2754,1421 2705,1386 2556,1425 2450,1394 2345,1434 2243,1372 2010,1425 1887,1377 1781,1416 1570,1368 1408,1438 1324,1372 1174,1430 999,1425" rendition="Line" xml:id="facs_16_tr_1_tl_2">
               <zone points="1035,1508 1035,1568 1447,1568 1447,1508" type="word" xml:id="facs_16_tr_1_tl_2_w1"/>
               <zone points="1519,1503 1519,1563 2330,1563 2330,1503" type="word" xml:id="facs_16_tr_1_tl_2_w2"/>
               <zone points="2402,1501 2402,1561 2722,1561 2722,1501" type="word" xml:id="facs_16_tr_1_tl_2_w3"/>
               <zone points="2820,1508 2820,1568 3813,1568 3813,1508" type="word" xml:id="facs_16_tr_1_tl_2_w4"/>
               <zone points="3885,1518 3885,1578 4439,1578 4439,1518" type="word" xml:id="facs_16_tr_1_tl_2_w5"/>
            </zone>
            <zone points="1003,1773 1315,1799 1438,1751 1544,1808 1883,1746 2107,1812 2578,1751 2736,1799 2938,1764 3101,1803 3387,1733 3479,1799 3739,1760 3968,1821 4214,1746 4293,1808 4496,1817 4496,1619 4390,1579 3858,1619 3642,1562 3545,1619 3321,1592 3268,1632 3207,1579 2837,1610 2569,1557 2314,1641 2265,1606 2006,1614 1962,1575 1619,1619 1504,1557 1350,1623 1003,1606" rendition="Line" xml:id="facs_16_tr_1_tl_3">
               <zone points="1037,1698 1037,1758 1302,1758 1302,1698" type="word" xml:id="facs_16_tr_1_tl_3_w1"/>
               <zone points="1372,1700 1372,1760 1950,1760 1950,1700" type="word" xml:id="facs_16_tr_1_tl_3_w2"/>
               <zone points="2042,1695 2042,1755 2265,1755 2265,1695" type="word" xml:id="facs_16_tr_1_tl_3_w3"/>
               <zone points="2335,1693 2335,1753 2868,1753 2868,1693" type="word" xml:id="facs_16_tr_1_tl_3_w4"/>
               <zone points="2937,1694 2937,1754 2957,1754 2957,1694" type="word" xml:id="facs_16_tr_1_tl_3_w5"/>
               <zone points="3004,1692 3004,1752 3202,1752 3202,1692" type="word" xml:id="facs_16_tr_1_tl_3_w6"/>
               <zone points="3295,1692 3295,1752 3495,1752 3495,1692" type="word" xml:id="facs_16_tr_1_tl_3_w7"/>
               <zone points="3565,1693 3565,1753 4076,1753 4076,1693" type="word" xml:id="facs_16_tr_1_tl_3_w8"/>
               <zone points="4123,1704 4123,1764 4478,1764 4478,1704" type="word" xml:id="facs_16_tr_1_tl_3_w9"/>
            </zone>
            <zone points="990,1953 1214,1953 1254,1993 1465,1966 1526,2006 1601,1957 1733,2001 1821,1944 1878,1988 2098,1931 2353,1957 2419,2006 2776,2001 2912,1927 3198,1997 3598,1988 3695,1931 3783,1988 3880,1949 4038,1993 4139,1949 4262,1997 4509,1979 4509,1817 4280,1812 4236,1773 4086,1817 4020,1781 3968,1825 3743,1773 3334,1786 3268,1733 3097,1803 2608,1760 2265,1821 2081,1781 1913,1817 1764,1768 1680,1808 1421,1768 990,1821" rendition="Line" xml:id="facs_16_tr_1_tl_4">
               <zone points="1023,1888 1023,1948 1194,1948 1194,1888" type="word" xml:id="facs_16_tr_1_tl_4_w1"/>
               <zone points="1283,1890 1283,1950 1844,1950 1844,1890" type="word" xml:id="facs_16_tr_1_tl_4_w2"/>
               <zone points="1912,1883 1912,1943 2191,1943 2191,1883" type="word" xml:id="facs_16_tr_1_tl_4_w3"/>
               <zone points="2259,1881 2259,1941 2779,1941 2779,1881" type="word" xml:id="facs_16_tr_1_tl_4_w4"/>
               <zone points="2868,1883 2868,1943 2887,1943 2887,1883" type="word" xml:id="facs_16_tr_1_tl_4_w5"/>
               <zone points="2977,1884 2977,1944 3234,1944 3234,1884" type="word" xml:id="facs_16_tr_1_tl_4_w6"/>
               <zone points="3323,1888 3323,1948 3603,1948 3603,1888" type="word" xml:id="facs_16_tr_1_tl_4_w7"/>
               <zone points="3692,1883 3692,1943 3884,1943 3884,1883" type="word" xml:id="facs_16_tr_1_tl_4_w8"/>
               <zone points="3996,1889 3996,1949 4426,1949 4426,1889" type="word" xml:id="facs_16_tr_1_tl_4_w9"/>
            </zone>
            <zone points="1012,2169 1157,2195 1271,2151 1412,2204 1680,2138 1724,2182 1940,2191 2045,2129 2217,2204 2362,2142 2446,2177 2736,2103 2965,2182 3136,2138 3457,2186 3594,2133 3704,2186 3893,2129 3959,2186 4073,2155 4174,2195 4500,2129 4500,1988 4284,2006 4139,1949 4060,2010 3880,1953 3761,1979 3686,1931 3607,1993 3347,1966 3189,2015 3062,1993 2978,1922 2828,2001 2419,2006 2120,1931 1918,2006 1628,1957 1535,2006 1016,1966" rendition="Line" xml:id="facs_16_tr_1_tl_5">
               <zone points="1047,2091 1047,2151 1677,2151 1677,2091" type="word" xml:id="facs_16_tr_1_tl_5_w1"/>
               <zone points="1793,2080 1793,2140 2015,2140 2015,2080" type="word" xml:id="facs_16_tr_1_tl_5_w2"/>
               <zone points="2085,2067 2085,2127 2809,2127 2809,2067" type="word" xml:id="facs_16_tr_1_tl_5_w3"/>
               <zone points="2834,2070 2834,2130 3147,2130 3147,2070" type="word" xml:id="facs_16_tr_1_tl_5_w4"/>
               <zone points="3217,2075 3217,2135 3963,2135 3963,2075" type="word" xml:id="facs_16_tr_1_tl_5_w5"/>
               <zone points="4079,2067 4079,2127 4481,2127 4481,2067" type="word" xml:id="facs_16_tr_1_tl_5_w6"/>
            </zone>
            <zone points="999,2345 1724,2380 2023,2345 2067,2375 2147,2336 2411,2371 2468,2331 2683,2375 2969,2314 3057,2375 3400,2331 4060,2380 4249,2309 4364,2375 4496,2380 4500,2164 4205,2195 4064,2155 3968,2191 3862,2129 3708,2186 3541,2142 3330,2191 3110,2133 3018,2186 2622,2138 2450,2182 2349,2138 2221,2199 2041,2129 1944,2191 1672,2151 1425,2213 1271,2155 999,2191" rendition="Line" xml:id="facs_16_tr_1_tl_6">
               <zone points="1033,2277 1033,2337 1346,2337 1346,2277" type="word" xml:id="facs_16_tr_1_tl_6_w1"/>
               <zone points="1438,2267 1438,2327 2248,2327 2248,2267" type="word" xml:id="facs_16_tr_1_tl_6_w2"/>
               <zone points="2296,2264 2296,2324 3196,2324 3196,2264" type="word" xml:id="facs_16_tr_1_tl_6_w3"/>
               <zone points="3244,2265 3244,2325 3286,2325 3286,2265" type="word" xml:id="facs_16_tr_1_tl_6_w4"/>
               <zone points="3334,2263 3334,2323 3716,2323 3716,2263" type="word" xml:id="facs_16_tr_1_tl_6_w5"/>
               <zone points="3787,2265 3787,2325 4166,2325 4166,2265" type="word" xml:id="facs_16_tr_1_tl_6_w6"/>
               <zone points="4237,2265 4237,2325 4436,2325 4436,2265" type="word" xml:id="facs_16_tr_1_tl_6_w7"/>
            </zone>
            <zone points="1016,2560 2191,2564 2261,2529 2314,2560 2424,2498 2529,2556 2661,2503 2890,2569 3031,2560 3119,2498 3224,2542 3361,2503 3471,2569 3589,2512 3735,2512 3805,2560 4518,2516 4518,2380 4368,2375 4249,2309 4086,2389 3954,2353 3510,2371 3396,2331 3062,2375 2956,2318 2771,2375 1016,2353" rendition="Line" xml:id="facs_16_tr_1_tl_7">
               <zone points="1071,2469 1071,2529 1575,2529 1575,2469" type="word" xml:id="facs_16_tr_1_tl_7_w1"/>
               <zone points="1643,2462 1643,2522 2256,2522 2256,2462" type="word" xml:id="facs_16_tr_1_tl_7_w2"/>
               <zone points="2325,2459 2325,2519 2366,2519 2366,2459" type="word" xml:id="facs_16_tr_1_tl_7_w3"/>
               <zone points="2390,2454 2390,2514 2631,2514 2631,2454" type="word" xml:id="facs_16_tr_1_tl_7_w4"/>
               <zone points="2699,2450 2699,2510 2894,2510 2894,2450" type="word" xml:id="facs_16_tr_1_tl_7_w5"/>
               <zone points="2984,2454 2984,2514 3534,2514 3534,2454" type="word" xml:id="facs_16_tr_1_tl_7_w6"/>
               <zone points="3624,2450 3624,2510 3841,2510 3841,2450" type="word" xml:id="facs_16_tr_1_tl_7_w7"/>
               <zone points="3931,2454 3931,2514 4016,2514 4016,2454" type="word" xml:id="facs_16_tr_1_tl_7_w8"/>
               <zone points="4109,2452 4109,2512 4434,2512 4434,2452" type="word" xml:id="facs_16_tr_1_tl_7_w9"/>
            </zone>
            <zone points="1021,2745 1148,2714 1267,2771 1390,2718 1751,2771 1883,2710 2199,2771 2494,2714 2564,2762 2661,2705 2732,2754 2806,2718 2859,2749 2987,2688 3158,2749 3242,2701 3400,2745 3559,2696 3620,2758 4012,2710 4126,2745 4522,2723 4526,2507 4113,2564 3805,2560 3735,2512 3466,2564 3374,2507 3224,2547 3119,2503 3031,2564 2776,2520 2639,2573 2428,2498 2195,2578 2151,2542 1817,2542 1645,2591 1509,2551 1025,2560" rendition="Line" xml:id="facs_16_tr_1_tl_8">
               <zone points="1055,2665 1055,2725 1743,2725 1743,2665" type="word" xml:id="facs_16_tr_1_tl_8_w1"/>
               <zone points="1835,2653 1835,2713 2277,2713 2277,2653" type="word" xml:id="facs_16_tr_1_tl_8_w2"/>
               <zone points="2325,2645 2325,2705 2859,2705 2859,2645" type="word" xml:id="facs_16_tr_1_tl_8_w3"/>
               <zone points="2929,2643 2929,2703 3015,2703 3015,2643" type="word" xml:id="facs_16_tr_1_tl_8_w4"/>
               <zone points="3107,2641 3107,2701 3416,2701 3416,2641" type="word" xml:id="facs_16_tr_1_tl_8_w5"/>
               <zone points="3508,2641 3508,2701 3661,2701 3661,2641" type="word" xml:id="facs_16_tr_1_tl_8_w6"/>
               <zone points="3709,2641 3709,2701 4040,2701 4040,2641" type="word" xml:id="facs_16_tr_1_tl_8_w7"/>
               <zone points="4087,2641 4087,2701 4129,2701 4129,2641" type="word" xml:id="facs_16_tr_1_tl_8_w8"/>
               <zone points="4154,2641 4154,2701 4307,2701 4307,2641" type="word" xml:id="facs_16_tr_1_tl_8_w9"/>
               <zone points="4355,2640 4355,2700 4419,2700 4419,2640" type="word" xml:id="facs_16_tr_1_tl_8_w10"/>
            </zone>
            <zone points="1012,2899 1355,2960 1667,2921 1711,2956 1768,2912 1993,2947 2054,2899 2274,2947 2393,2903 2696,2943 2868,2899 2956,2943 3264,2943 3396,2868 3840,2947 3954,2903 4315,2938 4372,2890 4504,2899 4509,2701 4447,2696 4284,2745 4020,2705 3655,2749 3559,2692 3317,2754 3242,2696 3158,2749 2987,2705 2868,2762 2652,2705 2564,2758 2393,2718 2309,2776 2010,2727 1751,2771 1394,2723 1262,2771 1152,2718 1016,2749" rendition="Line" xml:id="facs_16_tr_1_tl_9">
               <zone points="1071,2851 1071,2911 1417,2911 1417,2851" type="word" xml:id="facs_16_tr_1_tl_9_w1"/>
               <zone points="1467,2850 1467,2910 1720,2910 1720,2850" type="word" xml:id="facs_16_tr_1_tl_9_w2"/>
               <zone points="1793,2839 1793,2899 2395,2899 2395,2839" type="word" xml:id="facs_16_tr_1_tl_9_w3"/>
               <zone points="2444,2833 2444,2893 2791,2893 2791,2833" type="word" xml:id="facs_16_tr_1_tl_9_w4"/>
               <zone points="2887,2833 2887,2893 2977,2893 2977,2833" type="word" xml:id="facs_16_tr_1_tl_9_w5"/>
               <zone points="3049,2828 3049,2888 3675,2888 3675,2828" type="word" xml:id="facs_16_tr_1_tl_9_w6"/>
               <zone points="3771,2827 3771,2887 4210,2887 4210,2827" type="word" xml:id="facs_16_tr_1_tl_9_w7"/>
               <zone points="4283,2827 4283,2887 4303,2887 4303,2827" type="word" xml:id="facs_16_tr_1_tl_9_w8"/>
               <zone points="4329,2819 4329,2879 4489,2879 4489,2819" type="word" xml:id="facs_16_tr_1_tl_9_w9"/>
            </zone>
            <zone points="999,3136 1346,3136 1390,3097 1949,3150 2169,3101 2235,3136 2309,3088 2472,3141 2529,3097 2828,3128 3286,3070 3356,3119 3413,3088 3559,3136 3845,3066 3924,3123 4056,3123 4174,3053 4469,3132 4522,3119 4526,2938 4377,2890 4324,2934 3954,2903 3840,2947 3506,2881 3409,2943 3339,2881 3268,2943 3158,2947 2960,2943 2872,2894 2696,2947 2415,2908 2309,2947 2094,2934 2059,2899 1927,2952 1821,2916 1632,2960 1003,2934" rendition="Line" xml:id="facs_16_tr_1_tl_10">
               <zone points="1033,3048 1033,3108 1142,3108 1142,3048" type="word" xml:id="facs_16_tr_1_tl_10_w1"/>
               <zone points="1212,3048 1212,3108 1522,3108 1522,3048" type="word" xml:id="facs_16_tr_1_tl_10_w2"/>
               <zone points="1595,3044 1595,3104 1703,3104 1703,3044" type="word" xml:id="facs_16_tr_1_tl_10_w3"/>
               <zone points="1796,3036 1796,3096 1972,3096 1972,3036" type="word" xml:id="facs_16_tr_1_tl_10_w4"/>
               <zone points="2108,3035 2108,3095 2399,3095 2399,3035" type="word" xml:id="facs_16_tr_1_tl_10_w5"/>
               <zone points="2469,3025 2469,3085 2511,3085 2511,3025" type="word" xml:id="facs_16_tr_1_tl_10_w6"/>
               <zone points="2536,3024 2536,3084 2759,3084 2759,3024" type="word" xml:id="facs_16_tr_1_tl_10_w7"/>
               <zone points="2829,3021 2829,3081 2960,3081 2960,3021" type="word" xml:id="facs_16_tr_1_tl_10_w8"/>
               <zone points="3030,3018 3030,3078 3611,3078 3611,3018" type="word" xml:id="facs_16_tr_1_tl_10_w9"/>
               <zone points="3636,3006 3636,3066 3678,3066 3678,3006" type="word" xml:id="facs_16_tr_1_tl_10_w10"/>
               <zone points="3703,3009 3703,3069 3879,3069 3879,3009" type="word" xml:id="facs_16_tr_1_tl_10_w11"/>
               <zone points="3952,3006 3952,3066 4105,3066 4105,3006" type="word" xml:id="facs_16_tr_1_tl_10_w12"/>
               <zone points="4198,3000 4198,3060 4485,3060 4485,3000" type="word" xml:id="facs_16_tr_1_tl_10_w13"/>
            </zone>
            <zone points="985,3303 2217,3339 2463,3312 2534,3259 2881,3334 2987,3281 3062,3330 3132,3281 3308,3321 3686,3308 3801,3251 4042,3229 4179,3330 4328,3255 4522,3242 4526,3119 4372,3128 4205,3053 4060,3119 3924,3123 3823,3062 3743,3119 3567,3132 3255,3075 3000,3132 2736,3097 2419,3145 2318,3092 2235,3136 2169,3101 1949,3150 1390,3097 985,3180" rendition="Line" xml:id="facs_16_tr_1_tl_11">
               <zone points="1020,3235 1020,3295 1155,3295 1155,3235" type="word" xml:id="facs_16_tr_1_tl_11_w1"/>
               <zone points="1342,3235 1342,3295 1845,3295 1845,3235" type="word" xml:id="facs_16_tr_1_tl_11_w2"/>
               <zone points="1916,3225 1916,3285 2442,3285 2442,3225" type="word" xml:id="facs_16_tr_1_tl_11_w3"/>
               <zone points="2491,3216 2491,3276 2534,3276 2534,3216" type="word" xml:id="facs_16_tr_1_tl_11_w4"/>
               <zone points="2560,3214 2560,3274 2741,3274 2741,3214" type="word" xml:id="facs_16_tr_1_tl_11_w5"/>
               <zone points="2835,3208 2835,3268 3407,3268 3407,3208" type="word" xml:id="facs_16_tr_1_tl_11_w6"/>
               <zone points="3502,3200 3502,3260 3568,3260 3568,3200" type="word" xml:id="facs_16_tr_1_tl_11_w7"/>
               <zone points="3662,3191 3662,3251 4004,3251 4004,3191" type="word" xml:id="facs_16_tr_1_tl_11_w8"/>
               <zone points="4053,3187 4053,3247 4487,3247 4487,3187" type="word" xml:id="facs_16_tr_1_tl_11_w9"/>
            </zone>
            <zone points="985,3506 1377,3545 1746,3519 1817,3471 1927,3519 2072,3479 2147,3528 2428,3471 2718,3515 2921,3501 3009,3449 3189,3510 3440,3431 3620,3475 3721,3435 4056,3431 4126,3471 4205,3435 4267,3488 4412,3501 4513,3471 4518,3290 4333,3251 4179,3330 3994,3259 3941,3295 3840,3233 3686,3308 3312,3330 3136,3281 3044,3330 2978,3281 2877,3334 2512,3268 2287,3334 1452,3312 1108,3374 990,3303" rendition="Line" xml:id="facs_16_tr_1_tl_12">
               <zone points="1022,3430 1022,3490 1163,3490 1163,3430" type="word" xml:id="facs_16_tr_1_tl_12_w1"/>
               <zone points="1261,3430 1261,3490 2074,3490 2074,3430" type="word" xml:id="facs_16_tr_1_tl_12_w2"/>
               <zone points="2173,3412 2173,3472 2962,3472 2962,3412" type="word" xml:id="facs_16_tr_1_tl_12_w3"/>
               <zone points="3036,3391 3036,3451 3706,3451 3706,3391" type="word" xml:id="facs_16_tr_1_tl_12_w4"/>
               <zone points="3757,3388 3757,3448 4020,3448 4020,3388" type="word" xml:id="facs_16_tr_1_tl_12_w5"/>
               <zone points="4094,3387 4094,3447 4282,3447 4282,3387" type="word" xml:id="facs_16_tr_1_tl_12_w6"/>
               <zone points="4333,3380 4333,3440 4474,3440 4474,3380" type="word" xml:id="facs_16_tr_1_tl_12_w7"/>
            </zone>
            <zone points="1003,3704 1240,3743 1469,3682 1526,3735 1645,3743 1790,3682 2120,3726 2657,3651 3158,3699 3523,3616 3651,3686 3968,3638 4117,3682 4306,3620 4487,3682 4522,3488 4350,3501 4245,3444 4117,3471 4051,3431 3954,3497 3858,3453 3669,3493 3519,3466 3462,3506 3405,3457 3057,3528 2982,3466 2776,3523 2428,3471 2147,3523 2032,3479 1874,3515 1812,3471 1746,3519 1377,3541 1007,3497" rendition="Line" xml:id="facs_16_tr_1_tl_13">
               <zone points="1042,3627 1042,3687 1512,3687 1512,3627" type="word" xml:id="facs_16_tr_1_tl_13_w1"/>
               <zone points="1590,3622 1590,3682 1886,3682 1886,3622" type="word" xml:id="facs_16_tr_1_tl_13_w2"/>
               <zone points="1939,3609 1939,3669 2483,3669 2483,3609" type="word" xml:id="facs_16_tr_1_tl_13_w3"/>
               <zone points="2586,3597 2586,3657 2608,3657 2608,3597" type="word" xml:id="facs_16_tr_1_tl_13_w4"/>
               <zone points="2661,3593 2661,3653 2981,3653 2981,3593" type="word" xml:id="facs_16_tr_1_tl_13_w5"/>
               <zone points="3059,3578 3059,3638 3679,3638 3679,3578" type="word" xml:id="facs_16_tr_1_tl_13_w6"/>
               <zone points="3781,3572 3781,3632 3928,3632 3928,3572" type="word" xml:id="facs_16_tr_1_tl_13_w7"/>
               <zone points="3981,3570 3981,3630 4276,3630 4276,3570" type="word" xml:id="facs_16_tr_1_tl_13_w8"/>
               <zone points="4354,3558 4354,3618 4426,3618 4426,3558" type="word" xml:id="facs_16_tr_1_tl_13_w9"/>
            </zone>
            <zone points="985,3924 1245,3928 1302,3888 1755,3919 2019,3845 2142,3906 2248,3867 2411,3910 2578,3849 2657,3888 3088,3888 3150,3836 3224,3880 3532,3823 3677,3875 3910,3809 4201,3862 4469,3849 4504,3840 4509,3686 4276,3682 4179,3629 4047,3691 3976,3638 3664,3691 3330,3651 3119,3721 3062,3677 2674,3651 2516,3699 2279,3677 2204,3730 1869,3721 1830,3682 1641,3743 1531,3735 1474,3682 1298,3739 990,3717" rendition="Line" xml:id="facs_16_tr_1_tl_14">
               <zone points="1047,3815 1047,3875 1525,3875 1525,3815" type="word" xml:id="facs_16_tr_1_tl_14_w1"/>
               <zone points="1600,3807 1600,3867 2103,3867 2103,3807" type="word" xml:id="facs_16_tr_1_tl_14_w2"/>
               <zone points="2226,3794 2226,3854 2343,3854 2343,3794" type="word" xml:id="facs_16_tr_1_tl_14_w3"/>
               <zone points="2443,3790 2443,3850 2608,3850 2608,3790" type="word" xml:id="facs_16_tr_1_tl_14_w4"/>
               <zone points="2659,3776 2659,3836 3502,3836 3502,3776" type="word" xml:id="facs_16_tr_1_tl_14_w5"/>
               <zone points="3553,3766 3553,3826 3598,3826 3598,3766" type="word" xml:id="facs_16_tr_1_tl_14_w6"/>
               <zone points="3625,3764 3625,3824 3863,3824 3863,3764" type="word" xml:id="facs_16_tr_1_tl_14_w7"/>
               <zone points="3938,3757 3938,3817 4200,3817 4200,3757" type="word" xml:id="facs_16_tr_1_tl_14_w8"/>
               <zone points="4251,3740 4251,3800 4464,3800 4464,3740" type="word" xml:id="facs_16_tr_1_tl_14_w9"/>
            </zone>
            <zone points="1016,4117 1122,4060 1205,4100 1645,4117 1979,4056 2485,4095 2586,4034 2723,4086 2842,4082 2912,4029 3097,4078 3259,4007 3418,4016 3466,4064 3616,4007 3704,4060 3950,4003 4078,4051 4518,4034 4522,3853 3941,3853 3867,3814 3682,3880 3532,3827 3224,3880 3150,3836 3013,3893 2630,3888 2578,3845 2419,3915 2358,3880 2235,3915 2019,3845 1760,3919 1667,3888 1025,3924" rendition="Line" xml:id="facs_16_tr_1_tl_15">
               <zone points="1080,4009 1080,4069 1598,4069 1598,4009" type="word" xml:id="facs_16_tr_1_tl_15_w1"/>
               <zone points="1701,4001 1701,4061 1871,4061 1871,4001" type="word" xml:id="facs_16_tr_1_tl_15_w2"/>
               <zone points="1899,3993 1899,4053 2219,4053 2219,3993" type="word" xml:id="facs_16_tr_1_tl_15_w3"/>
               <zone points="2297,3989 2297,4049 2318,4049 2318,3989" type="word" xml:id="facs_16_tr_1_tl_15_w4"/>
               <zone points="2371,3984 2371,4044 2542,4044 2542,3984" type="word" xml:id="facs_16_tr_1_tl_15_w5"/>
               <zone points="2620,3977 2620,4037 2815,4037 2815,3977" type="word" xml:id="facs_16_tr_1_tl_15_w6"/>
               <zone points="2893,3970 2893,4030 2914,4030 2914,3970" type="word" xml:id="facs_16_tr_1_tl_15_w7"/>
               <zone points="2942,3961 2942,4021 3361,4021 3361,3961" type="word" xml:id="facs_16_tr_1_tl_15_w8"/>
               <zone points="3439,3950 3439,4010 4181,4010 4181,3950" type="word" xml:id="facs_16_tr_1_tl_15_w9"/>
               <zone points="4234,3938 4234,3998 4429,3998 4429,3938" type="word" xml:id="facs_16_tr_1_tl_15_w10"/>
            </zone>
            <zone points="1016,4271 1232,4302 1531,4271 1821,4324 2010,4271 2098,4298 2235,4262 2331,4302 2459,4218 2639,4271 2714,4218 2960,4201 3092,4267 3435,4249 3523,4201 3589,4258 3708,4183 3818,4245 4091,4192 4227,4232 4342,4179 4487,4223 4496,4016 4100,4056 3990,3994 3708,4060 3620,4007 3440,4069 3383,4016 3264,4007 3101,4082 2921,4047 2868,4095 2608,4029 2472,4100 1971,4060 1663,4122 1381,4078 1021,4117" rendition="Line" xml:id="facs_16_tr_1_tl_16">
               <zone points="1059,4210 1059,4270 1562,4270 1562,4210" type="word" xml:id="facs_16_tr_1_tl_16_w1"/>
               <zone points="1672,4192 1672,4252 2258,4252 2258,4192" type="word" xml:id="facs_16_tr_1_tl_16_w2"/>
               <zone points="2341,4172 2341,4232 2790,4232 2790,4172" type="word" xml:id="facs_16_tr_1_tl_16_w3"/>
               <zone points="2900,4162 2900,4222 2924,4222 2924,4162" type="word" xml:id="facs_16_tr_1_tl_16_w4"/>
               <zone points="2980,4156 2980,4216 3190,4216 3190,4156" type="word" xml:id="facs_16_tr_1_tl_16_w5"/>
               <zone points="3273,4141 3273,4201 4179,4201 4179,4141" type="word" xml:id="facs_16_tr_1_tl_16_w6"/>
               <zone points="4236,4120 4236,4180 4472,4180 4472,4120" type="word" xml:id="facs_16_tr_1_tl_16_w7"/>
            </zone>
            <zone points="1025,4491 1100,4460 1245,4518 1452,4452 1553,4482 1601,4438 1711,4509 1922,4438 2041,4469 2138,4416 2235,4469 2525,4478 2644,4408 2771,4434 2881,4399 2947,4452 3075,4452 3136,4399 3334,4460 3633,4377 3783,4438 3902,4377 3950,4425 4284,4390 4421,4430 4487,4412 4496,4227 4394,4232 4302,4174 4223,4232 4148,4240 4086,4188 4029,4232 3972,4201 3796,4240 3713,4183 3594,4258 3519,4205 3466,4249 3092,4267 2754,4210 2639,4276 2419,4218 2327,4284 1909,4280 1825,4324 1491,4276 1029,4284" rendition="Line" xml:id="facs_16_tr_1_tl_17">
               <zone points="1060,4404 1060,4464 1678,4464 1678,4404" type="word" xml:id="facs_16_tr_1_tl_17_w1"/>
               <zone points="1749,4382 1749,4442 2298,4442 2298,4382" type="word" xml:id="facs_16_tr_1_tl_17_w2"/>
               <zone points="2370,4362 2370,4422 2642,4422 2642,4362" type="word" xml:id="facs_16_tr_1_tl_17_w3"/>
               <zone points="2691,4348 2691,4408 3148,4408 3148,4348" type="word" xml:id="facs_16_tr_1_tl_17_w4"/>
               <zone points="3242,4338 3242,4398 3515,4398 3515,4338" type="word" xml:id="facs_16_tr_1_tl_17_w5"/>
               <zone points="3587,4325 3587,4385 3791,4385 3791,4325" type="word" xml:id="facs_16_tr_1_tl_17_w6"/>
               <zone points="3839,4320 3839,4380 3997,4380 3997,4320" type="word" xml:id="facs_16_tr_1_tl_17_w7"/>
               <zone points="4046,4314 4046,4374 4411,4374 4411,4314" type="word" xml:id="facs_16_tr_1_tl_17_w8"/>
               <zone points="4460,4299 4460,4359 4480,4359 4480,4299" type="word" xml:id="facs_16_tr_1_tl_17_w9"/>
            </zone>
            <zone points="1021,4715 1174,4649 1271,4693 1350,4645 1535,4693 1724,4614 1834,4671 2345,4671 2802,4605 2868,4645 2930,4601 3224,4641 3365,4575 3488,4632 3774,4588 3853,4623 4042,4566 4144,4645 4342,4610 4518,4649 4526,4342 4333,4430 4280,4386 3937,4430 3884,4381 3805,4438 3598,4394 3321,4456 3202,4399 2947,4452 2833,4390 2745,4452 2644,4408 2525,4478 2235,4474 2142,4416 1997,4491 1913,4434 1702,4509 1601,4434 1553,4482 1447,4456 1223,4518 1095,4460 1029,4496" rendition="Line" xml:id="facs_16_tr_1_tl_18">
               <zone points="1064,4597 1064,4657 1140,4657 1140,4597" type="word" xml:id="facs_16_tr_1_tl_18_w1"/>
               <zone points="1224,4578 1224,4638 1859,4638 1859,4578" type="word" xml:id="facs_16_tr_1_tl_18_w2"/>
               <zone points="1889,4562 1889,4622 2448,4622 2448,4562" type="word" xml:id="facs_16_tr_1_tl_18_w3"/>
               <zone points="2532,4547 2532,4607 2555,4607 2555,4547" type="word" xml:id="facs_16_tr_1_tl_18_w4"/>
               <zone points="2585,4541 2585,4601 2901,4601 2901,4541" type="word" xml:id="facs_16_tr_1_tl_18_w5"/>
               <zone points="2958,4530 2958,4590 3410,4590 3410,4530" type="word" xml:id="facs_16_tr_1_tl_18_w6"/>
               <zone points="3494,4504 3494,4564 4236,4564 4236,4504" type="word" xml:id="facs_16_tr_1_tl_18_w7"/>
               <zone points="4319,4490 4319,4550 4449,4550 4449,4490" type="word" xml:id="facs_16_tr_1_tl_18_w8"/>
            </zone>
            <zone points="1055,4850 2221,4869 2450,4847 2503,4795 2573,4834 2701,4777 2899,4843 3128,4768 3215,4825 3541,4755 3669,4755 3748,4808 4034,4755 4038,4566 3937,4619 3765,4588 3616,4632 3356,4575 3281,4632 3114,4645 2987,4588 2815,4667 2727,4627 2177,4680 1064,4701" rendition="Line" xml:id="facs_16_line_1719401899711_184">
               <zone points="1913,4748 1913,4808 2456,4808 2456,4748" type="word" xml:id="facs_16_line_1719401899711_184_w1"/>
               <zone points="2530,4733 2530,4793 2740,4793 2740,4733" type="word" xml:id="facs_16_line_1719401899711_184_w2"/>
               <zone points="2814,4720 2814,4780 3452,4780 3452,4720" type="word" xml:id="facs_16_line_1719401899711_184_w3"/>
               <zone points="3503,4695 3503,4755 3998,4755 3998,4695" type="word" xml:id="facs_16_line_1719401899711_184_w4"/>
            </zone>
         </zone>
         <zone points="1009,4810 4569,4810 4569,6471 1009,6471" rendition="TextRegion" xml:id="facs_16_TextRegion_1719401910193_188">
            <zone points="1183,5063 1456,5045 1496,5081 1821,4997 1988,5063 2336,5050 2635,4966 2740,5019 2828,4966 2921,5006 3088,4971 3145,5019 3207,4971 3281,5010 3352,4957 3427,5010 3510,4971 3726,5001 3801,4953 3858,4993 4113,4913 4504,4940 4509,4808 4157,4724 4020,4781 3976,4746 3818,4825 3669,4751 3444,4777 3369,4839 3264,4795 3198,4825 3136,4768 3048,4830 2908,4839 2758,4777 2657,4839 2507,4795 2441,4856 1874,4830 1803,4883 1716,4843 1623,4883 1513,4843 1372,4905 1271,4834 1188,4878" rendition="Line" xml:id="facs_16_line_1719401910230_193">
               <zone points="1265,4978 1265,5038 1378,5038 1378,4978" type="word" xml:id="facs_16_line_1719401910230_193_w1"/>
               <zone points="1473,4974 1473,5034 1727,5034 1727,4974" type="word" xml:id="facs_16_line_1719401910230_193_w2"/>
               <zone points="1869,4947 1869,5007 2331,5007 2331,4947" type="word" xml:id="facs_16_line_1719401910230_193_w3"/>
               <zone points="2403,4937 2403,4997 2447,4997 2447,4937" type="word" xml:id="facs_16_line_1719401910230_193_w4"/>
               <zone points="2473,4928 2473,4988 2632,4988 2632,4928" type="word" xml:id="facs_16_line_1719401910230_193_w5"/>
               <zone points="2681,4917 2681,4977 3004,4977 3004,4917" type="word" xml:id="facs_16_line_1719401910230_193_w6"/>
               <zone points="3100,4904 3100,4964 3305,4964 3305,4904" type="word" xml:id="facs_16_line_1719401910230_193_w7"/>
               <zone points="3403,4896 3403,4956 3724,4956 3724,4896" type="word" xml:id="facs_16_line_1719401910230_193_w8"/>
               <zone points="3819,4881 3819,4941 4074,4941 4074,4881" type="word" xml:id="facs_16_line_1719401910230_193_w9"/>
               <zone points="4146,4872 4146,4932 4490,4932 4490,4872" type="word" xml:id="facs_16_line_1719401910230_193_w10"/>
            </zone>
            <zone points="1047,5283 1399,5226 1672,5248 1733,5208 1891,5252 1957,5213 2125,5252 2235,5217 2455,5239 2525,5177 2644,5164 2745,5226 3009,5173 3193,5204 3281,5133 3422,5173 3651,5120 3796,5182 3959,5177 4038,5116 4139,5177 4509,5164 4518,4918 4443,4913 4372,4949 4117,4913 3946,4984 3774,4957 3726,5001 3427,5010 3347,4953 3268,5015 3079,4975 3013,5010 2820,4979 2745,5023 2578,4971 2186,5059 1905,5050 1852,5001 1614,5023 1496,5081 1302,5041 1135,5098 1056,5050" rendition="Line" xml:id="facs_16_tr_1_tl_21">
               <zone points="1098,5172 1098,5232 1558,5232 1558,5172" type="word" xml:id="facs_16_tr_1_tl_21_w1"/>
               <zone points="1623,5150 1623,5210 2207,5210 2207,5150" type="word" xml:id="facs_16_tr_1_tl_21_w2"/>
               <zone points="2303,5127 2303,5187 2392,5187 2392,5127" type="word" xml:id="facs_16_tr_1_tl_21_w3"/>
               <zone points="2489,5109 2489,5169 2948,5169 2948,5109" type="word" xml:id="facs_16_tr_1_tl_21_w4"/>
               <zone points="3014,5098 3014,5158 3226,5158 3226,5098" type="word" xml:id="facs_16_tr_1_tl_21_w5"/>
               <zone points="3292,5084 3292,5144 3690,5144 3690,5084" type="word" xml:id="facs_16_tr_1_tl_21_w6"/>
               <zone points="3724,5076 3724,5136 3751,5136 3751,5076" type="word" xml:id="facs_16_tr_1_tl_21_w7"/>
               <zone points="3817,5069 3817,5129 4029,5129 4029,5069" type="word" xml:id="facs_16_tr_1_tl_21_w8"/>
               <zone points="4064,5053 4064,5113 4493,5113 4493,5053" type="word" xml:id="facs_16_tr_1_tl_21_w9"/>
            </zone>
            <zone points="1034,5419 1434,5463 1610,5397 1944,5446 2301,5371 2542,5410 2872,5358 3044,5402 3321,5353 3466,5380 3563,5327 3730,5371 3849,5296 3915,5362 4526,5331 4526,5133 4122,5173 4069,5129 3787,5182 3660,5120 3532,5191 3048,5204 3013,5169 2842,5239 2573,5169 2450,5243 2230,5217 2125,5252 1957,5208 1896,5252 1513,5226 1043,5292" rendition="Line" xml:id="facs_16_tr_1_tl_22">
               <zone points="1067,5363 1067,5423 1803,5423 1803,5363" type="word" xml:id="facs_16_tr_1_tl_22_w1"/>
               <zone points="1827,5341 1827,5401 1868,5401 1868,5341" type="word" xml:id="facs_16_tr_1_tl_22_w2"/>
               <zone points="1892,5315 1892,5375 2758,5375 2758,5315" type="word" xml:id="facs_16_tr_1_tl_22_w3"/>
               <zone points="2848,5290 2848,5350 3105,5350 3105,5290" type="word" xml:id="facs_16_tr_1_tl_22_w4"/>
               <zone points="3175,5273 3175,5333 3519,5333 3519,5273" type="word" xml:id="facs_16_tr_1_tl_22_w5"/>
               <zone points="3586,5257 3586,5317 4409,5317 4409,5257" type="word" xml:id="facs_16_tr_1_tl_22_w6"/>
               <zone points="4477,5244 4477,5304 4517,5304 4517,5244" type="word" xml:id="facs_16_tr_1_tl_22_w7"/>
            </zone>
            <zone points="1025,5604 1566,5666 1799,5600 1861,5635 1975,5591 2279,5622 2380,5573 2529,5613 2674,5542 2881,5600 3079,5529 3277,5578 3620,5573 3765,5494 3985,5556 4192,5503 4254,5542 4430,5498 4504,5529 4544,5336 3902,5362 3801,5331 3655,5375 3563,5327 3475,5375 3273,5393 3233,5358 3128,5402 2916,5402 2828,5358 2776,5406 2542,5410 2345,5366 2094,5446 1861,5410 1434,5459 1029,5441" rendition="Line" xml:id="facs_16_tr_1_tl_23">
               <zone points="1080,5563 1080,5623 1274,5623 1274,5563" type="word" xml:id="facs_16_tr_1_tl_23_w1"/>
               <zone points="1342,5554 1342,5614 1492,5614 1492,5554" type="word" xml:id="facs_16_tr_1_tl_23_w2"/>
               <zone points="1560,5534 1560,5594 2103,5594 2103,5534" type="word" xml:id="facs_16_tr_1_tl_23_w3"/>
               <zone points="2215,5505 2215,5565 2562,5565 2562,5505" type="word" xml:id="facs_16_tr_1_tl_23_w4"/>
               <zone points="2652,5486 2652,5546 3064,5546 3064,5486" type="word" xml:id="facs_16_tr_1_tl_23_w5"/>
               <zone points="3132,5476 3132,5536 3173,5536 3173,5476" type="word" xml:id="facs_16_tr_1_tl_23_w6"/>
               <zone points="3197,5473 3197,5533 3326,5533 3326,5473" type="word" xml:id="facs_16_tr_1_tl_23_w7"/>
               <zone points="3416,5459 3416,5519 3675,5519 3675,5459" type="word" xml:id="facs_16_tr_1_tl_23_w8"/>
               <zone points="3743,5443 3743,5503 4242,5503 4242,5443" type="word" xml:id="facs_16_tr_1_tl_23_w9"/>
               <zone points="4332,5419 4332,5479 4395,5479 4395,5419" type="word" xml:id="facs_16_tr_1_tl_23_w10"/>
            </zone>
            <zone points="1056,5837 1460,5842 1606,5802 1799,5833 1979,5780 2164,5824 2318,5767 2389,5824 2710,5784 2815,5727 2912,5718 2982,5780 3220,5714 3365,5762 3427,5714 3620,5723 3660,5688 3783,5745 3902,5701 3976,5736 4513,5727 4557,5714 4566,5525 4390,5498 4254,5542 4179,5498 4047,5556 3823,5556 3770,5498 3589,5586 3092,5534 2868,5595 2674,5542 2529,5613 2380,5573 2129,5639 1979,5591 1733,5644 1667,5604 1430,5666 1271,5617 1218,5670 1064,5617" rendition="Line" xml:id="facs_16_tr_1_tl_24">
               <zone points="1092,5739 1092,5799 2056,5799 2056,5739" type="word" xml:id="facs_16_tr_1_tl_24_w1"/>
               <zone points="2151,5697 2151,5757 2194,5757 2194,5697" type="word" xml:id="facs_16_tr_1_tl_24_w2"/>
               <zone points="2243,5696 2243,5756 2471,5756 2471,5696" type="word" xml:id="facs_16_tr_1_tl_24_w3"/>
               <zone points="2520,5676 2520,5736 2957,5736 2957,5676" type="word" xml:id="facs_16_tr_1_tl_24_w4"/>
               <zone points="3075,5658 3075,5718 3510,5718 3510,5658" type="word" xml:id="facs_16_tr_1_tl_24_w5"/>
               <zone points="3628,5646 3628,5706 3648,5706 3648,5646" type="word" xml:id="facs_16_tr_1_tl_24_w6"/>
               <zone points="3720,5637 3720,5697 4063,5697 4063,5637" type="word" xml:id="facs_16_tr_1_tl_24_w7"/>
               <zone points="4181,5614 4181,5674 4455,5674 4455,5614" type="word" xml:id="facs_16_tr_1_tl_24_w8"/>
            </zone>
            <zone points="1051,5991 1254,6053 1526,5974 1597,6026 1817,6026 1971,5969 2028,6004 2476,5960 2600,5987 2727,5916 2793,5969 2925,5916 3040,5982 3462,5916 3589,5947 3695,5872 4020,5930 4188,5859 4227,5890 4280,5846 4544,5850 4548,5727 4430,5701 4117,5740 3880,5710 3708,5754 3651,5696 3317,5767 3215,5718 3044,5789 2908,5723 2384,5820 2323,5771 2076,5824 1957,5780 1694,5842 1513,5806 1412,5872 1174,5811 1060,5837" rendition="Line" xml:id="facs_16_tr_1_tl_25">
               <zone points="1086,5939 1086,5999 1750,5999 1750,5939" type="word" xml:id="facs_16_tr_1_tl_25_w1"/>
               <zone points="1821,5915 1821,5975 1841,5975 1841,5915" type="word" xml:id="facs_16_tr_1_tl_25_w2"/>
               <zone points="1890,5896 1890,5956 2439,5956 2439,5896" type="word" xml:id="facs_16_tr_1_tl_25_w3"/>
               <zone points="2487,5876 2487,5936 2690,5936 2690,5876" type="word" xml:id="facs_16_tr_1_tl_25_w4"/>
               <zone points="2785,5864 2785,5924 3174,5924 3174,5864" type="word" xml:id="facs_16_tr_1_tl_25_w5"/>
               <zone points="3268,5843 3268,5903 3288,5903 3288,5843" type="word" xml:id="facs_16_tr_1_tl_25_w6"/>
               <zone points="3337,5837 3337,5897 3634,5897 3634,5837" type="word" xml:id="facs_16_tr_1_tl_25_w7"/>
               <zone points="3728,5818 3728,5878 4186,5878 4186,5818" type="word" xml:id="facs_16_tr_1_tl_25_w8"/>
               <zone points="4280,5787 4280,5847 4506,5847 4506,5787" type="word" xml:id="facs_16_tr_1_tl_25_w9"/>
            </zone>
            <zone points="1043,6264 1280,6198 1632,6237 1781,6158 1900,6211 2019,6163 2142,6207 2239,6167 2512,6198 2569,6145 2705,6176 2881,6119 2947,6163 3066,6101 3259,6149 3339,6097 3457,6119 3594,6070 4095,6114 4236,6101 4346,6031 4430,6092 4553,6066 4562,5846 4509,5833 4394,5877 4144,5868 3897,5965 3739,5938 3673,5881 3581,5947 3462,5916 3400,5960 3092,5947 3040,5982 2930,5925 2793,5974 2727,5916 2630,5982 2085,6009 1975,5965 1685,6039 1526,5995 1249,6053 1056,6000" rendition="Line" xml:id="facs_16_tr_1_tl_26">
               <zone points="1077,6142 1077,6202 1364,6202 1364,6142" type="word" xml:id="facs_16_tr_1_tl_26_w1"/>
               <zone points="1456,6108 1456,6168 2304,6168 2304,6108" type="word" xml:id="facs_16_tr_1_tl_26_w2"/>
               <zone points="2396,6063 2396,6123 3110,6123 3110,6063" type="word" xml:id="facs_16_tr_1_tl_26_w3"/>
               <zone points="3250,6030 3250,6090 3336,6090 3336,6030" type="word" xml:id="facs_16_tr_1_tl_26_w4"/>
               <zone points="3428,6022 3428,6082 3827,6082 3827,6022" type="word" xml:id="facs_16_tr_1_tl_26_w5"/>
               <zone points="3944,6002 3944,6062 4142,6062 4142,6002" type="word" xml:id="facs_16_tr_1_tl_26_w6"/>
               <zone points="4212,5981 4212,6041 4499,6041 4499,5981" type="word" xml:id="facs_16_tr_1_tl_26_w7"/>
            </zone>
            <zone points="1043,6431 1350,6405 1403,6449 1513,6400 1645,6471 1786,6440 1825,6479 2037,6396 2147,6462 2230,6435 2309,6497 2732,6347 3022,6383 3088,6435 3237,6352 3413,6435 3567,6383 3906,6422 4038,6369 4135,6457 4399,6479 4531,6435 4553,6066 4042,6119 3946,6088 3910,6123 3809,6075 3325,6092 3259,6149 3062,6101 2934,6167 2877,6119 2705,6176 2569,6145 2441,6207 2243,6163 2191,6207 2023,6167 1918,6211 1786,6158 1619,6246 1284,6198 1051,6246" rendition="Line" xml:id="facs_16_tr_1_tl_27">
               <zone points="1101,6335 1101,6395 1647,6395 1647,6335" type="word" xml:id="facs_16_tr_1_tl_27_w1"/>
               <zone points="1720,6309 1720,6369 2168,6369 2168,6309" type="word" xml:id="facs_16_tr_1_tl_27_w2"/>
               <zone points="2206,6259 2206,6319 3483,6319 3483,6259" type="word" xml:id="facs_16_tr_1_tl_27_w3"/>
               <zone points="3556,6219 3556,6279 3758,6279 3758,6219" type="word" xml:id="facs_16_tr_1_tl_27_w4"/>
               <zone points="3832,6212 3832,6272 3866,6272 3866,6212" type="word" xml:id="facs_16_tr_1_tl_27_w5"/>
               <zone points="3905,6205 3905,6265 4004,6265 4004,6205" type="word" xml:id="facs_16_tr_1_tl_27_w6"/>
               <zone points="4077,6178 4077,6238 4485,6238 4485,6178" type="word" xml:id="facs_16_tr_1_tl_27_w7"/>
            </zone>
         </zone>
      </surface>
      <surface lrx="5503" lry="8255" ulx="0" uly="0" xml:id="facs_17">
         <!--<graphic height="8255px" url="69062502.jpg" width="5503px"/>-->
         <graphic height="8255px" url="https://files.transkribus.eu/Get?id=VBPFQMLSOQATTBZMQHFNHHGX&amp;fileType=view" width="5503px"/>
         <zone points="890,1499 4485,1499 4467,2894 872,2894" rendition="TextRegion" xml:id="facs_17_TextRegion_1719401952863_222">
            <zone points="893,1786 1059,1838 1203,1772 1431,1816 1680,1759 1790,1821 1952,1759 2157,1799 2236,1729 2411,1777 2783,1711 2941,1768 3094,1746 3164,1689 3392,1715 3488,1676 3794,1689 3917,1637 4324,1654 4337,1365 4140,1365 4004,1422 3886,1374 3702,1392 3632,1335 3339,1414 3252,1379 3190,1427 3020,1370 2950,1440 2613,1519 2411,1462 2311,1374 2061,1532 2000,1492 1851,1549 1645,1475 1497,1567 1409,1519 1142,1584 906,1527" rendition="Line" xml:id="facs_17_tr_1_tl_1">
               <zone points="947,1717 947,1777 1519,1777 1519,1717" type="word" xml:id="facs_17_tr_1_tl_1_w1"/>
               <zone points="1555,1696 1555,1756 2095,1756 2095,1696" type="word" xml:id="facs_17_tr_1_tl_1_w2"/>
               <zone points="2163,1676 2163,1736 2223,1736 2223,1676" type="word" xml:id="facs_17_tr_1_tl_1_w3"/>
               <zone points="2259,1661 2259,1721 2675,1721 2675,1661" type="word" xml:id="facs_17_tr_1_tl_1_w4"/>
               <zone points="2743,1656 2743,1716 2771,1716 2771,1656" type="word" xml:id="facs_17_tr_1_tl_1_w5"/>
               <zone points="2839,1639 2839,1699 3443,1699 3443,1639" type="word" xml:id="facs_17_tr_1_tl_1_w6"/>
               <zone points="3543,1604 3543,1664 3795,1664 3795,1604" type="word" xml:id="facs_17_tr_1_tl_1_w7"/>
               <zone points="3863,1572 3863,1632 4275,1632 4275,1572" type="word" xml:id="facs_17_tr_1_tl_1_w8"/>
            </zone>
            <zone points="866,1996 1011,1961 1125,2022 1291,1965 1335,1996 1628,1947 1847,1987 2017,1930 2201,1961 2241,1921 2341,1969 2411,1912 2696,1904 2735,1943 2823,1891 2875,1921 3164,1869 3352,1882 3435,1934 3549,1864 3772,1899 3877,1847 3952,1882 4092,1838 4206,1873 4350,1838 4359,1676 4022,1628 3799,1689 3444,1676 3352,1733 3177,1698 2954,1764 2792,1715 2389,1777 2241,1720 2157,1799 1952,1759 1786,1821 1676,1759 1593,1807 1379,1777 1282,1812 1212,1768 1055,1842 875,1829" rendition="Line" xml:id="facs_17_tr_1_tl_2">
               <zone points="898,1915 898,1975 1044,1975 1044,1915" type="word" xml:id="facs_17_tr_1_tl_2_w1"/>
               <zone points="1152,1906 1152,1966 1319,1966 1319,1906" type="word" xml:id="facs_17_tr_1_tl_2_w2"/>
               <zone points="1428,1898 1428,1958 1532,1958 1532,1898" type="word" xml:id="facs_17_tr_1_tl_2_w3"/>
               <zone points="1622,1885 1622,1945 2086,1945 2086,1885" type="word" xml:id="facs_17_tr_1_tl_2_w4"/>
               <zone points="2194,1867 2194,1927 2234,1927 2234,1867" type="word" xml:id="facs_17_tr_1_tl_2_w5"/>
               <zone points="2282,1854 2282,1914 2810,1914 2810,1854" type="word" xml:id="facs_17_tr_1_tl_2_w6"/>
               <zone points="2897,1836 2897,1896 3088,1896 3088,1836" type="word" xml:id="facs_17_tr_1_tl_2_w7"/>
               <zone points="3175,1809 3175,1869 3875,1869 3875,1809" type="word" xml:id="facs_17_tr_1_tl_2_w8"/>
               <zone points="3984,1764 3984,1824 4342,1824 4342,1764" type="word" xml:id="facs_17_tr_1_tl_2_w9"/>
            </zone>
            <zone points="875,2157 1199,2188 1322,2153 1365,2201 1453,2144 1545,2171 1764,2118 2009,2166 2263,2101 2394,2162 3090,2070 3519,2092 3650,2039 3781,2092 4066,2017 4350,2035 4332,1838 3952,1886 3882,1847 3750,1895 3554,1864 3440,1939 3396,1895 3164,1869 2880,1921 2827,1886 2735,1943 2687,1908 2411,1912 2267,1974 2061,1930 1978,1991 1904,1947 1847,1991 1624,1947 1479,2022 1409,1956 1116,2022 1024,1974 884,1987" rendition="Line" xml:id="facs_17_tr_1_tl_3">
               <zone points="924,2096 924,2156 1339,2156 1339,2096" type="word" xml:id="facs_17_tr_1_tl_3_w1"/>
               <zone points="1433,2070 1433,2130 1968,2130 1968,2070" type="word" xml:id="facs_17_tr_1_tl_3_w2"/>
               <zone points="2001,2062 2001,2122 2207,2122 2207,2062" type="word" xml:id="facs_17_tr_1_tl_3_w3"/>
               <zone points="2301,2038 2301,2098 3045,2098 3045,2038" type="word" xml:id="facs_17_tr_1_tl_3_w4"/>
               <zone points="3108,2009 3108,2069 3493,2069 3493,2009" type="word" xml:id="facs_17_tr_1_tl_3_w5"/>
               <zone points="3587,1993 3587,2053 3613,2053 3613,1993" type="word" xml:id="facs_17_tr_1_tl_3_w6"/>
               <zone points="3677,1981 3677,2041 3882,2041 3882,1981" type="word" xml:id="facs_17_tr_1_tl_3_w7"/>
               <zone points="3946,1961 3946,2021 4241,2021 4241,1961" type="word" xml:id="facs_17_tr_1_tl_3_w8"/>
            </zone>
            <zone points="875,2381 1335,2324 1396,2372 1484,2311 1580,2359 1641,2311 2136,2341 2359,2298 2521,2359 2635,2289 2770,2315 2827,2267 3077,2302 3217,2249 3300,2298 3370,2249 3663,2232 3816,2263 4039,2223 4127,2258 4188,2206 4249,2241 4350,2201 4359,2039 4013,2031 3785,2087 3694,2048 3624,2092 3077,2074 2936,2144 2871,2101 2569,2157 2508,2122 2389,2162 2280,2109 2017,2162 1764,2118 1545,2175 1431,2149 1322,2206 1247,2157 1138,2188 884,2153" rendition="Line" xml:id="facs_17_tr_1_tl_4">
               <zone points="952,2283 952,2343 1271,2343 1271,2283" type="word" xml:id="facs_17_tr_1_tl_4_w1"/>
               <zone points="1392,2263 1392,2323 1594,2323 1594,2263" type="word" xml:id="facs_17_tr_1_tl_4_w2"/>
               <zone points="1686,2258 1686,2318 2008,2318 2008,2258" type="word" xml:id="facs_17_tr_1_tl_4_w3"/>
               <zone points="2129,2246 2129,2306 2213,2306 2213,2246" type="word" xml:id="facs_17_tr_1_tl_4_w4"/>
               <zone points="2276,2236 2276,2296 2657,2296 2657,2236" type="word" xml:id="facs_17_tr_1_tl_4_w5"/>
               <zone points="2778,2224 2778,2284 2803,2284 2803,2224" type="word" xml:id="facs_17_tr_1_tl_4_w6"/>
               <zone points="2866,2212 2866,2272 3155,2272 3155,2212" type="word" xml:id="facs_17_tr_1_tl_4_w7"/>
               <zone points="3247,2180 3247,2240 4097,2240 4097,2180" type="word" xml:id="facs_17_tr_1_tl_4_w8"/>
               <zone points="4189,2142 4189,2202 4303,2202 4303,2142" type="word" xml:id="facs_17_tr_1_tl_4_w9"/>
            </zone>
            <zone points="884,2538 1750,2499 1939,2534 2026,2494 2271,2525 2394,2477 2722,2486 2840,2446 2971,2486 3090,2451 3387,2486 3462,2442 3624,2473 3877,2403 4044,2464 4157,2381 4367,2398 4376,2236 4262,2254 4201,2206 4122,2254 3895,2223 3785,2276 3387,2245 3300,2298 3195,2258 3098,2324 3033,2271 2831,2267 2770,2315 2639,2289 2521,2359 2359,2298 2175,2363 2066,2306 1759,2337 1645,2306 1545,2385 1173,2328 893,2385" rendition="Line" xml:id="facs_17_tr_1_tl_5">
               <zone points="916,2472 916,2532 1321,2532 1321,2472" type="word" xml:id="facs_17_tr_1_tl_5_w1"/>
               <zone points="1430,2453 1430,2513 1663,2513 1663,2453" type="word" xml:id="facs_17_tr_1_tl_5_w2"/>
               <zone points="1709,2440 1709,2500 1942,2500 1942,2440" type="word" xml:id="facs_17_tr_1_tl_5_w3"/>
               <zone points="2051,2430 2051,2490 2434,2490 2434,2430" type="word" xml:id="facs_17_tr_1_tl_5_w4"/>
               <zone points="2544,2417 2544,2477 2627,2477 2627,2417" type="word" xml:id="facs_17_tr_1_tl_5_w5"/>
               <zone points="2672,2412 2672,2472 2777,2472 2777,2412" type="word" xml:id="facs_17_tr_1_tl_5_w6"/>
               <zone points="2865,2405 2865,2465 2969,2465 2969,2405" type="word" xml:id="facs_17_tr_1_tl_5_w7"/>
               <zone points="3122,2384 3122,2444 3805,2444 3805,2384" type="word" xml:id="facs_17_tr_1_tl_5_w8"/>
               <zone points="3893,2350 3893,2410 4083,2410 4083,2350" type="word" xml:id="facs_17_tr_1_tl_5_w9"/>
               <zone points="4171,2328 4171,2388 4361,2388 4361,2328" type="word" xml:id="facs_17_tr_1_tl_5_w10"/>
            </zone>
            <zone points="871,2713 1278,2713 1326,2748 1387,2691 1449,2726 1694,2691 1737,2735 1856,2683 2219,2670 2324,2705 2403,2670 2538,2705 2643,2648 2893,2687 3037,2643 3151,2705 3396,2617 3549,2678 3694,2599 3869,2635 4346,2621 4381,2394 4048,2459 3895,2407 3619,2473 3483,2438 3387,2481 3094,2451 2971,2486 2836,2451 2735,2525 2639,2468 2179,2529 1759,2494 1300,2543 1238,2512 1107,2560 875,2534" rendition="Line" xml:id="facs_17_line_1719401952889_225">
               <zone points="946,2653 946,2713 1515,2713 1515,2653" type="word" xml:id="facs_17_line_1719401952889_225_w1"/>
               <zone points="1604,2628 1604,2688 2091,2688 2091,2628" type="word" xml:id="facs_17_line_1719401952889_225_w2"/>
               <zone points="2180,2613 2180,2673 2434,2673 2434,2613" type="word" xml:id="facs_17_line_1719401952889_225_w3"/>
               <zone points="2524,2607 2524,2667 2549,2667 2549,2607" type="word" xml:id="facs_17_line_1719401952889_225_w4"/>
               <zone points="2609,2604 2609,2664 2835,2664 2835,2604" type="word" xml:id="facs_17_line_1719401952889_225_w5"/>
               <zone points="2924,2594 2924,2654 3121,2654 3121,2594" type="word" xml:id="facs_17_line_1719401952889_225_w6"/>
               <zone points="3214,2582 3214,2642 3325,2642 3325,2582" type="word" xml:id="facs_17_line_1719401952889_225_w7"/>
               <zone points="3414,2554 3414,2614 4069,2614 4069,2554" type="word" xml:id="facs_17_line_1719401952889_225_w8"/>
               <zone points="4101,2533 4101,2593 4326,2593 4326,2533" type="word" xml:id="facs_17_line_1719401952889_225_w9"/>
            </zone>
            <zone points="893,2882 4163,2882 4163,2655 893,2655" rendition="Line" xml:id="facs_17_line_1719402003219_241">
               <zone points="944,2728 944,2788 1554,2788 1554,2728" type="word" xml:id="facs_17_line_1719402003219_241_w1"/>
               <zone points="1620,2728 1620,2788 1954,2788 1954,2728" type="word" xml:id="facs_17_line_1719402003219_241_w2"/>
               <zone points="1988,2728 1988,2788 2476,2788 2476,2728" type="word" xml:id="facs_17_line_1719402003219_241_w3"/>
               <zone points="2510,2728 2510,2788 2568,2788 2568,2728" type="word" xml:id="facs_17_line_1719402003219_241_w4"/>
               <zone points="2602,2728 2602,2788 2814,2788 2814,2728" type="word" xml:id="facs_17_line_1719402003219_241_w5"/>
               <zone points="2879,2728 2879,2788 3090,2788 3090,2728" type="word" xml:id="facs_17_line_1719402003219_241_w6"/>
               <zone points="3155,2728 3155,2788 3796,2788 3796,2728" type="word" xml:id="facs_17_line_1719402003219_241_w7"/>
               <zone points="3862,2728 3862,2788 4134,2788 4134,2728" type="word" xml:id="facs_17_line_1719402003219_241_w8"/>
            </zone>
         </zone>
         <zone points="905,2901 4500,2901 4485,6847 890,6847" rendition="TextRegion" xml:id="facs_17_TextRegion_1719401952863_221">
            <zone points="1087,3120 4414,3000 4414,2868 1087,2988" rendition="Line" xml:id="facs_17_tr_1_tl_8">
               <zone points="1111,3033 1111,3093 1231,3093 1231,3033" type="word" xml:id="facs_17_tr_1_tl_8_w1"/>
               <zone points="1338,3011 1338,3071 1670,3071 1670,3011" type="word" xml:id="facs_17_tr_1_tl_8_w2"/>
               <zone points="1724,2999 1724,3059 2160,3059 2160,2999" type="word" xml:id="facs_17_tr_1_tl_8_w3"/>
               <zone points="2319,2988 2319,3048 2352,3048 2352,2988" type="word" xml:id="facs_17_tr_1_tl_8_w4"/>
               <zone points="2389,2985 2389,3045 2581,3045 2581,2985" type="word" xml:id="facs_17_tr_1_tl_8_w5"/>
               <zone points="2636,2975 2636,3035 2878,3035 2878,2975" type="word" xml:id="facs_17_tr_1_tl_8_w6"/>
               <zone points="2950,2961 2950,3021 3615,3021 3615,2961" type="word" xml:id="facs_17_tr_1_tl_8_w7"/>
               <zone points="3704,2940 3704,3000 3789,3000 3789,2940" type="word" xml:id="facs_17_tr_1_tl_8_w8"/>
            </zone>
            <zone points="913,3305 4402,3179 4402,3047 913,3173" rendition="Line" xml:id="facs_17_tr_1_tl_9">
               <zone points="936,3216 936,3276 1154,3276 1154,3216" type="word" xml:id="facs_17_tr_1_tl_9_w1"/>
               <zone points="1223,3208 1223,3268 1306,3268 1306,3208" type="word" xml:id="facs_17_tr_1_tl_9_w2"/>
               <zone points="1392,3197 1392,3257 1797,3257 1797,3197" type="word" xml:id="facs_17_tr_1_tl_9_w3"/>
               <zone points="1850,3179 1850,3239 2713,3239 2713,3179" type="word" xml:id="facs_17_tr_1_tl_9_w4"/>
               <zone points="2850,3157 2850,3217 2882,3217 2882,3157" type="word" xml:id="facs_17_tr_1_tl_9_w5"/>
               <zone points="2920,3154 2920,3214 3103,3214 3103,3154" type="word" xml:id="facs_17_tr_1_tl_9_w6"/>
            </zone>
            <zone points="937,3496 4414,3365 4414,3232 937,3363" rendition="Line" xml:id="facs_17_tr_1_tl_10">
               <zone points="944,3407 944,3467 1175,3467 1175,3407" type="word" xml:id="facs_17_tr_1_tl_10_w1"/>
               <zone points="1248,3394 1248,3454 1550,3454 1550,3394" type="word" xml:id="facs_17_tr_1_tl_10_w2"/>
               <zone points="1624,3376 1624,3436 2161,3436 2161,3376" type="word" xml:id="facs_17_tr_1_tl_10_w3"/>
               <zone points="2252,3354 2252,3414 3093,3414 3093,3354" type="word" xml:id="facs_17_tr_1_tl_10_w4"/>
               <zone points="3167,3343 3167,3403 3200,3403 3200,3343" type="word" xml:id="facs_17_tr_1_tl_10_w5"/>
               <zone points="3221,3335 3221,3395 3469,3395 3469,3335" type="word" xml:id="facs_17_tr_1_tl_10_w6"/>
               <zone points="3525,3327 3525,3387 3686,3387 3686,3327" type="word" xml:id="facs_17_tr_1_tl_10_w7"/>
               <zone points="3742,3304 3742,3364 4383,3364 4383,3304" type="word" xml:id="facs_17_tr_1_tl_10_w8"/>
            </zone>
            <zone points="931,3674 4396,3567 4396,3438 931,3545" rendition="Line" xml:id="facs_17_tr_1_tl_11">
               <zone points="938,3587 938,3647 1350,3647 1350,3587" type="word" xml:id="facs_17_tr_1_tl_11_w1"/>
               <zone points="1441,3569 1441,3629 2010,3629 2010,3569" type="word" xml:id="facs_17_tr_1_tl_11_w2"/>
               <zone points="2081,3562 2081,3622 2114,3622 2114,3562" type="word" xml:id="facs_17_tr_1_tl_11_w3"/>
               <zone points="2133,3554 2133,3614 2513,3614 2513,3554" type="word" xml:id="facs_17_tr_1_tl_11_w4"/>
               <zone points="2567,3538 2567,3598 3240,3598 3240,3538" type="word" xml:id="facs_17_tr_1_tl_11_w5"/>
               <zone points="3294,3516 3294,3576 3674,3576 3674,3516" type="word" xml:id="facs_17_tr_1_tl_11_w6"/>
               <zone points="3711,3500 3711,3560 4056,3560 4056,3500" type="word" xml:id="facs_17_tr_1_tl_11_w7"/>
               <zone points="4110,3496 4110,3556 4142,3556 4142,3496" type="word" xml:id="facs_17_tr_1_tl_11_w8"/>
            </zone>
            <zone points="931,3859 4396,3746 4396,3617 931,3730" rendition="Line" xml:id="facs_17_tr_1_tl_12">
               <zone points="967,3750 967,3810 2365,3810 2365,3750" type="word" xml:id="facs_17_tr_1_tl_12_w1"/>
               <zone points="2398,3726 2398,3786 2893,3786 2893,3726" type="word" xml:id="facs_17_tr_1_tl_12_w2"/>
               <zone points="2973,3704 2973,3764 3686,3764 3686,3704" type="word" xml:id="facs_17_tr_1_tl_12_w3"/>
               <zone points="3859,3672 3859,3732 4355,3732 4355,3672" type="word" xml:id="facs_17_tr_1_tl_12_w4"/>
            </zone>
            <zone points="937,4040 4408,3938 4408,3805 937,3907" rendition="Line" xml:id="facs_17_tr_1_tl_13">
               <zone points="960,3951 960,4011 1485,4011 1485,3951" type="word" xml:id="facs_17_tr_1_tl_13_w1"/>
               <zone points="1538,3942 1538,4002 2184,4002 2184,3942" type="word" xml:id="facs_17_tr_1_tl_13_w2"/>
               <zone points="2237,3935 2237,3995 2269,3995 2269,3935" type="word" xml:id="facs_17_tr_1_tl_13_w3"/>
               <zone points="2288,3923 2288,3983 2949,3983 2949,3923" type="word" xml:id="facs_17_tr_1_tl_13_w4"/>
               <zone points="3036,3908 3036,3968 3051,3968 3051,3908" type="word" xml:id="facs_17_tr_1_tl_13_w5"/>
               <zone points="3070,3907 3070,3967 3376,3967 3376,3907" type="word" xml:id="facs_17_tr_1_tl_13_w6"/>
               <zone points="3446,3886 3446,3946 3886,3946 3886,3886" type="word" xml:id="facs_17_tr_1_tl_13_w7"/>
               <zone points="3939,3872 3939,3932 4311,3932 4311,3872" type="word" xml:id="facs_17_tr_1_tl_13_w8"/>
               <zone points="4364,3855 4364,3915 4396,3915 4396,3855" type="word" xml:id="facs_17_tr_1_tl_13_w9"/>
            </zone>
            <zone points="949,4243 4438,4123 4438,3990 949,4110" rendition="Line" xml:id="facs_17_tr_1_tl_14">
               <zone points="974,4154 974,4214 1167,4214 1167,4154" type="word" xml:id="facs_17_tr_1_tl_14_w1"/>
               <zone points="1241,4147 1241,4207 1345,4207 1345,4147" type="word" xml:id="facs_17_tr_1_tl_14_w2"/>
               <zone points="1419,4133 1419,4193 1736,4193 1736,4133" type="word" xml:id="facs_17_tr_1_tl_14_w3"/>
               <zone points="1863,4129 1863,4189 2343,4189 2343,4129" type="word" xml:id="facs_17_tr_1_tl_14_w4"/>
               <zone points="2381,4124 2381,4184 2414,4184 2414,4124" type="word" xml:id="facs_17_tr_1_tl_14_w5"/>
               <zone points="2452,4119 2452,4179 2770,4179 2770,4119" type="word" xml:id="facs_17_tr_1_tl_14_w6"/>
               <zone points="2861,4103 2861,4163 3323,4163 3323,4103" type="word" xml:id="facs_17_tr_1_tl_14_w7"/>
               <zone points="3432,4076 3432,4136 3874,4136 3874,4076" type="word" xml:id="facs_17_tr_1_tl_14_w8"/>
               <zone points="3965,4055 3965,4115 4407,4115 4407,4055" type="word" xml:id="facs_17_tr_1_tl_14_w9"/>
            </zone>
            <zone points="943,4422 4426,4320 4426,4187 943,4289" rendition="Line" xml:id="facs_17_tr_1_tl_15">
               <zone points="951,4333 951,4393 1363,4393 1363,4333" type="word" xml:id="facs_17_tr_1_tl_15_w1"/>
               <zone points="1474,4320 1474,4380 2084,4380 2084,4320" type="word" xml:id="facs_17_tr_1_tl_15_w2"/>
               <zone points="2177,4314 2177,4374 2211,4374 2211,4314" type="word" xml:id="facs_17_tr_1_tl_15_w3"/>
               <zone points="2249,4312 2249,4372 2517,4372 2517,4312" type="word" xml:id="facs_17_tr_1_tl_15_w4"/>
               <zone points="2610,4302 2610,4362 2862,4362 2862,4302" type="word" xml:id="facs_17_tr_1_tl_15_w5"/>
               <zone points="2936,4287 2936,4347 3493,4347 3493,4287" type="word" xml:id="facs_17_tr_1_tl_15_w6"/>
               <zone points="3586,4263 3586,4323 3980,4323 3980,4263" type="word" xml:id="facs_17_tr_1_tl_15_w7"/>
               <zone points="4037,4249 4037,4309 4341,4309 4341,4249" type="word" xml:id="facs_17_tr_1_tl_15_w8"/>
            </zone>
            <zone points="961,4607 4444,4507 4444,4374 961,4474" rendition="Line" xml:id="facs_17_tr_1_tl_16">
               <zone points="968,4511 968,4571 1743,4571 1743,4511" type="word" xml:id="facs_17_tr_1_tl_16_w1"/>
               <zone points="1833,4506 1833,4566 1919,4566 1919,4506" type="word" xml:id="facs_17_tr_1_tl_16_w2"/>
               <zone points="2012,4504 2012,4564 2470,4564 2470,4504" type="word" xml:id="facs_17_tr_1_tl_16_w3"/>
               <zone points="2525,4496 2525,4556 2734,4556 2734,4496" type="word" xml:id="facs_17_tr_1_tl_16_w4"/>
               <zone points="2824,4489 2824,4549 3194,4549 3194,4489" type="word" xml:id="facs_17_tr_1_tl_16_w5"/>
               <zone points="3249,4481 3249,4541 3317,4541 3317,4481" type="word" xml:id="facs_17_tr_1_tl_16_w6"/>
               <zone points="3408,4465 3408,4525 3848,4525 3848,4465" type="word" xml:id="facs_17_tr_1_tl_16_w7"/>
               <zone points="3938,4439 3938,4499 4414,4499 4414,4439" type="word" xml:id="facs_17_tr_1_tl_16_w8"/>
            </zone>
            <zone points="961,4792 4438,4691 4438,4558 961,4659" rendition="Line" xml:id="facs_17_tr_1_tl_17">
               <zone points="985,4707 985,4767 1279,4767 1279,4707" type="word" xml:id="facs_17_tr_1_tl_17_w1"/>
               <zone points="1385,4697 1385,4757 1852,4757 1852,4697" type="word" xml:id="facs_17_tr_1_tl_17_w2"/>
               <zone points="1889,4690 1889,4750 2096,4750 2096,4690" type="word" xml:id="facs_17_tr_1_tl_17_w3"/>
               <zone points="2185,4674 2185,4734 2791,4734 2791,4674" type="word" xml:id="facs_17_tr_1_tl_17_w4"/>
               <zone points="2898,4663 2898,4723 3365,4723 3365,4663" type="word" xml:id="facs_17_tr_1_tl_17_w5"/>
               <zone points="3472,4656 3472,4716 3504,4716 3504,4656" type="word" xml:id="facs_17_tr_1_tl_17_w6"/>
               <zone points="3541,4651 3541,4711 3748,4711 3748,4651" type="word" xml:id="facs_17_tr_1_tl_17_w7"/>
               <zone points="3802,4641 3802,4701 4078,4701 4078,4641" type="word" xml:id="facs_17_tr_1_tl_17_w8"/>
               <zone points="4150,4623 4150,4683 4408,4683 4408,4623" type="word" xml:id="facs_17_tr_1_tl_17_w9"/>
            </zone>
            <zone points="973,4977 4444,4882 4444,4749 973,4844" rendition="Line" xml:id="facs_17_tr_1_tl_18">
               <zone points="997,4890 997,4950 1538,4950 1538,4890" type="word" xml:id="facs_17_tr_1_tl_18_w1"/>
               <zone points="1645,4881 1645,4941 1818,4941 1818,4881" type="word" xml:id="facs_17_tr_1_tl_18_w2"/>
               <zone points="1910,4875 1910,4935 2785,4935 2785,4875" type="word" xml:id="facs_17_tr_1_tl_18_w3"/>
               <zone points="2874,4846 2874,4906 3555,4906 3555,4846" type="word" xml:id="facs_17_tr_1_tl_18_w4"/>
               <zone points="3646,4835 3646,4895 3959,4895 3959,4835" type="word" xml:id="facs_17_tr_1_tl_18_w5"/>
               <zone points="4049,4810 4049,4870 4414,4870 4414,4810" type="word" xml:id="facs_17_tr_1_tl_18_w6"/>
            </zone>
            <zone points="1003,5175 4450,5079 4450,4946 1003,5042" rendition="Line" xml:id="facs_17_tr_1_tl_19">
               <zone points="1010,5080 1010,5140 1505,5140 1505,5080" type="word" xml:id="facs_17_tr_1_tl_19_w1"/>
               <zone points="1595,5066 1595,5126 2145,5126 2145,5066" type="word" xml:id="facs_17_tr_1_tl_19_w2"/>
               <zone points="2236,5061 2236,5121 2269,5121 2269,5061" type="word" xml:id="facs_17_tr_1_tl_19_w3"/>
               <zone points="2307,5060 2307,5120 2518,5120 2518,5060" type="word" xml:id="facs_17_tr_1_tl_19_w4"/>
               <zone points="2609,5054 2609,5114 2892,5114 2892,5054" type="word" xml:id="facs_17_tr_1_tl_19_w5"/>
               <zone points="2948,5044 2948,5104 3300,5104 3300,5044" type="word" xml:id="facs_17_tr_1_tl_19_w6"/>
               <zone points="3533,5032 3533,5092 3888,5092 3888,5032" type="word" xml:id="facs_17_tr_1_tl_19_w7"/>
               <zone points="3996,5015 3996,5075 4420,5075 4420,5015" type="word" xml:id="facs_17_tr_1_tl_19_w8"/>
            </zone>
            <zone points="979,5348 4467,5270 4467,5137 979,5215" rendition="Line" xml:id="facs_17_tr_1_tl_20">
               <zone points="1003,5267 1003,5327 1159,5327 1159,5267" type="word" xml:id="facs_17_tr_1_tl_20_w1"/>
               <zone points="1266,5270 1266,5330 1299,5330 1299,5270" type="word" xml:id="facs_17_tr_1_tl_20_w2"/>
               <zone points="1336,5262 1336,5322 1544,5322 1544,5262" type="word" xml:id="facs_17_tr_1_tl_20_w3"/>
               <zone points="1651,5258 1651,5318 1806,5318 1806,5258" type="word" xml:id="facs_17_tr_1_tl_20_w4"/>
               <zone points="1880,5252 1880,5312 2913,5312 2913,5252" type="word" xml:id="facs_17_tr_1_tl_20_w5"/>
               <zone points="3002,5225 3002,5285 3525,5285 3525,5225" type="word" xml:id="facs_17_tr_1_tl_20_w6"/>
               <zone points="3562,5221 3562,5281 3912,5281 3912,5221" type="word" xml:id="facs_17_tr_1_tl_20_w7"/>
               <zone points="3984,5203 3984,5263 4437,5263 4437,5203" type="word" xml:id="facs_17_tr_1_tl_20_w8"/>
            </zone>
            <zone points="979,5530 4462,5470 4462,5346 979,5406" rendition="Line" xml:id="facs_17_tr_1_tl_21">
               <zone points="1003,5449 1003,5509 1208,5509 1208,5449" type="word" xml:id="facs_17_tr_1_tl_21_w1"/>
               <zone points="1279,5447 1279,5507 1484,5507 1484,5447" type="word" xml:id="facs_17_tr_1_tl_21_w2"/>
               <zone points="1555,5443 1555,5503 1639,5503 1639,5443" type="word" xml:id="facs_17_tr_1_tl_21_w3"/>
               <zone points="1745,5438 1745,5498 2036,5498 2036,5438" type="word" xml:id="facs_17_tr_1_tl_21_w4"/>
               <zone points="2159,5430 2159,5490 3192,5490 3192,5430" type="word" xml:id="facs_17_tr_1_tl_21_w5"/>
               <zone points="3298,5413 3298,5473 3779,5473 3779,5413" type="word" xml:id="facs_17_tr_1_tl_21_w6"/>
               <zone points="3850,5399 3850,5459 4400,5459 4400,5399" type="word" xml:id="facs_17_tr_1_tl_21_w7"/>
            </zone>
            <zone points="979,5721 4456,5637 4456,5513 979,5597" rendition="Line" xml:id="facs_17_tr_1_tl_22">
               <zone points="988,5639 988,5699 1080,5699 1080,5639" type="word" xml:id="facs_17_tr_1_tl_22_w1"/>
               <zone points="1178,5632 1178,5692 1346,5692 1346,5632" type="word" xml:id="facs_17_tr_1_tl_22_w2"/>
               <zone points="1501,5622 1501,5682 3000,5682 3000,5622" type="word" xml:id="facs_17_tr_1_tl_22_w3"/>
               <zone points="3154,5605 3154,5665 3855,5665 3855,5605" type="word" xml:id="facs_17_tr_1_tl_22_w4"/>
               <zone points="3933,5580 3933,5640 4406,5640 4406,5580" type="word" xml:id="facs_17_tr_1_tl_22_w5"/>
            </zone>
            <zone points="997,5915 4479,5849 4479,5716 997,5782" rendition="Line" xml:id="facs_17_tr_1_tl_23">
               <zone points="1004,5825 1004,5885 1416,5885 1416,5825" type="word" xml:id="facs_17_tr_1_tl_23_w1"/>
               <zone points="1508,5816 1508,5876 2029,5876 2029,5816" type="word" xml:id="facs_17_tr_1_tl_23_w2"/>
               <zone points="2122,5813 2122,5873 2625,5873 2625,5813" type="word" xml:id="facs_17_tr_1_tl_23_w3"/>
               <zone points="2663,5807 2663,5867 3439,5867 3439,5807" type="word" xml:id="facs_17_tr_1_tl_23_w4"/>
               <zone points="3531,5791 3531,5851 3655,5851 3655,5791" type="word" xml:id="facs_17_tr_1_tl_23_w5"/>
               <zone points="3711,5784 3711,5844 4376,5844 4376,5784" type="word" xml:id="facs_17_tr_1_tl_23_w6"/>
            </zone>
            <zone points="979,6104 4479,6033 4479,5907 979,5978" rendition="Line" xml:id="facs_17_tr_1_tl_24">
               <zone points="1004,6013 1004,6073 1196,6073 1196,6013" type="word" xml:id="facs_17_tr_1_tl_24_w1"/>
               <zone points="1286,6008 1286,6068 1496,6068 1496,6008" type="word" xml:id="facs_17_tr_1_tl_24_w2"/>
               <zone points="1551,5998 1551,6058 2256,6058 2256,5998" type="word" xml:id="facs_17_tr_1_tl_24_w3"/>
               <zone points="2505,5998 2505,6058 2841,6058 2841,5998" type="word" xml:id="facs_17_tr_1_tl_24_w4"/>
               <zone points="2967,5997 2967,6057 3318,6057 3318,5997" type="word" xml:id="facs_17_tr_1_tl_24_w5"/>
               <zone points="3462,5975 3462,6035 4431,6035 4431,5975" type="word" xml:id="facs_17_tr_1_tl_24_w6"/>
            </zone>
            <zone points="991,6273 3607,6265 4479,6219 4479,6089 3607,6135 991,6143" rendition="Line" xml:id="facs_17_tr_1_tl_25">
               <zone points="1017,6199 1017,6259 1485,6259 1485,6199" type="word" xml:id="facs_17_tr_1_tl_25_w1"/>
               <zone points="1542,6195 1542,6255 1596,6255 1596,6195" type="word" xml:id="facs_17_tr_1_tl_25_w2"/>
               <zone points="1616,6195 1616,6255 1976,6255 1976,6195" type="word" xml:id="facs_17_tr_1_tl_25_w3"/>
               <zone points="2578,6191 2578,6251 2741,6251 2741,6191" type="word" xml:id="facs_17_tr_1_tl_25_w4"/>
               <zone points="3325,6184 3325,6244 3341,6244 3341,6184" type="word" xml:id="facs_17_tr_1_tl_25_w5"/>
               <zone points="3380,6183 3380,6243 3504,6243 3504,6183" type="word" xml:id="facs_17_tr_1_tl_25_w6"/>
               <zone points="3669,6175 3669,6235 4031,6235 4031,6175" type="word" xml:id="facs_17_tr_1_tl_25_w7"/>
            </zone>
            <zone points="991,6458 4479,6434 4479,6304 991,6328" rendition="Line" xml:id="facs_17_tr_1_tl_26">
               <zone points="1016,6382 1016,6442 1193,6442 1193,6382" type="word" xml:id="facs_17_tr_1_tl_26_w1"/>
               <zone points="1285,6375 1285,6435 1497,6435 1497,6375" type="word" xml:id="facs_17_tr_1_tl_26_w2"/>
               <zone points="2519,6381 2519,6441 2552,6441 2552,6381" type="word" xml:id="facs_17_tr_1_tl_26_w3"/>
               <zone points="2590,6381 2590,6441 2677,6441 2677,6381" type="word" xml:id="facs_17_tr_1_tl_26_w4"/>
               <zone points="2841,6381 2841,6441 2874,6441 2874,6381" type="word" xml:id="facs_17_tr_1_tl_26_w5"/>
               <zone points="3091,6375 3091,6435 3590,6435 3590,6375" type="word" xml:id="facs_17_tr_1_tl_26_w6"/>
            </zone>
            <zone points="1027,6674 3447,6672 4485,6626 4485,6493 3447,6539 1027,6541" rendition="Line" xml:id="facs_17_tr_1_tl_27">
               <zone points="1052,6589 1052,6649 1068,6649 1068,6589" type="word" xml:id="facs_17_tr_1_tl_27_w1"/>
               <zone points="2709,6590 2709,6650 2742,6650 2742,6590" type="word" xml:id="facs_17_tr_1_tl_27_w2"/>
               <zone points="3941,6558 3941,6618 4401,6618 4401,6558" type="word" xml:id="facs_17_tr_1_tl_27_w3"/>
            </zone>
         </zone>
      </surface>
      <surface lrx="5503" lry="8255" ulx="0" uly="0" xml:id="facs_18">
         <!--<graphic height="8255px" url="69063506.jpg" width="5503px"/>-->
         <graphic height="8255px" url="https://files.transkribus.eu/Get?id=LBOYWLKRXAITCAINTZOUCGSP&amp;fileType=view" width="5503px"/>
         <zone points="1111,1187 4635,1187 4635,1519 1111,1519" rendition="TextRegion" xml:id="facs_18_TextRegion_1719402084905_292">
            <zone points="1139,1328 1482,1306 1720,1364 1830,1324 1883,1368 2169,1403 2314,1350 2494,1412 2683,1337 2727,1377 3097,1364 3167,1416 3237,1386 3317,1438 3449,1416 3528,1460 3660,1381 3730,1421 3801,1381 3880,1443 4078,1399 4192,1460 4284,1416 4544,1465 4614,1434 4610,1227 4474,1166 4421,1205 4245,1188 4157,1113 3985,1069 3893,1152 3840,1108 3779,1148 3669,1108 3347,1161 3110,1108 2886,1148 2718,1038 2538,1104 2314,1047 2067,1104 2006,1047 1694,1025 1540,1113 1350,1021 1135,1078" rendition="Line" xml:id="facs_18_tr_1_tl_1">
               <zone points="1182,1238 1182,1298 1723,1298 1723,1238" type="word" xml:id="facs_18_tr_1_tl_1_w1"/>
               <zone points="1842,1253 1842,1313 2153,1313 2153,1253" type="word" xml:id="facs_18_tr_1_tl_1_w2"/>
               <zone points="2243,1262 2243,1322 3301,1322 3301,1262" type="word" xml:id="facs_18_tr_1_tl_1_w3"/>
               <zone points="3390,1283 3390,1343 3616,1343 3616,1283" type="word" xml:id="facs_18_tr_1_tl_1_w4"/>
               <zone points="3706,1301 3706,1361 4534,1361 4534,1301" type="word" xml:id="facs_18_tr_1_tl_1_w5"/>
            </zone>
            <zone points="1122,1535 1201,1531 1271,1584 1368,1522 1403,1531 1456,1504 1548,1522 1623,1482 1676,1487 1680,1355 1623,1337 1557,1346 1487,1306 1465,1324 1364,1311 1320,1346 1284,1320 1218,1346 1130,1328" rendition="Line" xml:id="facs_18_line_1719402084932_295">
               <zone points="1152,1435 1152,1495 1664,1495 1664,1435" type="word" xml:id="facs_18_line_1719402084932_295_w1"/>
            </zone>
         </zone>
         <zone points="1111,1519 4635,1519 4635,3786 1111,3786" rendition="TextRegion" xml:id="facs_18_TextRegion_1719402095390_299">
            <zone points="1302,1711 1641,1733 1716,1680 1909,1672 1957,1716 2103,1689 2160,1738 2340,1685 2604,1720 2956,1680 3180,1751 3413,1702 3849,1773 3946,1716 4258,1786 4610,1764 4605,1482 4438,1425 4223,1425 4126,1478 3664,1381 3466,1456 3207,1430 3097,1364 2978,1408 2890,1368 2837,1412 2771,1372 2674,1416 2617,1381 2573,1421 1896,1372 1795,1474 1579,1491 1478,1557 1302,1509" rendition="Line" xml:id="facs_18_tr_1_tl_3">
               <zone points="1375,1627 1375,1687 1510,1687 1510,1627" type="word" xml:id="facs_18_tr_1_tl_3_w1"/>
               <zone points="1569,1629 1569,1689 1843,1689 1843,1629" type="word" xml:id="facs_18_tr_1_tl_3_w2"/>
               <zone points="1957,1626 1957,1686 2508,1686 2508,1626" type="word" xml:id="facs_18_tr_1_tl_3_w3"/>
               <zone points="2623,1636 2623,1696 2647,1696 2647,1636" type="word" xml:id="facs_18_tr_1_tl_3_w4"/>
               <zone points="2706,1638 2706,1698 2924,1698 2924,1638" type="word" xml:id="facs_18_tr_1_tl_3_w5"/>
               <zone points="3011,1645 3011,1705 3368,1705 3368,1645" type="word" xml:id="facs_18_tr_1_tl_3_w6"/>
               <zone points="3455,1654 3455,1714 3784,1714 3784,1654" type="word" xml:id="facs_18_tr_1_tl_3_w7"/>
               <zone points="3871,1666 3871,1726 4117,1726 4117,1666" type="word" xml:id="facs_18_tr_1_tl_3_w8"/>
               <zone points="4204,1671 4204,1731 4561,1731 4561,1671" type="word" xml:id="facs_18_tr_1_tl_3_w9"/>
            </zone>
            <zone points="1108,1900 1628,1918 1834,1861 2019,1927 2111,1865 2235,1905 2450,1865 2591,1931 2692,1891 2908,1931 2960,1878 3128,1935 3405,1900 3479,1966 3528,1927 3867,1900 4020,1953 4069,1909 4170,1971 4430,1971 4605,1944 4601,1760 4254,1786 3950,1720 3849,1773 3501,1716 3334,1768 2952,1680 2569,1724 2353,1680 2204,1733 2059,1689 1874,1742 1280,1694 1104,1742" rendition="Line" xml:id="facs_18_tr_1_tl_4">
               <zone points="1166,1813 1166,1873 1595,1873 1595,1813" type="word" xml:id="facs_18_tr_1_tl_4_w1"/>
               <zone points="1646,1811 1646,1871 1691,1871 1691,1811" type="word" xml:id="facs_18_tr_1_tl_4_w2"/>
               <zone points="1718,1815 1718,1875 2198,1875 2198,1815" type="word" xml:id="facs_18_tr_1_tl_4_w3"/>
               <zone points="2297,1817 2297,1877 2705,1877 2705,1817" type="word" xml:id="facs_18_tr_1_tl_4_w4"/>
               <zone points="2756,1831 2756,1891 3162,1891 3162,1831" type="word" xml:id="facs_18_tr_1_tl_4_w5"/>
               <zone points="3240,1842 3240,1902 3789,1902 3789,1842" type="word" xml:id="facs_18_tr_1_tl_4_w6"/>
               <zone points="3888,1857 3888,1917 4200,1917 4200,1857" type="word" xml:id="facs_18_tr_1_tl_4_w7"/>
               <zone points="4251,1864 4251,1924 4272,1924 4272,1864" type="word" xml:id="facs_18_tr_1_tl_4_w8"/>
               <zone points="4323,1869 4323,1929 4584,1929 4584,1869" type="word" xml:id="facs_18_tr_1_tl_4_w9"/>
            </zone>
            <zone points="1135,2103 1320,2076 1720,2129 1861,2067 2076,2107 2305,2050 2613,2116 2846,2059 3044,2133 3171,2072 3440,2142 3625,2147 3739,2089 3823,2147 4152,2155 4324,2103 4548,2164 4592,2151 4592,1944 4227,1975 4069,1909 4029,1949 3897,1918 3801,1953 3721,1900 3471,1953 3295,1891 3079,1944 3004,1878 2912,1931 2723,1891 2591,1931 2446,1865 2371,1922 2116,1869 2015,1927 1790,1874 1443,1927 1130,1891" rendition="Line" xml:id="facs_18_tr_1_tl_5">
               <zone points="1167,2012 1167,2072 1451,2072 1451,2012" type="word" xml:id="facs_18_tr_1_tl_5_w1"/>
               <zone points="1550,2005 1550,2065 2003,2065 2003,2005" type="word" xml:id="facs_18_tr_1_tl_5_w2"/>
               <zone points="2102,2005 2102,2065 2580,2065 2580,2005" type="word" xml:id="facs_18_tr_1_tl_5_w3"/>
               <zone points="2678,2015 2678,2075 2869,2075 2869,2015" type="word" xml:id="facs_18_tr_1_tl_5_w4"/>
               <zone points="2968,2024 2968,2084 3395,2084 3395,2024" type="word" xml:id="facs_18_tr_1_tl_5_w5"/>
               <zone points="3497,2032 3497,2092 3517,2092 3517,2032" type="word" xml:id="facs_18_tr_1_tl_5_w6"/>
               <zone points="3544,2034 3544,2094 3756,2094 3756,2034" type="word" xml:id="facs_18_tr_1_tl_5_w7"/>
               <zone points="3831,2045 3831,2105 4237,2105 4237,2045" type="word" xml:id="facs_18_tr_1_tl_5_w8"/>
               <zone points="4288,2048 4288,2108 4572,2108 4572,2048" type="word" xml:id="facs_18_tr_1_tl_5_w9"/>
            </zone>
            <zone points="1086,2323 1588,2270 1755,2309 2072,2248 2217,2309 2441,2265 2560,2301 2688,2270 2784,2318 2855,2265 2890,2301 2965,2270 3053,2327 3193,2265 3312,2327 3466,2327 3519,2279 3647,2336 4174,2309 4271,2340 4364,2283 4487,2353 4623,2309 4619,2155 4434,2164 4324,2103 3915,2155 3735,2089 3607,2160 3501,2116 3374,2133 3325,2089 3246,2120 3163,2081 3044,2133 2908,2067 2736,2063 2608,2120 2516,2067 2437,2094 2331,2059 2054,2116 2010,2072 1949,2111 1861,2067 1720,2129 1320,2076 1082,2120" rendition="Line" xml:id="facs_18_tr_1_tl_6">
               <zone points="1140,2193 1140,2253 1730,2253 1730,2193" type="word" xml:id="facs_18_tr_1_tl_6_w1"/>
               <zone points="1824,2189 1824,2249 2460,2249 2460,2189" type="word" xml:id="facs_18_tr_1_tl_6_w2"/>
               <zone points="2508,2199 2508,2259 3053,2259 3053,2199" type="word" xml:id="facs_18_tr_1_tl_6_w3"/>
               <zone points="3147,2212 3147,2272 3395,2272 3395,2212" type="word" xml:id="facs_18_tr_1_tl_6_w4"/>
               <zone points="3489,2222 3489,2282 3828,2282 3828,2222" type="word" xml:id="facs_18_tr_1_tl_6_w5"/>
               <zone points="3923,2229 3923,2289 4125,2289 4125,2229" type="word" xml:id="facs_18_tr_1_tl_6_w6"/>
               <zone points="4173,2232 4173,2292 4513,2292 4513,2232" type="word" xml:id="facs_18_tr_1_tl_6_w7"/>
            </zone>
            <zone points="1108,2490 2120,2437 2402,2494 2459,2433 2670,2441 2837,2503 3026,2441 3163,2512 3400,2516 3493,2455 3620,2525 3853,2476 4003,2529 4152,2485 4218,2534 4443,2490 4526,2538 4623,2507 4619,2314 4487,2353 4337,2301 4223,2353 4020,2309 3642,2331 3567,2270 3462,2331 3277,2327 3185,2270 3066,2327 2991,2279 2886,2301 2850,2265 2718,2314 2472,2261 2380,2305 2296,2274 2239,2327 2072,2248 1940,2292 1812,2265 1755,2309 1685,2270 1104,2314" rendition="Line" xml:id="facs_18_tr_1_tl_7">
               <zone points="1139,2396 1139,2456 1546,2456 1546,2396" type="word" xml:id="facs_18_tr_1_tl_7_w1"/>
               <zone points="1617,2385 1617,2445 2163,2445 2163,2385" type="word" xml:id="facs_18_tr_1_tl_7_w2"/>
               <zone points="2280,2385 2280,2445 2505,2445 2505,2385" type="word" xml:id="facs_18_tr_1_tl_7_w3"/>
               <zone points="2576,2395 2576,2455 3076,2455 3076,2395" type="word" xml:id="facs_18_tr_1_tl_7_w4"/>
               <zone points="3125,2412 3125,2472 3736,2472 3736,2412" type="word" xml:id="facs_18_tr_1_tl_7_w5"/>
               <zone points="3856,2420 3856,2480 4058,2480 4058,2420" type="word" xml:id="facs_18_tr_1_tl_7_w6"/>
               <zone points="4106,2420 4106,2480 4536,2480 4536,2420" type="word" xml:id="facs_18_tr_1_tl_7_w7"/>
            </zone>
            <zone points="1117,2679 1434,2666 1487,2701 1623,2644 1755,2683 1808,2635 2142,2679 2270,2617 2384,2683 2516,2639 2626,2688 2736,2635 2833,2705 2881,2657 2982,2705 3237,2639 3435,2644 3501,2701 3713,2674 3990,2732 4086,2657 4258,2718 4601,2661 4597,2516 4509,2538 4438,2490 4236,2542 4152,2485 4003,2534 3840,2468 3796,2512 3620,2525 3501,2459 3334,2520 3163,2507 3101,2450 2846,2512 2696,2446 2455,2437 2393,2494 2125,2441 1113,2490" rendition="Line" xml:id="facs_18_tr_1_tl_8">
               <zone points="1150,2588 1150,2648 1242,2648 1242,2588" type="word" xml:id="facs_18_tr_1_tl_8_w1"/>
               <zone points="1340,2581 1340,2641 1503,2641 1503,2581" type="word" xml:id="facs_18_tr_1_tl_8_w2"/>
               <zone points="1577,2579 1577,2639 2220,2639 2220,2579" type="word" xml:id="facs_18_tr_1_tl_8_w3"/>
               <zone points="2318,2575 2318,2635 2935,2635 2935,2575" type="word" xml:id="facs_18_tr_1_tl_8_w4"/>
               <zone points="3033,2600 3033,2660 3842,2660 3842,2600" type="word" xml:id="facs_18_tr_1_tl_8_w5"/>
               <zone points="3940,2606 3940,2666 4009,2666 4009,2606" type="word" xml:id="facs_18_tr_1_tl_8_w6"/>
               <zone points="4083,2608 4083,2668 4581,2668 4581,2608" type="word" xml:id="facs_18_tr_1_tl_8_w7"/>
            </zone>
            <zone points="1108,2881 1320,2894 1465,2837 1562,2894 1680,2850 2129,2881 2235,2837 2402,2881 2556,2820 2754,2886 2864,2855 3427,2890 3625,2837 3748,2899 3888,2859 4210,2899 4258,2850 4328,2899 4588,2886 4588,2674 4478,2666 4412,2723 4368,2683 4258,2718 4082,2652 3990,2732 3510,2705 3255,2639 2982,2710 2894,2661 2837,2705 2762,2657 2626,2692 2516,2639 2380,2679 2274,2622 2133,2679 1856,2648 1790,2710 1601,2657 1487,2701 1108,2688" rendition="Line" xml:id="facs_18_tr_1_tl_9">
               <zone points="1144,2785 1144,2845 1422,2845 1422,2785" type="word" xml:id="facs_18_tr_1_tl_9_w1"/>
               <zone points="1495,2771 1495,2831 2126,2831 2126,2771" type="word" xml:id="facs_18_tr_1_tl_9_w2"/>
               <zone points="2222,2763 2222,2823 2643,2823 2643,2763" type="word" xml:id="facs_18_tr_1_tl_9_w3"/>
               <zone points="2716,2773 2716,2833 2760,2833 2760,2773" type="word" xml:id="facs_18_tr_1_tl_9_w4"/>
               <zone points="2810,2776 2810,2836 3067,2836 3067,2776" type="word" xml:id="facs_18_tr_1_tl_9_w5"/>
               <zone points="3140,2790 3140,2850 3654,2850 3654,2790" type="word" xml:id="facs_18_tr_1_tl_9_w6"/>
               <zone points="3774,2785 3774,2845 4381,2845 4381,2785" type="word" xml:id="facs_18_tr_1_tl_9_w7"/>
               <zone points="4431,2787 4431,2847 4568,2847 4568,2787" type="word" xml:id="facs_18_tr_1_tl_9_w8"/>
            </zone>
            <zone points="1086,3057 1232,3066 1289,3026 1623,3079 1896,3026 2023,3070 2111,3022 2204,3075 2287,3022 2336,3062 2529,3035 2688,3075 2736,3026 2899,3022 3031,3079 3075,3031 3207,3022 3387,3084 3642,3018 3840,3084 4113,3031 4223,3097 4276,3057 4592,3075 4588,2890 4328,2899 4258,2850 4201,2899 3888,2859 3792,2908 3686,2899 3625,2837 3427,2890 3189,2855 3018,2890 2855,2855 2754,2886 2639,2833 2556,2886 2476,2824 2402,2881 1891,2855 1738,2912 1676,2859 1562,2894 1452,2842 1342,2899 1086,2890" rendition="Line" xml:id="facs_18_tr_1_tl_10">
               <zone points="1140,2964 1140,3024 1743,3024 1743,2964" type="word" xml:id="facs_18_tr_1_tl_10_w1"/>
               <zone points="1788,2961 1788,3021 2044,3021 2044,2961" type="word" xml:id="facs_18_tr_1_tl_10_w2"/>
               <zone points="2114,2958 2114,3018 2824,3018 2824,2958" type="word" xml:id="facs_18_tr_1_tl_10_w3"/>
               <zone points="2912,2969 2912,3029 3343,3029 3343,2969" type="word" xml:id="facs_18_tr_1_tl_10_w4"/>
               <zone points="3432,2975 3432,3035 3733,3035 3733,2975" type="word" xml:id="facs_18_tr_1_tl_10_w5"/>
               <zone points="3800,2975 3800,3035 3840,3035 3840,2975" type="word" xml:id="facs_18_tr_1_tl_10_w6"/>
               <zone points="3865,2976 3865,3036 4359,3036 4359,2976" type="word" xml:id="facs_18_tr_1_tl_10_w7"/>
               <zone points="4448,2971 4448,3031 4532,3031 4532,2971" type="word" xml:id="facs_18_tr_1_tl_10_w8"/>
            </zone>
            <zone points="1117,3273 1240,3242 1469,3273 1641,3220 1698,3268 1790,3233 2076,3268 2151,3215 2666,3255 2811,3207 3000,3264 3233,3268 3356,3207 3616,3264 4126,3220 4236,3273 4328,3233 4588,3259 4588,3075 4504,3048 4333,3101 4161,3062 3779,3084 3708,3026 3585,3079 3506,3035 3378,3092 3211,3026 3004,3075 2930,3022 2740,3022 2688,3075 2529,3040 2446,3084 2283,3022 2221,3070 2116,3022 1957,3075 1825,3022 1724,3075 1562,3079 1469,3031 1117,3075" rendition="Line" xml:id="facs_18_tr_1_tl_11">
               <zone points="1152,3166 1152,3226 1331,3226 1331,3166" type="word" xml:id="facs_18_tr_1_tl_11_w1"/>
               <zone points="1379,3155 1379,3215 1718,3215 1718,3155" type="word" xml:id="facs_18_tr_1_tl_11_w2"/>
               <zone points="1812,3153 1812,3213 2016,3213 2016,3153" type="word" xml:id="facs_18_tr_1_tl_11_w3"/>
               <zone points="2110,3152 2110,3212 2448,3212 2448,3152" type="word" xml:id="facs_18_tr_1_tl_11_w4"/>
               <zone points="2542,3150 2542,3210 2997,3210 2997,3150" type="word" xml:id="facs_18_tr_1_tl_11_w5"/>
               <zone points="3023,3157 3023,3217 3065,3217 3065,3157" type="word" xml:id="facs_18_tr_1_tl_11_w6"/>
               <zone points="3091,3163 3091,3223 3384,3223 3384,3163" type="word" xml:id="facs_18_tr_1_tl_11_w7"/>
               <zone points="3455,3167 3455,3227 4251,3227 4251,3167" type="word" xml:id="facs_18_tr_1_tl_11_w8"/>
               <zone points="4344,3167 4344,3227 4524,3227 4524,3167" type="word" xml:id="facs_18_tr_1_tl_11_w9"/>
            </zone>
            <zone points="1117,3444 1509,3422 1720,3466 1803,3422 1979,3449 2257,3396 2402,3449 2498,3391 2569,3427 2661,3383 2727,3449 2842,3400 2982,3462 3062,3427 3180,3462 3281,3400 3523,3453 3853,3405 3981,3462 4218,3405 4350,3457 4412,3418 4619,3440 4619,3246 4474,3277 4333,3233 4218,3277 4139,3220 4056,3255 3941,3224 3884,3273 3814,3237 3585,3268 3369,3207 3273,3264 3048,3242 2974,3277 2824,3207 2727,3255 2507,3215 2455,3255 2142,3220 2076,3268 1935,3233 1698,3268 1641,3224 1557,3273 1117,3273" rendition="Line" xml:id="facs_18_tr_1_tl_12">
               <zone points="1149,3351 1149,3411 1872,3411 1872,3351" type="word" xml:id="facs_18_tr_1_tl_12_w1"/>
               <zone points="1917,3342 1917,3402 1936,3402 1936,3342" type="word" xml:id="facs_18_tr_1_tl_12_w2"/>
               <zone points="1981,3340 1981,3400 2170,3400 2170,3340" type="word" xml:id="facs_18_tr_1_tl_12_w3"/>
               <zone points="2280,3340 2280,3400 2448,3400 2448,3340" type="word" xml:id="facs_18_tr_1_tl_12_w4"/>
               <zone points="2600,3343 2600,3403 3045,3403 3045,3343" type="word" xml:id="facs_18_tr_1_tl_12_w5"/>
               <zone points="3133,3346 3133,3406 3215,3406 3215,3346" type="word" xml:id="facs_18_tr_1_tl_12_w6"/>
               <zone points="3303,3347 3303,3407 3791,3407 3791,3347" type="word" xml:id="facs_18_tr_1_tl_12_w7"/>
               <zone points="3901,3352 3901,3412 3919,3412 3919,3352" type="word" xml:id="facs_18_tr_1_tl_12_w8"/>
               <zone points="3965,3352 3965,3412 4154,3412 4154,3352" type="word" xml:id="facs_18_tr_1_tl_12_w9"/>
               <zone points="4242,3355 4242,3415 4517,3415 4517,3355" type="word" xml:id="facs_18_tr_1_tl_12_w10"/>
            </zone>
            <zone points="1108,3655 1526,3642 1628,3589 1733,3655 1975,3589 2147,3647 2393,3598 2820,3647 3189,3585 3339,3647 3418,3598 3603,3651 3774,3603 3827,3647 4038,3603 4117,3647 4170,3598 4579,3686 4583,3422 3972,3457 3853,3405 3528,3453 3246,3400 3176,3462 2982,3466 2890,3405 2727,3449 2666,3387 2472,3453 1113,3444" rendition="Line" xml:id="facs_18_tr_1_tl_13">
               <zone points="1143,3549 1143,3609 1729,3609 1729,3549" type="word" xml:id="facs_18_tr_1_tl_13_w1"/>
               <zone points="1822,3537 1822,3597 2275,3597 2275,3537" type="word" xml:id="facs_18_tr_1_tl_13_w2"/>
               <zone points="2323,3537 2323,3597 2411,3597 2411,3537" type="word" xml:id="facs_18_tr_1_tl_13_w3"/>
               <zone points="2481,3536 2481,3596 3158,3596 3158,3536" type="word" xml:id="facs_18_tr_1_tl_13_w4"/>
               <zone points="3251,3539 3251,3599 3591,3599 3591,3539" type="word" xml:id="facs_18_tr_1_tl_13_w5"/>
               <zone points="3684,3537 3684,3597 4134,3597 4134,3537" type="word" xml:id="facs_18_tr_1_tl_13_w6"/>
               <zone points="4182,3537 4182,3597 4315,3597 4315,3537" type="word" xml:id="facs_18_tr_1_tl_13_w7"/>
               <zone points="4363,3535 4363,3595 4542,3595 4542,3535" type="word" xml:id="facs_18_tr_1_tl_13_w8"/>
            </zone>
            <zone points="1289,3831 1658,3792 1821,3840 2169,3774 2547,3818 2666,3779 2872,3840 3062,3774 3211,3827 3343,3783 3431,3827 3743,3827 3814,3783 3893,3831 3968,3774 4144,3823 4430,3823 4430,3642 4232,3603 3845,3651 3779,3603 3607,3655 3422,3598 3343,3647 2639,3647 2490,3603 2446,3642 2393,3594 2208,3651 1883,3598 1729,3655 1636,3585 1500,3651 1289,3642" rendition="Line" xml:id="facs_18_line_1719402095419_302">
               <zone points="1322,3742 1322,3802 1494,3802 1494,3742" type="word" xml:id="facs_18_line_1719402095419_302_w1"/>
               <zone points="1584,3731 1584,3791 2082,3791 2082,3731" type="word" xml:id="facs_18_line_1719402095419_302_w2"/>
               <zone points="2194,3723 2194,3783 2475,3783 2475,3723" type="word" xml:id="facs_18_line_1719402095419_302_w3"/>
               <zone points="2543,3722 2543,3782 2845,3782 2845,3722" type="word" xml:id="facs_18_line_1719402095419_302_w4"/>
               <zone points="2935,3728 2935,3788 3151,3788 3151,3728" type="word" xml:id="facs_18_line_1719402095419_302_w5"/>
               <zone points="3219,3726 3219,3786 3914,3786 3914,3726" type="word" xml:id="facs_18_line_1719402095419_302_w6"/>
               <zone points="4004,3718 4004,3778 4393,3778 4393,3718" type="word" xml:id="facs_18_line_1719402095419_302_w7"/>
            </zone>
         </zone>
         <zone points="1111,3786 4635,3786 4635,6062 1111,6062" rendition="TextRegion" xml:id="facs_18_TextRegion_1719402101413_306">
            <zone points="1306,4025 1394,3998 1469,4038 1623,3985 1799,4025 1874,3976 2045,4034 2208,3968 2283,4029 2600,3963 2886,3963 2978,4012 3453,3950 3598,4020 3713,3968 3787,4020 4073,3972 4328,4034 4605,3976 4610,3805 4161,3823 3994,3779 3888,3836 3814,3783 3427,3836 3343,3787 3229,3836 3145,3779 2877,3840 2661,3779 2459,3827 2235,3779 2173,3827 1966,3787 1878,3845 1645,3801 1465,3867 1311,3836" rendition="Line" xml:id="facs_18_tr_1_tl_15">
               <zone points="1318,3953 1318,4013 1452,4013 1452,3953" type="word" xml:id="facs_18_tr_1_tl_15_w1"/>
               <zone points="1523,3933 1523,3993 1770,3993 1770,3933" type="word" xml:id="facs_18_tr_1_tl_15_w2"/>
               <zone points="1909,3919 1909,3979 2475,3979 2475,3919" type="word" xml:id="facs_18_tr_1_tl_15_w3"/>
               <zone points="2546,3920 2546,3980 2588,3980 2588,3920" type="word" xml:id="facs_18_tr_1_tl_15_w4"/>
               <zone points="2614,3917 2614,3977 2815,3977 2815,3917" type="word" xml:id="facs_18_tr_1_tl_15_w5"/>
               <zone points="2909,3917 2909,3977 3159,3977 3159,3917" type="word" xml:id="facs_18_tr_1_tl_15_w6"/>
               <zone points="3230,3912 3230,3972 3477,3972 3477,3912" type="word" xml:id="facs_18_tr_1_tl_15_w7"/>
               <zone points="3548,3912 3548,3972 4137,3972 4137,3912" type="word" xml:id="facs_18_tr_1_tl_15_w8"/>
               <zone points="4208,3906 4208,3966 4273,3966 4273,3906" type="word" xml:id="facs_18_tr_1_tl_15_w9"/>
               <zone points="4367,3900 4367,3960 4568,3960 4568,3900" type="word" xml:id="facs_18_tr_1_tl_15_w10"/>
            </zone>
            <zone points="1108,4236 1188,4192 2045,4210 2138,4157 2283,4218 2349,4161 2586,4218 2679,4161 2846,4205 2978,4148 3132,4214 3303,4148 3515,4210 3765,4139 3862,4201 4302,4152 4509,4205 4592,4161 4592,4003 4328,4029 4082,3968 3814,4029 3743,3994 3537,4029 3484,3976 3409,4012 3189,3976 2969,4012 2604,3963 2424,4038 2323,4003 2279,4034 2213,3968 2041,4034 1852,3981 1760,4034 1623,3985 1337,4038 1227,3959 1108,4012" rendition="Line" xml:id="facs_18_tr_1_tl_16">
               <zone points="1144,4129 1144,4189 1420,4189 1420,4129" type="word" xml:id="facs_18_tr_1_tl_16_w1"/>
               <zone points="1516,4112 1516,4172 2379,4172 2379,4112" type="word" xml:id="facs_18_tr_1_tl_16_w2"/>
               <zone points="2475,4101 2475,4161 2518,4161 2518,4101" type="word" xml:id="facs_18_tr_1_tl_16_w3"/>
               <zone points="2568,4105 2568,4165 3617,4165 3617,4105" type="word" xml:id="facs_18_tr_1_tl_16_w4"/>
               <zone points="3736,4102 3736,4162 3756,4162 3756,4102" type="word" xml:id="facs_18_tr_1_tl_16_w5"/>
               <zone points="3805,4100 3805,4160 3919,4160 3919,4100" type="word" xml:id="facs_18_tr_1_tl_16_w6"/>
               <zone points="4018,4096 4018,4156 4270,4156 4270,4096" type="word" xml:id="facs_18_tr_1_tl_16_w7"/>
               <zone points="4343,4091 4343,4151 4549,4151 4549,4091" type="word" xml:id="facs_18_tr_1_tl_16_w8"/>
            </zone>
            <zone points="1108,4386 1315,4412 1421,4368 1500,4416 1601,4364 1751,4368 1927,4412 2019,4355 2142,4416 2292,4350 2529,4403 2608,4346 2991,4390 3088,4342 3224,4386 3356,4342 3598,4403 3677,4350 3963,4381 4122,4324 4236,4381 4342,4315 4605,4368 4605,4196 4421,4210 4306,4157 3862,4205 3770,4139 3462,4214 3352,4166 3176,4214 2908,4166 2850,4210 2767,4157 2586,4218 2367,4157 2283,4218 2138,4161 1847,4227 1786,4188 1460,4227 1188,4192 1108,4240" rendition="Line" xml:id="facs_18_tr_1_tl_17">
               <zone points="1143,4320 1143,4380 1553,4380 1553,4320" type="word" xml:id="facs_18_tr_1_tl_17_w1"/>
               <zone points="1648,4310 1648,4370 1851,4370 1851,4310" type="word" xml:id="facs_18_tr_1_tl_17_w2"/>
               <zone points="1900,4303 1900,4363 2058,4363 2058,4303" type="word" xml:id="facs_18_tr_1_tl_17_w3"/>
               <zone points="2129,4297 2129,4357 2657,4357 2657,4297" type="word" xml:id="facs_18_tr_1_tl_17_w4"/>
               <zone points="2751,4292 2751,4352 3092,4352 3092,4292" type="word" xml:id="facs_18_tr_1_tl_17_w5"/>
               <zone points="3187,4290 3187,4350 3230,4350 3230,4290" type="word" xml:id="facs_18_tr_1_tl_17_w6"/>
               <zone points="3279,4290 3279,4350 3623,4350 3623,4290" type="word" xml:id="facs_18_tr_1_tl_17_w7"/>
               <zone points="3694,4280 3694,4340 4288,4340 4288,4280" type="word" xml:id="facs_18_tr_1_tl_17_w8"/>
               <zone points="4336,4278 4336,4338 4540,4338 4540,4278" type="word" xml:id="facs_18_tr_1_tl_17_w9"/>
            </zone>
            <zone points="1108,4605 1254,4562 1311,4605 1773,4605 2050,4535 2133,4588 2296,4540 2362,4592 2463,4531 2573,4575 2666,4526 2833,4562 2991,4531 3097,4588 3207,4531 3497,4575 3642,4513 3888,4583 4020,4522 4166,4579 4337,4526 4575,4570 4610,4368 4553,4386 4469,4328 4232,4381 4042,4333 3963,4386 3836,4346 3726,4416 3418,4346 3233,4390 3141,4337 2987,4390 2613,4346 2564,4394 2371,4390 2305,4346 2138,4416 2094,4372 1922,4412 1733,4372 1619,4421 1342,4430 1293,4390 1113,4386" rendition="Line" xml:id="facs_18_tr_1_tl_18">
               <zone points="1145,4511 1145,4571 1930,4571 1930,4511" type="word" xml:id="facs_18_tr_1_tl_18_w1"/>
               <zone points="2008,4495 2008,4555 2172,4555 2172,4495" type="word" xml:id="facs_18_tr_1_tl_18_w2"/>
               <zone points="2223,4481 2223,4541 3250,4541 3250,4481" type="word" xml:id="facs_18_tr_1_tl_18_w3"/>
               <zone points="3324,4466 3324,4526 3703,4526 3703,4466" type="word" xml:id="facs_18_tr_1_tl_18_w4"/>
               <zone points="3805,4463 3805,4523 4017,4523 4017,4463" type="word" xml:id="facs_18_tr_1_tl_18_w5"/>
               <zone points="4067,4456 4067,4516 4518,4516 4518,4456" type="word" xml:id="facs_18_tr_1_tl_18_w6"/>
               <zone points="4569,4436 4569,4496 4590,4496 4590,4436" type="word" xml:id="facs_18_tr_1_tl_18_w7"/>
            </zone>
            <zone points="1122,4799 1650,4803 1790,4755 1861,4795 2037,4759 2252,4795 2481,4733 2714,4781 2855,4729 2908,4777 3040,4781 3114,4715 3400,4764 3528,4711 3598,4755 4100,4733 4144,4764 4262,4707 4324,4751 4570,4764 4619,4746 4623,4553 4408,4566 4337,4526 4161,4579 4086,4522 3888,4588 3642,4518 3541,4579 3339,4531 3097,4588 2991,4535 2837,4562 2666,4526 2538,4601 2336,4583 2292,4540 2199,4592 1979,4553 1645,4614 1126,4597" rendition="Line" xml:id="facs_18_tr_1_tl_19">
               <zone points="1157,4702 1157,4762 1637,4762 1637,4702" type="word" xml:id="facs_18_tr_1_tl_19_w1"/>
               <zone points="1686,4691 1686,4751 1890,4751 1890,4691" type="word" xml:id="facs_18_tr_1_tl_19_w2"/>
               <zone points="1962,4682 1962,4742 2488,4742 2488,4682" type="word" xml:id="facs_18_tr_1_tl_19_w3"/>
               <zone points="2583,4673 2583,4733 3339,4733 3339,4673" type="word" xml:id="facs_18_tr_1_tl_19_w4"/>
               <zone points="3434,4660 3434,4720 3500,4720 3500,4660" type="word" xml:id="facs_18_tr_1_tl_19_w5"/>
               <zone points="3595,4653 3595,4713 4213,4713 4213,4653" type="word" xml:id="facs_18_tr_1_tl_19_w6"/>
               <zone points="4308,4648 4308,4708 4581,4708 4581,4648" type="word" xml:id="facs_18_tr_1_tl_19_w7"/>
            </zone>
            <zone points="1095,4993 1223,4975 1324,5015 1474,4935 1702,4993 2098,4953 2169,4993 2340,4913 2538,4905 2890,4966 3211,4905 3281,4962 3523,4962 3669,4905 3748,4953 4034,4953 4218,4896 4456,4944 4614,4913 4619,4746 4328,4755 4254,4707 4144,4764 3730,4729 3515,4768 3154,4720 3040,4781 2806,4733 2547,4790 2459,4751 2248,4795 2037,4759 1861,4795 1790,4755 1645,4803 1100,4790" rendition="Line" xml:id="facs_18_tr_1_tl_20">
               <zone points="1130,4900 1130,4960 1374,4960 1374,4900" type="word" xml:id="facs_18_tr_1_tl_20_w1"/>
               <zone points="1445,4894 1445,4954 1487,4954 1487,4894" type="word" xml:id="facs_18_tr_1_tl_20_w2"/>
               <zone points="1512,4881 1512,4941 2187,4941 2187,4881" type="word" xml:id="facs_18_tr_1_tl_20_w3"/>
               <zone points="2280,4870 2280,4930 2480,4930 2480,4870" type="word" xml:id="facs_18_tr_1_tl_20_w4"/>
               <zone points="2572,4864 2572,4924 2955,4924 2955,4864" type="word" xml:id="facs_18_tr_1_tl_20_w5"/>
               <zone points="3048,4860 3048,4920 3247,4920 3247,4860" type="word" xml:id="facs_18_tr_1_tl_20_w6"/>
               <zone points="3318,4853 3318,4913 3720,4913 3720,4853" type="word" xml:id="facs_18_tr_1_tl_20_w7"/>
               <zone points="3771,4841 3771,4901 3948,4901 3948,4841" type="word" xml:id="facs_18_tr_1_tl_20_w8"/>
               <zone points="4018,4839 4018,4899 4218,4899 4218,4839" type="word" xml:id="facs_18_tr_1_tl_20_w9"/>
               <zone points="4333,4827 4333,4887 4578,4887 4578,4827" type="word" xml:id="facs_18_tr_1_tl_20_w10"/>
            </zone>
            <zone points="1117,5182 2085,5116 2270,5164 2459,5103 2723,5142 3009,5094 3532,5142 3598,5094 3801,5142 3990,5103 4179,5147 4364,5072 4531,5125 4605,5103 4610,4918 4293,4944 4223,4896 4130,4940 3748,4962 3686,4896 3581,4957 3251,4931 3009,4975 2547,4905 2481,4966 2327,4909 2173,4988 2111,4957 1689,4984 1500,4935 1333,5010 1122,4971" rendition="Line" xml:id="facs_18_tr_1_tl_21">
               <zone points="1130,5095 1130,5155 1362,5155 1362,5095" type="word" xml:id="facs_18_tr_1_tl_21_w1"/>
               <zone points="1436,5082 1436,5142 1786,5142 1786,5082" type="word" xml:id="facs_18_tr_1_tl_21_w2"/>
               <zone points="1907,5072 1907,5132 2116,5132 2116,5072" type="word" xml:id="facs_18_tr_1_tl_21_w3"/>
               <zone points="2213,5061 2213,5121 3107,5121 3107,5061" type="word" xml:id="facs_18_tr_1_tl_21_w4"/>
               <zone points="3204,5049 3204,5109 3248,5109 3248,5049" type="word" xml:id="facs_18_tr_1_tl_21_w5"/>
               <zone points="3298,5042 3298,5102 3507,5102 3507,5042" type="word" xml:id="facs_18_tr_1_tl_21_w6"/>
               <zone points="3628,5033 3628,5093 4025,5093 4025,5033" type="word" xml:id="facs_18_tr_1_tl_21_w7"/>
               <zone points="4122,5019 4122,5079 4567,5079 4567,5019" type="word" xml:id="facs_18_tr_1_tl_21_w8"/>
            </zone>
            <zone points="1113,5362 1663,5331 1861,5380 2239,5309 2349,5362 2507,5300 2586,5358 2987,5353 3062,5292 3220,5349 3413,5287 3572,5327 3875,5278 4126,5327 4408,5274 4482,5309 4610,5243 4614,5089 4416,5120 4364,5072 4183,5142 3990,5103 3664,5142 3603,5094 3532,5147 3405,5142 3295,5089 3163,5160 3066,5098 2925,5103 2820,5173 2683,5111 2507,5164 2397,5120 2252,5155 2186,5107 1122,5182" rendition="Line" xml:id="facs_18_tr_1_tl_22">
               <zone points="1150,5282 1150,5342 1362,5342 1362,5282" type="word" xml:id="facs_18_tr_1_tl_22_w1"/>
               <zone points="1460,5274 1460,5334 1961,5334 1961,5274" type="word" xml:id="facs_18_tr_1_tl_22_w2"/>
               <zone points="2012,5257 2012,5317 2414,5317 2414,5257" type="word" xml:id="facs_18_tr_1_tl_22_w3"/>
               <zone points="2465,5249 2465,5309 2775,5309 2775,5249" type="word" xml:id="facs_18_tr_1_tl_22_w4"/>
               <zone points="2850,5235 2850,5295 3470,5295 3470,5235" type="word" xml:id="facs_18_tr_1_tl_22_w5"/>
               <zone points="3568,5225 3568,5285 3613,5285 3613,5225" type="word" xml:id="facs_18_tr_1_tl_22_w6"/>
               <zone points="3663,5221 3663,5281 3875,5281 3875,5221" type="word" xml:id="facs_18_tr_1_tl_22_w7"/>
               <zone points="3953,5212 3953,5272 4117,5272 4117,5212" type="word" xml:id="facs_18_tr_1_tl_22_w8"/>
               <zone points="4167,5200 4167,5260 4594,5260 4594,5200" type="word" xml:id="facs_18_tr_1_tl_22_w9"/>
            </zone>
            <zone points="1117,5564 1359,5569 1425,5529 1755,5560 2001,5507 2111,5507 2173,5560 2331,5498 2644,5525 2688,5481 3026,5534 3176,5468 3255,5503 3484,5476 3572,5525 3638,5476 3818,5463 3884,5507 3963,5463 4144,5516 4425,5494 4540,5432 4619,5481 4623,5248 4575,5243 4408,5318 4324,5287 3941,5327 3880,5274 3761,5327 3422,5283 3215,5349 3079,5292 2987,5353 2820,5366 2582,5358 2503,5305 2331,5371 2235,5314 1896,5388 1825,5353 1667,5380 1632,5340 1122,5362" rendition="Line" xml:id="facs_18_tr_1_tl_23">
               <zone points="1155,5475 1155,5535 1323,5535 1323,5475" type="word" xml:id="facs_18_tr_1_tl_23_w1"/>
               <zone points="1399,5469 1399,5529 1445,5529 1445,5469" type="word" xml:id="facs_18_tr_1_tl_23_w2"/>
               <zone points="1473,5467 1473,5527 1787,5527 1787,5467" type="word" xml:id="facs_18_tr_1_tl_23_w3"/>
               <zone points="1912,5452 1912,5512 2253,5512 2253,5452" type="word" xml:id="facs_18_tr_1_tl_23_w4"/>
               <zone points="2330,5437 2330,5497 2741,5497 2741,5437" type="word" xml:id="facs_18_tr_1_tl_23_w5"/>
               <zone points="2842,5425 2842,5485 3281,5485 3281,5425" type="word" xml:id="facs_18_tr_1_tl_23_w6"/>
               <zone points="3358,5410 3358,5470 4187,5470 4187,5410" type="word" xml:id="facs_18_tr_1_tl_23_w7"/>
               <zone points="4263,5389 4263,5449 4285,5449 4285,5389" type="word" xml:id="facs_18_tr_1_tl_23_w8"/>
               <zone points="4337,5389 4337,5449 4553,5449 4553,5389" type="word" xml:id="facs_18_tr_1_tl_23_w9"/>
            </zone>
            <zone points="1100,5740 1236,5767 1434,5714 1579,5767 1738,5714 1909,5762 2023,5710 2089,5754 2283,5714 2441,5745 2516,5679 2859,5714 3088,5661 3378,5727 3475,5666 3528,5710 3704,5705 3774,5644 3862,5705 4020,5710 4060,5674 4210,5696 4302,5626 4570,5692 4627,5679 4632,5481 4535,5437 4425,5498 4139,5520 3950,5459 3871,5516 3655,5485 3462,5529 3361,5472 3176,5468 2930,5534 2881,5485 2776,5525 2705,5472 2613,5534 2498,5490 2182,5564 2015,5503 1751,5560 1425,5529 1346,5582 1218,5542 1104,5564" rendition="Line" xml:id="facs_18_tr_1_tl_24">
               <zone points="1142,5672 1142,5732 1295,5732 1295,5672" type="word" xml:id="facs_18_tr_1_tl_24_w1"/>
               <zone points="1377,5659 1377,5719 2105,5719 2105,5659" type="word" xml:id="facs_18_tr_1_tl_24_w2"/>
               <zone points="2186,5643 2186,5703 2392,5703 2392,5643" type="word" xml:id="facs_18_tr_1_tl_24_w3"/>
               <zone points="2500,5630 2500,5690 2993,5690 2993,5630" type="word" xml:id="facs_18_tr_1_tl_24_w4"/>
               <zone points="3101,5616 3101,5676 3698,5676 3698,5616" type="word" xml:id="facs_18_tr_1_tl_24_w5"/>
               <zone points="3780,5595 3780,5655 4194,5655 4194,5595" type="word" xml:id="facs_18_tr_1_tl_24_w6"/>
               <zone points="4276,5584 4276,5644 4586,5644 4586,5584" type="word" xml:id="facs_18_tr_1_tl_24_w7"/>
            </zone>
            <zone points="1117,5960 1575,5960 1672,5916 1896,5943 2094,5872 2309,5965 2582,5908 2736,5965 2908,5930 2978,5969 3576,5890 3739,5943 3862,5881 3972,5965 4152,5872 4601,5903 4610,5674 4443,5692 4289,5622 4205,5696 4113,5705 3858,5701 3770,5639 3695,5705 3528,5710 3475,5670 3396,5727 3084,5666 2938,5754 2666,5679 2516,5745 2182,5714 2125,5754 2010,5718 1795,5758 1707,5723 1575,5767 1434,5714 1390,5754 1122,5762" rendition="Line" xml:id="facs_18_tr_1_tl_25">
               <zone points="1160,5856 1160,5916 1670,5916 1670,5856" type="word" xml:id="facs_18_tr_1_tl_25_w1"/>
               <zone points="1727,5845 1727,5905 1778,5905 1778,5845" type="word" xml:id="facs_18_tr_1_tl_25_w2"/>
               <zone points="1835,5839 1835,5899 2048,5899 2048,5839" type="word" xml:id="facs_18_tr_1_tl_25_w3"/>
               <zone points="2159,5831 2159,5891 2318,5891 2318,5831" type="word" xml:id="facs_18_tr_1_tl_25_w4"/>
               <zone points="2429,5825 2429,5885 2858,5885 2858,5825" type="word" xml:id="facs_18_tr_1_tl_25_w5"/>
               <zone points="2969,5801 2969,5861 3992,5861 3992,5801" type="word" xml:id="facs_18_tr_1_tl_25_w6"/>
               <zone points="4103,5757 4103,5817 4559,5817 4559,5757" type="word" xml:id="facs_18_tr_1_tl_25_w7"/>
            </zone>
            <zone points="1114,6159 1931,6145 2032,6061 2081,6075 2147,6132 2235,6070 2287,6083 2340,6066 2345,5956 2314,5965 2261,5916 2169,5934 2094,5872 1997,5894 1119,5908" rendition="Line" xml:id="facs_18_line_1719402101443_309">
               <zone points="1937,6022 1937,6082 2303,6082 2303,6022" type="word" xml:id="facs_18_line_1719402101443_309_w1"/>
            </zone>
         </zone>
         <zone points="1111,6062 4635,6062 4635,6424 1111,6424" rendition="TextRegion" xml:id="facs_18_TextRegion_1719402101413_305">
            <zone points="1298,6325 1623,6352 1746,6409 1913,6334 2015,6387 2120,6339 2221,6387 2419,6334 2459,6369 2551,6308 2622,6361 2864,6374 3044,6295 3246,6330 3339,6405 3444,6343 3506,6396 3633,6343 3708,6396 3968,6422 4034,6387 4214,6510 4408,6431 4487,6501 4610,6462 4632,5886 4447,5921 4293,5872 4214,5921 4148,5877 3972,5969 3875,5890 3743,5947 3387,5899 2996,5974 2912,5934 2771,6000 2591,5956 2428,6057 2235,6070 2151,6132 2023,6070 1913,6149 1733,6145 1619,6092 1474,6189 1425,6136 1306,6149" rendition="Line" xml:id="facs_18_tr_1_tl_27">
               <zone points="1367,6249 1367,6309 1401,6309 1401,6249" type="word" xml:id="facs_18_tr_1_tl_27_w1"/>
               <zone points="1564,6237 1564,6297 1841,6297 1841,6237" type="word" xml:id="facs_18_tr_1_tl_27_w2"/>
               <zone points="1964,6216 1964,6276 2557,6276 2557,6216" type="word" xml:id="facs_18_tr_1_tl_27_w3"/>
               <zone points="2641,6206 2641,6266 2676,6266 2676,6206" type="word" xml:id="facs_18_tr_1_tl_27_w4"/>
               <zone points="2725,6202 2725,6262 2997,6262 2997,6202" type="word" xml:id="facs_18_tr_1_tl_27_w5"/>
               <zone points="3081,6191 3081,6251 3397,6251 3397,6191" type="word" xml:id="facs_18_tr_1_tl_27_w6"/>
               <zone points="3481,6180 3481,6240 3634,6240 3634,6180" type="word" xml:id="facs_18_tr_1_tl_27_w7"/>
               <zone points="3683,6172 3683,6232 3876,6232 3876,6172" type="word" xml:id="facs_18_tr_1_tl_27_w8"/>
               <zone points="3920,6143 3920,6203 4592,6203 4592,6143" type="word" xml:id="facs_18_tr_1_tl_27_w9"/>
            </zone>
         </zone>
      </surface>
      <surface lrx="5503" lry="8255" ulx="0" uly="0" xml:id="facs_19">
         <!--<graphic height="8255px" url="69062593.jpg" width="5503px"/>-->
         <graphic height="8255px" url="https://files.transkribus.eu/Get?id=OUQJDDAVSKYFSSNTHPFGXXKW&amp;fileType=view" width="5503px"/>
         <zone points="829,1545 4336,1545 4394,5909 887,5909" rendition="TextRegion" xml:id="facs_19_TextRegion_1719402171158_363">
            <zone points="877,1844 1367,1866 1541,1818 1762,1858 2096,1792 2261,1840 2391,1801 2600,1831 2799,1779 2869,1823 2930,1779 3298,1758 3559,1797 3611,1749 3672,1792 3750,1736 3893,1775 4145,1710 4331,1771 4340,1528 3997,1484 3897,1528 3724,1476 3520,1558 3294,1506 2708,1558 2643,1606 2387,1558 2292,1610 2209,1541 2014,1545 1910,1636 1749,1532 1410,1619 1345,1571 1176,1571 1115,1619 885,1601" rendition="Line" xml:id="facs_19_tr_1_tl_4">
               <zone points="923,1762 923,1822 1261,1822 1261,1762" type="word" xml:id="facs_19_tr_1_tl_4_w1"/>
               <zone points="1350,1748 1350,1808 2062,1808 2062,1748" type="word" xml:id="facs_19_tr_1_tl_4_w2"/>
               <zone points="2151,1734 2151,1794 2460,1794 2460,1734" type="word" xml:id="facs_19_tr_1_tl_4_w3"/>
               <zone points="2549,1726 2549,1786 2944,1786 2944,1726" type="word" xml:id="facs_19_tr_1_tl_4_w4"/>
               <zone points="3005,1696 3005,1756 3432,1756 3432,1696" type="word" xml:id="facs_19_tr_1_tl_4_w5"/>
               <zone points="3521,1683 3521,1743 3915,1743 3915,1683" type="word" xml:id="facs_19_tr_1_tl_4_w6"/>
               <zone points="3976,1662 3976,1722 4314,1722 4314,1662" type="word" xml:id="facs_19_tr_1_tl_4_w7"/>
            </zone>
            <zone points="890,2035 1180,2048 1437,1992 1619,2040 1658,2001 1992,1979 2148,2035 2235,1975 2305,2014 3008,1957 3146,1988 3446,1940 3689,1966 3850,1927 3906,1962 3962,1918 4014,1979 4132,1914 4344,1914 4349,1762 4080,1710 3897,1775 3789,1736 3689,1792 3611,1753 3559,1797 3251,1758 2934,1779 2869,1823 2804,1779 2595,1844 2196,1831 2118,1792 1766,1853 1467,1814 1371,1862 894,1840" rendition="Line" xml:id="facs_19_tr_1_tl_5">
               <zone points="933,1961 933,2021 1091,2021 1091,1961" type="word" xml:id="facs_19_tr_1_tl_5_w1"/>
               <zone points="1201,1954 1201,2014 1225,2014 1225,1954" type="word" xml:id="facs_19_tr_1_tl_5_w2"/>
               <zone points="1255,1936 1255,1996 1764,1996 1764,1936" type="word" xml:id="facs_19_tr_1_tl_5_w3"/>
               <zone points="1821,1931 1821,1991 2036,1991 2036,1931" type="word" xml:id="facs_19_tr_1_tl_5_w4"/>
               <zone points="2120,1925 2120,1985 2331,1985 2331,1925" type="word" xml:id="facs_19_tr_1_tl_5_w5"/>
               <zone points="2415,1917 2415,1977 2599,1977 2599,1917" type="word" xml:id="facs_19_tr_1_tl_5_w6"/>
               <zone points="2686,1908 2686,1968 2951,1968 2951,1908" type="word" xml:id="facs_19_tr_1_tl_5_w7"/>
               <zone points="3035,1901 3035,1961 3249,1961 3249,1901" type="word" xml:id="facs_19_tr_1_tl_5_w8"/>
               <zone points="3333,1883 3333,1943 3624,1943 3624,1883" type="word" xml:id="facs_19_tr_1_tl_5_w9"/>
               <zone points="3708,1857 3708,1917 4325,1917 4325,1857" type="word" xml:id="facs_19_tr_1_tl_5_w10"/>
            </zone>
            <zone points="877,2244 1237,2196 1428,2239 1658,2170 1719,2205 2070,2170 2118,2205 2665,2161 2721,2200 2938,2140 3003,2183 3081,2135 3333,2170 3511,2135 3585,2174 3841,2109 4101,2148 4327,2114 4336,1923 4162,1914 4014,1975 3971,1931 3884,1970 3837,1936 3511,1970 3455,1940 3129,1996 3034,1957 2743,2001 2604,1975 2535,2014 2344,1992 2231,2035 1992,1983 1749,2040 1437,1992 881,2048" rendition="Line" xml:id="facs_19_tr_1_tl_6">
               <zone points="921,2129 921,2189 1866,2189 1866,2129" type="word" xml:id="facs_19_tr_1_tl_6_w1"/>
               <zone points="2005,2118 2005,2178 2059,2178 2059,2118" type="word" xml:id="facs_19_tr_1_tl_6_w2"/>
               <zone points="2089,2116 2089,2176 2302,2176 2302,2116" type="word" xml:id="facs_19_tr_1_tl_6_w3"/>
               <zone points="2413,2102 2413,2162 2873,2162 2873,2102" type="word" xml:id="facs_19_tr_1_tl_6_w4"/>
               <zone points="3011,2075 3011,2135 3771,2135 3771,2075" type="word" xml:id="facs_19_tr_1_tl_6_w5"/>
               <zone points="3883,2044 3883,2104 4312,2104 4312,2044" type="word" xml:id="facs_19_tr_1_tl_6_w6"/>
            </zone>
            <zone points="881,2396 1198,2409 1289,2370 1410,2413 1523,2370 1632,2404 1706,2357 1788,2400 2122,2357 2226,2400 2426,2344 2895,2378 2995,2335 3268,2378 3485,2309 3533,2352 3685,2305 3784,2352 3967,2305 4171,2335 4214,2292 4353,2331 4327,2109 4097,2144 3841,2109 3628,2179 3511,2135 2999,2183 2938,2144 2726,2196 2326,2166 1914,2226 1827,2174 1606,2183 1554,2235 1215,2200 994,2261 885,2239" rendition="Line" xml:id="facs_19_tr_1_tl_7">
               <zone points="922,2331 922,2391 1126,2391 1126,2331" type="word" xml:id="facs_19_tr_1_tl_7_w1"/>
               <zone points="1182,2302 1182,2362 2196,2362 2196,2302" type="word" xml:id="facs_19_tr_1_tl_7_w2"/>
               <zone points="2251,2294 2251,2354 2325,2354 2325,2294" type="word" xml:id="facs_19_tr_1_tl_7_w3"/>
               <zone points="2384,2293 2384,2353 2614,2353 2614,2293" type="word" xml:id="facs_19_tr_1_tl_7_w4"/>
               <zone points="2669,2286 2669,2346 2821,2346 2821,2286" type="word" xml:id="facs_19_tr_1_tl_7_w5"/>
               <zone points="2879,2276 2879,2336 3083,2336 3083,2276" type="word" xml:id="facs_19_tr_1_tl_7_w6"/>
               <zone points="3113,2271 3113,2331 3527,2331 3527,2271" type="word" xml:id="facs_19_tr_1_tl_7_w7"/>
               <zone points="3608,2252 3608,2312 3787,2312 3787,2252" type="word" xml:id="facs_19_tr_1_tl_7_w8"/>
               <zone points="3842,2238 3842,2298 4308,2298 4308,2238" type="word" xml:id="facs_19_tr_1_tl_7_w9"/>
            </zone>
            <zone points="881,2591 1827,2591 2270,2543 2374,2578 2461,2535 2617,2578 2743,2530 2964,2517 3025,2552 3333,2509 3403,2556 3572,2496 3650,2535 3967,2530 4062,2478 4327,2517 4336,2326 3897,2309 3737,2352 3650,2309 3533,2352 3459,2313 3220,2378 3012,2335 2895,2378 2509,2344 2287,2409 2127,2357 1988,2404 1706,2357 1628,2409 1523,2370 1415,2413 1345,2374 885,2413" rendition="Line" xml:id="facs_19_tr_1_tl_8">
               <zone points="923,2504 923,2564 1549,2564 1549,2504" type="word" xml:id="facs_19_tr_1_tl_8_w1"/>
               <zone points="1631,2494 1631,2554 2077,2554 2077,2494" type="word" xml:id="facs_19_tr_1_tl_8_w2"/>
               <zone points="2185,2480 2185,2540 2998,2540 2998,2480" type="word" xml:id="facs_19_tr_1_tl_8_w3"/>
               <zone points="3106,2457 3106,2517 3287,2517 3287,2457" type="word" xml:id="facs_19_tr_1_tl_8_w4"/>
               <zone points="3395,2442 3395,2502 3867,2502 3867,2442" type="word" xml:id="facs_19_tr_1_tl_8_w5"/>
               <zone points="3949,2432 3949,2492 3998,2492 3998,2432" type="word" xml:id="facs_19_tr_1_tl_8_w6"/>
               <zone points="4054,2426 4054,2486 4260,2486 4260,2426" type="word" xml:id="facs_19_tr_1_tl_8_w7"/>
            </zone>
            <zone points="890,2765 2140,2730 2270,2769 2348,2721 2556,2760 2691,2708 3168,2752 3220,2704 3355,2695 3424,2734 3515,2695 4301,2712 4349,2699 4357,2465 4262,2509 4058,2478 3967,2530 3832,2504 3572,2556 3520,2517 3403,2556 3337,2509 3012,2556 2847,2522 2604,2578 2456,2535 2374,2578 2265,2548 1823,2595 1706,2561 1289,2613 1202,2569 1029,2630 894,2600" rendition="Line" xml:id="facs_19_tr_1_tl_9">
               <zone points="930,2703 930,2763 1128,2763 1128,2703" type="word" xml:id="facs_19_tr_1_tl_9_w1"/>
               <zone points="1232,2697 1232,2757 1406,2757 1406,2697" type="word" xml:id="facs_19_tr_1_tl_9_w2"/>
               <zone points="1484,2693 1484,2753 1683,2753 1683,2693" type="word" xml:id="facs_19_tr_1_tl_9_w3"/>
               <zone points="1787,2682 1787,2742 1985,2742 1985,2682" type="word" xml:id="facs_19_tr_1_tl_9_w4"/>
               <zone points="2067,2661 2067,2721 2744,2721 2744,2661" type="word" xml:id="facs_19_tr_1_tl_9_w5"/>
               <zone points="2823,2649 2823,2709 3327,2709 3327,2649" type="word" xml:id="facs_19_tr_1_tl_9_w6"/>
               <zone points="3406,2641 3406,2701 3428,2701 3428,2641" type="word" xml:id="facs_19_tr_1_tl_9_w7"/>
               <zone points="3481,2631 3481,2691 4033,2691 4033,2631" type="word" xml:id="facs_19_tr_1_tl_9_w8"/>
               <zone points="4111,2615 4111,2675 4310,2675 4310,2615" type="word" xml:id="facs_19_tr_1_tl_9_w9"/>
            </zone>
            <zone points="924,2969 1732,2925 1858,2973 2174,2908 2608,2943 2925,2882 2973,2930 3081,2882 3303,2930 3559,2877 3628,2908 3676,2869 4253,2873 4353,2851 4357,2704 3515,2695 3424,2734 3242,2699 3012,2765 2925,2712 2856,2760 2695,2712 2552,2760 2348,2721 2270,2769 1263,2743 1068,2804 929,2760" rendition="Line" xml:id="facs_19_tr_1_tl_10">
               <zone points="938,2894 938,2954 1157,2954 1157,2894" type="word" xml:id="facs_19_tr_1_tl_10_w1"/>
               <zone points="1210,2887 1210,2947 1432,2947 1432,2887" type="word" xml:id="facs_19_tr_1_tl_10_w2"/>
               <zone points="1460,2877 1460,2937 1802,2937 1802,2877" type="word" xml:id="facs_19_tr_1_tl_10_w3"/>
               <zone points="1855,2863 1855,2923 2003,2923 2003,2863" type="word" xml:id="facs_19_tr_1_tl_10_w4"/>
               <zone points="2055,2853 2055,2913 2648,2913 2648,2853" type="word" xml:id="facs_19_tr_1_tl_10_w5"/>
               <zone points="2700,2839 2700,2899 3268,2899 3268,2839" type="word" xml:id="facs_19_tr_1_tl_10_w6"/>
               <zone points="3296,2829 3296,2889 3394,2889 3394,2829" type="word" xml:id="facs_19_tr_1_tl_10_w7"/>
               <zone points="3472,2821 3472,2881 3740,2881 3740,2821" type="word" xml:id="facs_19_tr_1_tl_10_w8"/>
               <zone points="3842,2816 3842,2876 4039,2876 4039,2816" type="word" xml:id="facs_19_tr_1_tl_10_w9"/>
               <zone points="4092,2802 4092,2862 4311,2862 4311,2802" type="word" xml:id="facs_19_tr_1_tl_10_w10"/>
            </zone>
            <zone points="907,3168 1020,3125 1510,3142 1658,3103 1875,3155 1914,3116 2509,3125 2591,3086 2678,3120 2782,3081 2912,3142 3008,3086 3068,3138 3146,3081 3216,3138 3372,3073 3424,3103 3698,3099 3780,3047 3871,3094 4036,3051 4349,3060 4323,2847 4197,2899 4158,2864 3676,2869 3372,2925 3099,2895 2283,2943 2235,2912 1914,2930 1805,2977 1736,2921 1450,2982 1306,2938 1176,2995 1007,2947 911,2977" rendition="Line" xml:id="facs_19_tr_1_tl_11">
               <zone points="922,3068 922,3128 1073,3128 1073,3068" type="word" xml:id="facs_19_tr_1_tl_11_w1"/>
               <zone points="1179,3064 1179,3124 1642,3124 1642,3064" type="word" xml:id="facs_19_tr_1_tl_11_w2"/>
               <zone points="1696,3040 1696,3100 2287,3100 2287,3040" type="word" xml:id="facs_19_tr_1_tl_11_w3"/>
               <zone points="2342,3036 2342,3096 2548,3096 2548,3036" type="word" xml:id="facs_19_tr_1_tl_11_w4"/>
               <zone points="2628,3026 2628,3086 3270,3086 3270,3026" type="word" xml:id="facs_19_tr_1_tl_11_w5"/>
               <zone points="3325,3014 3325,3074 3347,3074 3347,3014" type="word" xml:id="facs_19_tr_1_tl_11_w6"/>
               <zone points="3405,3011 3405,3071 3608,3071 3608,3011" type="word" xml:id="facs_19_tr_1_tl_11_w7"/>
               <zone points="3688,3002 3688,3062 3813,3062 3813,3002" type="word" xml:id="facs_19_tr_1_tl_11_w8"/>
               <zone points="3871,2995 3871,3055 4279,3055 4279,2995" type="word" xml:id="facs_19_tr_1_tl_11_w9"/>
            </zone>
            <zone points="890,3337 1719,3307 1775,3346 1970,3290 2252,3329 2422,3281 2565,3324 2934,3268 3277,3303 3693,3242 4297,3277 4344,3272 4349,3064 4032,3051 3719,3112 3368,3073 3212,3138 3146,3081 3068,3138 3021,3086 2903,3120 2578,3081 2287,3142 2096,3103 1871,3160 1636,3112 1528,3168 1432,3129 894,3164" rendition="Line" xml:id="facs_19_tr_1_tl_12">
               <zone points="931,3258 931,3318 1133,3318 1133,3258" type="word" xml:id="facs_19_tr_1_tl_12_w1"/>
               <zone points="1188,3251 1188,3311 1519,3311 1519,3251" type="word" xml:id="facs_19_tr_1_tl_12_w2"/>
               <zone points="1599,3238 1599,3298 2062,3298 2062,3238" type="word" xml:id="facs_19_tr_1_tl_12_w3"/>
               <zone points="2142,3222 2142,3282 2756,3282 2756,3222" type="word" xml:id="facs_19_tr_1_tl_12_w4"/>
               <zone points="2810,3211 2810,3271 3141,3271 3141,3211" type="word" xml:id="facs_19_tr_1_tl_12_w5"/>
               <zone points="3250,3204 3250,3264 3273,3264 3273,3204" type="word" xml:id="facs_19_tr_1_tl_12_w6"/>
               <zone points="3327,3196 3327,3256 3581,3256 3581,3196" type="word" xml:id="facs_19_tr_1_tl_12_w7"/>
               <zone points="3636,3194 3636,3254 3710,3254 3710,3194" type="word" xml:id="facs_19_tr_1_tl_12_w8"/>
               <zone points="3790,3187 3790,3247 4301,3247 4301,3187" type="word" xml:id="facs_19_tr_1_tl_12_w9"/>
            </zone>
            <zone points="898,3550 990,3502 1198,3546 1311,3502 1562,3528 1636,3481 1701,3528 1836,3481 2001,3524 2396,3463 2721,3502 3090,3446 3186,3498 3246,3459 3381,3485 3745,3424 4140,3476 4379,3424 4383,3272 4171,3251 3984,3294 3871,3242 3481,3294 2934,3268 2561,3329 1962,3294 1818,3346 1532,3307 1397,3350 1102,3311 903,3364" rendition="Line" xml:id="facs_19_tr_1_tl_13">
               <zone points="935,3441 935,3501 1430,3501 1430,3441" type="word" xml:id="facs_19_tr_1_tl_13_w1"/>
               <zone points="1507,3418 1507,3478 2124,3478 2124,3418" type="word" xml:id="facs_19_tr_1_tl_13_w2"/>
               <zone points="2174,3409 2174,3469 2696,3469 2696,3409" type="word" xml:id="facs_19_tr_1_tl_13_w3"/>
               <zone points="2747,3402 2747,3462 3005,3462 3005,3402" type="word" xml:id="facs_19_tr_1_tl_13_w4"/>
               <zone points="3103,3388 3103,3448 3411,3448 3411,3388" type="word" xml:id="facs_19_tr_1_tl_13_w5"/>
               <zone points="3509,3383 3509,3443 3719,3443 3719,3383" type="word" xml:id="facs_19_tr_1_tl_13_w6"/>
               <zone points="3794,3369 3794,3429 4363,3429 4363,3369" type="word" xml:id="facs_19_tr_1_tl_13_w7"/>
            </zone>
            <zone points="894,3680 1046,3719 1350,3672 1541,3724 1667,3667 2391,3698 2504,3659 2600,3706 2886,3633 2977,3689 3268,3633 3394,3672 3876,3615 4375,3680 4379,3455 4279,3424 4140,3476 3928,3437 3598,3489 3511,3450 3450,3494 3229,3468 3077,3515 3003,3463 2851,3459 2556,3520 2396,3463 2009,3520 1836,3485 1701,3528 1654,3494 1389,3533 1311,3502 1072,3546 1020,3502 898,3550" rendition="Line" xml:id="facs_19_tr_1_tl_14">
               <zone points="932,3632 932,3692 1146,3692 1146,3632" type="word" xml:id="facs_19_tr_1_tl_14_w1"/>
               <zone points="1246,3612 1246,3672 1774,3672 1774,3612" type="word" xml:id="facs_19_tr_1_tl_14_w2"/>
               <zone points="1850,3609 1850,3669 2040,3669 2040,3609" type="word" xml:id="facs_19_tr_1_tl_14_w3"/>
               <zone points="2115,3602 2115,3662 2716,3662 2716,3602" type="word" xml:id="facs_19_tr_1_tl_14_w4"/>
               <zone points="2816,3584 2816,3644 3296,3644 3296,3584" type="word" xml:id="facs_19_tr_1_tl_14_w5"/>
               <zone points="3371,3574 3371,3634 3585,3634 3585,3574" type="word" xml:id="facs_19_tr_1_tl_14_w6"/>
               <zone points="3637,3568 3637,3628 3658,3628 3658,3568" type="word" xml:id="facs_19_tr_1_tl_14_w7"/>
               <zone points="3685,3570 3685,3630 3948,3630 3948,3570" type="word" xml:id="facs_19_tr_1_tl_14_w8"/>
               <zone points="4023,3556 4023,3616 4334,3616 4334,3556" type="word" xml:id="facs_19_tr_1_tl_14_w9"/>
            </zone>
            <zone points="890,3893 1410,3897 1597,3854 1723,3902 1810,3854 2361,3837 2921,3876 3081,3832 3220,3889 3311,3828 3602,3854 3676,3811 3949,3850 4023,3802 4106,3837 4353,3806 4357,3676 3919,3615 3724,3663 3559,3624 3489,3676 3268,3628 2973,3689 2886,3633 2608,3702 2504,3659 2383,3702 1970,3663 1450,3732 1350,3667 894,3724" rendition="Line" xml:id="facs_19_tr_1_tl_15">
               <zone points="929,3812 929,3872 1025,3872 1025,3812" type="word" xml:id="facs_19_tr_1_tl_15_w1"/>
               <zone points="1102,3811 1102,3871 1445,3871 1445,3811" type="word" xml:id="facs_19_tr_1_tl_15_w2"/>
               <zone points="1522,3806 1522,3866 1568,3866 1568,3806" type="word" xml:id="facs_19_tr_1_tl_15_w3"/>
               <zone points="1596,3791 1596,3851 2433,3851 2433,3791" type="word" xml:id="facs_19_tr_1_tl_15_w4"/>
               <zone points="2535,3776 2535,3836 2730,3836 2730,3776" type="word" xml:id="facs_19_tr_1_tl_15_w5"/>
               <zone points="2831,3763 2831,3823 3520,3823 3520,3763" type="word" xml:id="facs_19_tr_1_tl_15_w6"/>
               <zone points="3548,3752 3548,3812 3693,3812 3693,3752" type="word" xml:id="facs_19_tr_1_tl_15_w7"/>
               <zone points="3746,3749 3746,3809 3767,3809 3767,3749" type="word" xml:id="facs_19_tr_1_tl_15_w8"/>
               <zone points="3820,3748 3820,3808 3990,3808 3990,3748" type="word" xml:id="facs_19_tr_1_tl_15_w9"/>
               <zone points="4042,3747 4042,3807 4311,3807 4311,3747" type="word" xml:id="facs_19_tr_1_tl_15_w10"/>
            </zone>
            <zone points="903,4062 1519,4088 2144,4028 2361,4071 3125,4001 3181,4041 3646,4006 3728,4049 3828,3997 3997,4045 4088,3997 4379,3993 4383,3789 4262,3828 4019,3806 3949,3850 3841,3811 3324,3841 3225,3889 3103,3889 3021,3837 2882,3880 2530,3837 2300,3889 2244,3845 2009,3854 1966,3893 1810,3854 1723,3902 1597,3854 1419,3897 907,3884" rendition="Line" xml:id="facs_19_tr_1_tl_16">
               <zone points="940,3994 940,4054 1717,4054 1717,3994" type="word" xml:id="facs_19_tr_1_tl_16_w1"/>
               <zone points="1768,3972 1768,4032 2261,4032 2261,3972" type="word" xml:id="facs_19_tr_1_tl_16_w2"/>
               <zone points="2335,3965 2335,4025 2592,4025 2592,3965" type="word" xml:id="facs_19_tr_1_tl_16_w3"/>
               <zone points="2666,3955 2666,4015 3042,4015 3042,3955" type="word" xml:id="facs_19_tr_1_tl_16_w4"/>
               <zone points="3139,3950 3139,4010 3325,4010 3325,3950" type="word" xml:id="facs_19_tr_1_tl_16_w5"/>
               <zone points="3423,3946 3423,4006 3609,4006 3609,3946" type="word" xml:id="facs_19_tr_1_tl_16_w6"/>
               <zone points="3659,3948 3659,4008 4058,4008 4058,3948" type="word" xml:id="facs_19_tr_1_tl_16_w7"/>
               <zone points="4109,3938 4109,3998 4295,3998 4295,3938" type="word" xml:id="facs_19_tr_1_tl_16_w8"/>
            </zone>
            <zone points="972,4275 1345,4240 1415,4284 1467,4240 1671,4279 1766,4240 1840,4284 2192,4218 2504,4253 2821,4197 3073,4240 3142,4205 3455,4232 3576,4188 3767,4236 3915,4179 4075,4236 4357,4184 4357,4054 4093,3993 4006,4058 3832,3997 3728,4049 3498,4001 3242,4054 3047,4006 2912,4054 2665,4023 2361,4071 2022,4036 1944,4088 1862,4041 1662,4041 1515,4093 1241,4075 1163,4114 1050,4054 976,4067" rendition="Line" xml:id="facs_19_tr_1_tl_17">
               <zone points="986,4185 986,4245 1545,4245 1545,4185" type="word" xml:id="facs_19_tr_1_tl_17_w1"/>
               <zone points="1646,4179 1646,4239 1937,4239 1937,4179" type="word" xml:id="facs_19_tr_1_tl_17_w2"/>
               <zone points="2013,4166 2013,4226 2059,4226 2059,4166" type="word" xml:id="facs_19_tr_1_tl_17_w3"/>
               <zone points="2111,4164 2111,4224 2328,4224 2328,4164" type="word" xml:id="facs_19_tr_1_tl_17_w4"/>
               <zone points="2404,4159 2404,4219 2621,4219 2621,4159" type="word" xml:id="facs_19_tr_1_tl_17_w5"/>
               <zone points="2701,4150 2701,4210 2771,4210 2771,4150" type="word" xml:id="facs_19_tr_1_tl_17_w6"/>
               <zone points="2872,4147 2872,4207 3309,4207 3309,4147" type="word" xml:id="facs_19_tr_1_tl_17_w7"/>
               <zone points="3434,4137 3434,4197 3822,4197 3822,4137" type="word" xml:id="facs_19_tr_1_tl_17_w8"/>
               <zone points="3874,4128 3874,4188 4311,4188 4311,4128" type="word" xml:id="facs_19_tr_1_tl_17_w9"/>
            </zone>
            <zone points="920,4422 1050,4470 1133,4422 1246,4466 1437,4418 1554,4462 1623,4414 1740,4444 1966,4409 2083,4457 2274,4405 2500,4440 2621,4396 3081,4435 3359,4383 3637,4418 3771,4370 4366,4388 4370,4162 4266,4227 4080,4240 3910,4179 3771,4236 3563,4188 3476,4236 2847,4205 2509,4258 2374,4210 2309,4253 2148,4227 1996,4275 1914,4240 1840,4284 1766,4236 1671,4279 1037,4245 920,4288" rendition="Line" xml:id="facs_19_tr_1_tl_18">
               <zone points="956,4366 956,4426 1391,4426 1391,4366" type="word" xml:id="facs_19_tr_1_tl_18_w1"/>
               <zone points="1486,4351 1486,4411 2014,4411 2014,4351" type="word" xml:id="facs_19_tr_1_tl_18_w2"/>
               <zone points="2112,4344 2112,4404 2248,4404 2248,4344" type="word" xml:id="facs_19_tr_1_tl_18_w3"/>
               <zone points="2343,4338 2343,4398 2594,4398 2594,4338" type="word" xml:id="facs_19_tr_1_tl_18_w4"/>
               <zone points="2643,4334 2643,4394 3289,4394 3289,4334" type="word" xml:id="facs_19_tr_1_tl_18_w5"/>
               <zone points="3384,4326 3384,4386 3566,4386 3566,4326" type="word" xml:id="facs_19_tr_1_tl_18_w6"/>
               <zone points="3684,4322 3684,4382 3797,4382 3797,4322" type="word" xml:id="facs_19_tr_1_tl_18_w7"/>
               <zone points="3846,4310 3846,4370 4351,4370 4351,4310" type="word" xml:id="facs_19_tr_1_tl_18_w8"/>
            </zone>
            <zone points="898,4631 1476,4635 1749,4592 2131,4644 2209,4587 2456,4635 2791,4583 3164,4613 3359,4561 3520,4613 3646,4566 3902,4605 4058,4548 4370,4574 4370,4388 4271,4366 3980,4366 3863,4414 3789,4370 3637,4418 3359,4383 3081,4435 2934,4401 2877,4440 2760,4401 2383,4448 2278,4405 2127,4453 1614,4418 1480,4466 1419,4422 1267,4470 903,4435" rendition="Line" xml:id="facs_19_tr_1_tl_19">
               <zone points="933,4539 933,4599 1158,4599 1158,4539" type="word" xml:id="facs_19_tr_1_tl_19_w1"/>
               <zone points="1252,4541 1252,4601 1569,4601 1569,4541" type="word" xml:id="facs_19_tr_1_tl_19_w2"/>
               <zone points="1663,4535 1663,4595 2002,4595 2002,4535" type="word" xml:id="facs_19_tr_1_tl_19_w3"/>
               <zone points="2051,4539 2051,4599 2595,4599 2595,4539" type="word" xml:id="facs_19_tr_1_tl_19_w4"/>
               <zone points="2643,4525 2643,4585 3393,4585 3393,4525" type="word" xml:id="facs_19_tr_1_tl_19_w5"/>
               <zone points="3464,4511 3464,4571 3918,4571 3918,4511" type="word" xml:id="facs_19_tr_1_tl_19_w6"/>
               <zone points="4012,4506 4012,4566 4283,4566 4283,4506" type="word" xml:id="facs_19_tr_1_tl_19_w7"/>
            </zone>
            <zone points="907,4809 1172,4826 1280,4778 1541,4830 1871,4787 2018,4822 2179,4774 2239,4830 2474,4774 2556,4822 2691,4761 2943,4817 3138,4757 3333,4761 3411,4809 3559,4752 3628,4796 3732,4757 3811,4800 4132,4809 4375,4765 4379,4570 4110,4600 4054,4557 3897,4600 3659,4561 3528,4613 3368,4561 3246,4613 2795,4579 2469,4631 2305,4587 2148,4648 1983,4600 1914,4639 1775,4596 1680,4639 1541,4600 1280,4644 1198,4605 990,4670 907,4635" rendition="Line" xml:id="facs_19_tr_1_tl_20">
               <zone points="945,4740 945,4800 1210,4800 1210,4740" type="word" xml:id="facs_19_tr_1_tl_20_w1"/>
               <zone points="1310,4732 1310,4792 1846,4792 1846,4732" type="word" xml:id="facs_19_tr_1_tl_20_w2"/>
               <zone points="1922,4724 1922,4784 2089,4784 2089,4724" type="word" xml:id="facs_19_tr_1_tl_20_w3"/>
               <zone points="2189,4724 2189,4784 2576,4784 2576,4724" type="word" xml:id="facs_19_tr_1_tl_20_w4"/>
               <zone points="2603,4715 2603,4775 2822,4775 2822,4715" type="word" xml:id="facs_19_tr_1_tl_20_w5"/>
               <zone points="2898,4704 2898,4764 3503,4764 3503,4704" type="word" xml:id="facs_19_tr_1_tl_20_w6"/>
               <zone points="3607,4702 3607,4762 4042,4762 4042,4702" type="word" xml:id="facs_19_tr_1_tl_20_w7"/>
               <zone points="4142,4688 4142,4748 4358,4748 4358,4688" type="word" xml:id="facs_19_tr_1_tl_20_w8"/>
            </zone>
            <zone points="920,4987 1944,4969 2018,5013 2226,4956 2461,5008 2717,4948 2812,4978 2934,4939 3116,4991 3420,4930 3845,4965 4149,4926 4349,4978 4349,4778 4271,4770 4136,4809 3554,4757 3403,4813 3324,4757 3233,4804 2995,4778 2947,4813 2673,4765 2556,4826 2469,4778 2257,4826 2192,4787 2135,4839 1957,4787 1545,4835 1393,4783 1163,4835 1011,4796 924,4822" rendition="Line" xml:id="facs_19_tr_1_tl_21">
               <zone points="952,4924 952,4984 1099,4984 1099,4924" type="word" xml:id="facs_19_tr_1_tl_21_w1"/>
               <zone points="1187,4917 1187,4977 1312,4977 1312,4917" type="word" xml:id="facs_19_tr_1_tl_21_w2"/>
               <zone points="1357,4914 1357,4974 1698,4974 1698,4914" type="word" xml:id="facs_19_tr_1_tl_21_w3"/>
               <zone points="1786,4908 1786,4968 2170,4968 2170,4908" type="word" xml:id="facs_19_tr_1_tl_21_w4"/>
               <zone points="2258,4911 2258,4971 2554,4971 2554,4911" type="word" xml:id="facs_19_tr_1_tl_21_w5"/>
               <zone points="2645,4899 2645,4959 2834,4959 2834,4899" type="word" xml:id="facs_19_tr_1_tl_21_w6"/>
               <zone points="2943,4892 2943,4952 3391,4952 3391,4892" type="word" xml:id="facs_19_tr_1_tl_21_w7"/>
               <zone points="3436,4881 3436,4941 4033,4941 4033,4881" type="word" xml:id="facs_19_tr_1_tl_21_w8"/>
               <zone points="4079,4881 4079,4941 4289,4941 4289,4881" type="word" xml:id="facs_19_tr_1_tl_21_w9"/>
            </zone>
            <zone points="937,5165 1337,5199 1580,5147 1671,5195 1927,5195 2135,5152 2717,5169 2843,5126 3450,5182 3702,5126 4001,5143 4084,5199 4258,5152 4362,5182 4366,4974 4101,4982 3980,4930 3715,4935 3650,4974 3429,4935 3120,4991 3042,4948 2717,4948 2504,5008 2213,4978 2174,5017 2131,4982 2018,5017 1962,4974 942,4995" rendition="Line" xml:id="facs_19_tr_1_tl_22">
               <zone points="971,5105 971,5165 1478,5165 1478,5105" type="word" xml:id="facs_19_tr_1_tl_22_w1"/>
               <zone points="1547,5094 1547,5154 2212,5154 2212,5094" type="word" xml:id="facs_19_tr_1_tl_22_w2"/>
               <zone points="2281,5089 2281,5149 2791,5149 2791,5089" type="word" xml:id="facs_19_tr_1_tl_22_w3"/>
               <zone points="2838,5085 2838,5145 3104,5145 3104,5085" type="word" xml:id="facs_19_tr_1_tl_22_w4"/>
               <zone points="3195,5083 3195,5143 3370,5143 3370,5083" type="word" xml:id="facs_19_tr_1_tl_22_w5"/>
               <zone points="3439,5076 3439,5136 3547,5136 3547,5076" type="word" xml:id="facs_19_tr_1_tl_22_w6"/>
               <zone points="3616,5079 3616,5139 4303,5139 4303,5079" type="word" xml:id="facs_19_tr_1_tl_22_w7"/>
            </zone>
            <zone points="920,5382 1389,5334 1658,5390 2222,5338 2387,5377 2565,5330 2782,5373 2843,5330 3034,5369 3290,5316 3754,5356 3967,5312 4223,5364 4379,5334 4379,5195 4297,5169 4080,5199 3706,5121 3455,5182 3116,5139 2947,5182 2869,5134 2148,5152 2005,5195 1814,5160 1671,5195 1584,5152 1337,5195 920,5169" rendition="Line" xml:id="facs_19_tr_1_tl_23">
               <zone points="954,5294 954,5354 1353,5354 1353,5294" type="word" xml:id="facs_19_tr_1_tl_23_w1"/>
               <zone points="1423,5291 1423,5351 1580,5351 1580,5291" type="word" xml:id="facs_19_tr_1_tl_23_w2"/>
               <zone points="1694,5288 1694,5348 1714,5348 1714,5288" type="word" xml:id="facs_19_tr_1_tl_23_w3"/>
               <zone points="1761,5286 1761,5346 1959,5346 1959,5286" type="word" xml:id="facs_19_tr_1_tl_23_w4"/>
               <zone points="2051,5282 2051,5342 2253,5342 2253,5282" type="word" xml:id="facs_19_tr_1_tl_23_w5"/>
               <zone points="2345,5276 2345,5336 2632,5336 2632,5276" type="word" xml:id="facs_19_tr_1_tl_23_w6"/>
               <zone points="2727,5270 2727,5330 3193,5330 3193,5270" type="word" xml:id="facs_19_tr_1_tl_23_w7"/>
               <zone points="3311,5269 3311,5329 3509,5329 3509,5269" type="word" xml:id="facs_19_tr_1_tl_23_w8"/>
               <zone points="3601,5268 3601,5328 3869,5328 3869,5268" type="word" xml:id="facs_19_tr_1_tl_23_w9"/>
               <zone points="3984,5269 3984,5329 4316,5329 4316,5269" type="word" xml:id="facs_19_tr_1_tl_23_w10"/>
            </zone>
            <zone points="955,5529 1180,5573 1567,5525 1714,5568 1884,5568 1949,5525 2022,5564 2261,5525 2365,5560 2439,5516 2591,5568 2721,5516 2977,5542 3103,5503 3259,5538 4123,5494 4271,5534 4392,5507 4396,5343 4218,5369 3936,5312 3750,5364 3563,5312 3420,5360 3290,5316 3034,5369 2995,5334 2782,5377 2582,5330 2383,5382 2101,5338 1775,5390 1389,5338 955,5386" rendition="Line" xml:id="facs_19_tr_1_tl_24">
               <zone points="987,5479 987,5539 1598,5539 1598,5479" type="word" xml:id="facs_19_tr_1_tl_24_w1"/>
               <zone points="1728,5468 1728,5528 1746,5528 1746,5468" type="word" xml:id="facs_19_tr_1_tl_24_w2"/>
               <zone points="1836,5467 1836,5527 2236,5527 2236,5467" type="word" xml:id="facs_19_tr_1_tl_24_w3"/>
               <zone points="2323,5461 2323,5521 2469,5521 2469,5461" type="word" xml:id="facs_19_tr_1_tl_24_w4"/>
               <zone points="2535,5458 2535,5518 3022,5518 3022,5458" type="word" xml:id="facs_19_tr_1_tl_24_w5"/>
               <zone points="3130,5455 3130,5515 3381,5515 3381,5455" type="word" xml:id="facs_19_tr_1_tl_24_w6"/>
               <zone points="3469,5449 3469,5509 4040,5509 4040,5449" type="word" xml:id="facs_19_tr_1_tl_24_w7"/>
               <zone points="4128,5448 4128,5508 4316,5508 4316,5448" type="word" xml:id="facs_19_tr_1_tl_24_w8"/>
            </zone>
            <zone points="972,5759 1280,5720 1532,5755 1632,5716 1719,5759 1879,5707 2422,5759 2600,5698 2890,5746 2960,5707 3307,5694 3515,5768 3620,5711 3802,5729 3884,5785 4010,5716 4166,5711 4383,5772 4383,5512 4240,5547 3828,5494 3693,5534 3420,5503 2973,5547 2873,5503 2387,5577 2192,5525 2131,5560 1975,5534 1914,5577 1580,5525 1298,5573 972,5542" rendition="Line" xml:id="facs_19_tr_1_tl_25">
               <zone points="1004,5659 1004,5719 1619,5719 1619,5659" type="word" xml:id="facs_19_tr_1_tl_25_w1"/>
               <zone points="1707,5655 1707,5715 1896,5715 1896,5655" type="word" xml:id="facs_19_tr_1_tl_25_w2"/>
               <zone points="1962,5652 1962,5712 2279,5712 2279,5652" type="word" xml:id="facs_19_tr_1_tl_25_w3"/>
               <zone points="2367,5646 2367,5706 2960,5706 2960,5646" type="word" xml:id="facs_19_tr_1_tl_25_w4"/>
               <zone points="3006,5646 3006,5706 3024,5706 3024,5646" type="word" xml:id="facs_19_tr_1_tl_25_w5"/>
               <zone points="3070,5646 3070,5706 3429,5706 3429,5646" type="word" xml:id="facs_19_tr_1_tl_25_w6"/>
               <zone points="3495,5640 3495,5700 3621,5700 3621,5640" type="word" xml:id="facs_19_tr_1_tl_25_w7"/>
               <zone points="3666,5640 3666,5700 4025,5700 4025,5640" type="word" xml:id="facs_19_tr_1_tl_25_w8"/>
               <zone points="4113,5645 4113,5705 4345,5705 4345,5645" type="word" xml:id="facs_19_tr_1_tl_25_w9"/>
            </zone>
            <zone points="950,5968 1094,5911 1254,5954 1384,5898 1619,5941 1823,5894 2170,5933 2222,5889 2365,5924 2595,5885 2821,5915 2916,5876 3151,5946 3238,5894 3754,5933 3876,5920 3880,5764 3620,5707 3515,5764 3333,5698 3021,5698 2895,5746 2600,5698 2422,5759 2014,5707 1849,5759 1649,5716 1558,5759 1450,5724 1124,5768 955,5733" rendition="Line" xml:id="facs_19_line_1719402171190_366">
               <zone points="982,5863 982,5923 1149,5923 1149,5863" type="word" xml:id="facs_19_line_1719402171190_366_w1"/>
               <zone points="1237,5849 1237,5909 1556,5909 1556,5849" type="word" xml:id="facs_19_line_1719402171190_366_w2"/>
               <zone points="1623,5849 1623,5909 1641,5909 1641,5849" type="word" xml:id="facs_19_line_1719402171190_366_w3"/>
               <zone points="1686,5844 1686,5904 1920,5904 1920,5844" type="word" xml:id="facs_19_line_1719402171190_366_w4"/>
               <zone points="2008,5833 2008,5893 2412,5893 2412,5833" type="word" xml:id="facs_19_line_1719402171190_366_w5"/>
               <zone points="2500,5830 2500,5890 3265,5890 3265,5830" type="word" xml:id="facs_19_line_1719402171190_366_w6"/>
               <zone points="3331,5831 3331,5891 3842,5891 3842,5831" type="word" xml:id="facs_19_line_1719402171190_366_w7"/>
            </zone>
         </zone>
         <zone points="887,5909 4394,5909 4402,6478 895,6478" rendition="TextRegion" xml:id="facs_19_TextRegion_1719402175571_370">
            <zone points="1098,6076 1172,6111 1285,6085 1397,6141 1458,6098 1667,6128 1727,6089 1988,6128 2079,6072 2396,6115 2530,6076 2613,6124 2791,6072 2851,6115 3086,6067 3173,6111 3346,6080 3489,6124 3537,6076 3611,6119 3702,6076 4383,6089 4383,5885 4218,5868 4054,5876 3962,5937 3889,5898 3750,5933 3481,5898 3203,5911 3160,5950 3068,5902 3012,5933 2956,5881 2756,5924 2639,5889 2361,5928 2235,5894 2153,5933 1836,5894 1619,5941 1350,5907 1263,5950 1098,5911" rendition="Line" xml:id="facs_19_tr_1_tl_27">
               <zone points="1155,6036 1155,6096 1286,6096 1286,6036" type="word" xml:id="facs_19_tr_1_tl_27_w1"/>
               <zone points="1334,6033 1334,6093 1555,6093 1555,6033" type="word" xml:id="facs_19_tr_1_tl_27_w2"/>
               <zone points="1714,6022 1714,6082 2386,6082 2386,6022" type="word" xml:id="facs_19_tr_1_tl_27_w3"/>
               <zone points="2504,6019 2504,6079 2546,6079 2546,6019" type="word" xml:id="facs_19_tr_1_tl_27_w4"/>
               <zone points="2593,6019 2593,6079 2747,6079 2747,6019" type="word" xml:id="facs_19_tr_1_tl_27_w5"/>
               <zone points="2839,6010 2839,6070 3309,6070 3309,6010" type="word" xml:id="facs_19_tr_1_tl_27_w6"/>
               <zone points="3424,6012 3424,6072 3533,6072 3533,6012" type="word" xml:id="facs_19_tr_1_tl_27_w7"/>
               <zone points="3626,6022 3626,6082 3872,6082 3872,6022" type="word" xml:id="facs_19_tr_1_tl_27_w8"/>
               <zone points="3942,6025 3942,6085 4118,6085 4118,6025" type="word" xml:id="facs_19_tr_1_tl_27_w9"/>
               <zone points="4233,6020 4233,6080 4297,6080 4297,6020" type="word" xml:id="facs_19_tr_1_tl_27_w10"/>
            </zone>
            <zone points="998,6306 1250,6276 1549,6323 2196,6271 2404,6323 2587,6267 3359,6306 3485,6267 3850,6297 3893,6263 4023,6310 4127,6263 4223,6328 4401,6284 4401,6093 4258,6111 4223,6076 4023,6141 3867,6102 3168,6111 3086,6067 2995,6119 2730,6080 2613,6124 2526,6072 2413,6115 2057,6076 1988,6128 998,6098" rendition="Line" xml:id="facs_19_tr_1_tl_28">
               <zone points="1009,6216 1009,6276 1893,6276 1893,6216" type="word" xml:id="facs_19_tr_1_tl_28_w1"/>
               <zone points="2022,6213 2022,6273 2336,6273 2336,6213" type="word" xml:id="facs_19_tr_1_tl_28_w2"/>
               <zone points="2465,6213 2465,6273 2609,6273 2609,6213" type="word" xml:id="facs_19_tr_1_tl_28_w3"/>
               <zone points="2699,6207 2699,6267 2907,6267 2907,6207" type="word" xml:id="facs_19_tr_1_tl_28_w4"/>
               <zone points="3036,6210 3036,6270 4026,6270 4026,6210" type="word" xml:id="facs_19_tr_1_tl_28_w5"/>
               <zone points="4155,6218 4155,6278 4321,6278 4321,6218" type="word" xml:id="facs_19_tr_1_tl_28_w6"/>
            </zone>
            <zone points="998,6493 1098,6471 1224,6523 1402,6458 1580,6501 1641,6458 1680,6488 1866,6449 1970,6493 2404,6449 2782,6484 2821,6449 3233,6497 3372,6458 3468,6506 3602,6454 3715,6501 4123,6467 4093,6267 4023,6310 3893,6263 3780,6310 3576,6267 2951,6306 2591,6263 2404,6323 1975,6271 1810,6315 998,6302" rendition="Line" xml:id="facs_19_tr_1_tl_29">
               <zone points="1008,6405 1008,6465 1601,6465 1601,6405" type="word" xml:id="facs_19_tr_1_tl_29_w1"/>
               <zone points="1706,6405 1706,6465 1908,6465 1908,6405" type="word" xml:id="facs_19_tr_1_tl_29_w2"/>
               <zone points="1992,6399 1992,6459 2463,6459 2463,6399" type="word" xml:id="facs_19_tr_1_tl_29_w3"/>
               <zone points="2547,6396 2547,6456 3059,6456 3059,6396" type="word" xml:id="facs_19_tr_1_tl_29_w4"/>
               <zone points="3146,6397 3146,6457 3491,6457 3491,6397" type="word" xml:id="facs_19_tr_1_tl_29_w5"/>
               <zone points="3555,6398 3555,6458 3759,6458 3759,6398" type="word" xml:id="facs_19_tr_1_tl_29_w6"/>
               <zone points="3844,6398 3844,6458 4107,6458 4107,6398" type="word" xml:id="facs_19_tr_1_tl_29_w7"/>
            </zone>
         </zone>
         <zone points="895,6478 4402,6478 4408,6884 901,6884" rendition="TextRegion" xml:id="facs_19_TextRegion_1719402175571_369">
            <zone points="1094,6671 1224,6649 1363,6710 1536,6701 1649,6788 1888,6701 2009,6701 2187,6783 2396,6675 2509,6705 2704,6645 2838,6671 2925,6744 3068,6684 3155,6753 3298,6770 3533,6770 3646,6697 3811,6744 3936,6658 4045,6705 4392,6658 4392,6454 4175,6432 3993,6493 3715,6501 3624,6462 3576,6510 3372,6458 3038,6497 2977,6462 2565,6484 2374,6445 2174,6519 1801,6454 1575,6506 1406,6458 1224,6519 1094,6497" rendition="Line" xml:id="facs_19_tr_1_tl_30">
               <zone points="1153,6610 1153,6670 1266,6670 1266,6610" type="word" xml:id="facs_19_tr_1_tl_30_w1"/>
               <zone points="1315,6608 1315,6668 1543,6668 1543,6608" type="word" xml:id="facs_19_tr_1_tl_30_w2"/>
               <zone points="1685,6602 1685,6662 2099,6662 2099,6602" type="word" xml:id="facs_19_tr_1_tl_30_w3"/>
               <zone points="2220,6601 2220,6661 2264,6661 2264,6601" type="word" xml:id="facs_19_tr_1_tl_30_w4"/>
               <zone points="2336,6605 2336,6665 2588,6665 2588,6605" type="word" xml:id="facs_19_tr_1_tl_30_w5"/>
               <zone points="2660,6590 2660,6650 2958,6650 2958,6590" type="word" xml:id="facs_19_tr_1_tl_30_w6"/>
               <zone points="3077,6599 3077,6659 3331,6659 3331,6599" type="word" xml:id="facs_19_tr_1_tl_30_w7"/>
               <zone points="3450,6602 3450,6662 3655,6662 3655,6602" type="word" xml:id="facs_19_tr_1_tl_30_w8"/>
               <zone points="3751,6596 3751,6656 3933,6656 3933,6596" type="word" xml:id="facs_19_tr_1_tl_30_w9"/>
               <zone points="4028,6596 4028,6656 4326,6656 4326,6596" type="word" xml:id="facs_19_tr_1_tl_30_w10"/>
            </zone>
         </zone>
      </surface>
      <surface lrx="5503" lry="8255" ulx="0" uly="0" xml:id="facs_20">
         <!--<graphic height="8255px" url="69063507.jpg" width="5503px"/>-->
         <graphic height="8255px" url="https://files.transkribus.eu/Get?id=NDDEBPJPENMURWDTDHTQLTUG&amp;fileType=view" width="5503px"/>
         <zone points="1116,1206 4629,1206 4629,3226 1116,3226" rendition="TextRegion" xml:id="facs_20_TextRegion_1719402243918_419">
            <zone points="1097,1337 1193,1302 1415,1346 1577,1289 1755,1367 1873,1320 1929,1367 2178,1311 2278,1346 2469,1324 2574,1372 2713,1346 2748,1381 2848,1341 2909,1385 3353,1354 3702,1372 3771,1424 4059,1376 4129,1420 4560,1428 4577,1171 4311,1106 4163,1163 4076,1124 3950,1185 3876,1128 3702,1132 3619,1206 3362,1171 3205,1071 3070,1050 2979,1102 2913,1076 2670,1124 2574,1041 2378,1119 2156,1067 1903,1119 1777,1063 1555,1119 1237,1015 1089,1054" rendition="Line" xml:id="facs_20_tr_1_tl_1">
               <zone points="1164,1256 1164,1316 1475,1316 1475,1256" type="word" xml:id="facs_20_tr_1_tl_1_w1"/>
               <zone points="1565,1258 1565,1318 1908,1318 1908,1258" type="word" xml:id="facs_20_tr_1_tl_1_w2"/>
               <zone points="1998,1265 1998,1325 2166,1325 2166,1265" type="word" xml:id="facs_20_tr_1_tl_1_w3"/>
               <zone points="2259,1273 2259,1333 2656,1333 2656,1273" type="word" xml:id="facs_20_tr_1_tl_1_w4"/>
               <zone points="2745,1285 2745,1345 3146,1345 3146,1285" type="word" xml:id="facs_20_tr_1_tl_1_w5"/>
               <zone points="3206,1308 3206,1368 3779,1368 3779,1308" type="word" xml:id="facs_20_tr_1_tl_1_w6"/>
               <zone points="3811,1318 3811,1378 3836,1378 3836,1318" type="word" xml:id="facs_20_tr_1_tl_1_w7"/>
               <zone points="3868,1325 3868,1385 4183,1385 4183,1325" type="word" xml:id="facs_20_tr_1_tl_1_w8"/>
               <zone points="4272,1339 4272,1399 4526,1399 4526,1339" type="word" xml:id="facs_20_tr_1_tl_1_w9"/>
            </zone>
            <zone points="1097,1520 1267,1511 1367,1559 1455,1498 1559,1546 1642,1498 1764,1542 2095,1520 2173,1568 2426,1520 2565,1563 3258,1542 3406,1598 3506,1546 3606,1590 4224,1577 4446,1620 4568,1616 4564,1428 4481,1455 4172,1411 4050,1446 3928,1381 3771,1424 3702,1372 3349,1354 3223,1389 3049,1350 2966,1394 2713,1346 2596,1385 2221,1315 1768,1363 1577,1289 1455,1363 1180,1315 1093,1341" rendition="Line" xml:id="facs_20_tr_1_tl_2">
               <zone points="1135,1441 1135,1501 1317,1501 1317,1441" type="word" xml:id="facs_20_tr_1_tl_2_w1"/>
               <zone points="1373,1447 1373,1507 2058,1507 2058,1447" type="word" xml:id="facs_20_tr_1_tl_2_w2"/>
               <zone points="2114,1459 2114,1519 2137,1519 2137,1459" type="word" xml:id="facs_20_tr_1_tl_2_w3"/>
               <zone points="2193,1468 2193,1528 2851,1528 2851,1468" type="word" xml:id="facs_20_tr_1_tl_2_w4"/>
               <zone points="2908,1490 2908,1550 3777,1550 3777,1490" type="word" xml:id="facs_20_tr_1_tl_2_w5"/>
               <zone points="3860,1510 3860,1570 3989,1570 3989,1510" type="word" xml:id="facs_20_tr_1_tl_2_w6"/>
               <zone points="4045,1517 4045,1577 4148,1577 4148,1517" type="word" xml:id="facs_20_tr_1_tl_2_w7"/>
               <zone points="4230,1523 4230,1583 4518,1583 4518,1523" type="word" xml:id="facs_20_tr_1_tl_2_w8"/>
            </zone>
            <zone points="1111,1716 1759,1703 1838,1742 1968,1703 2099,1755 2186,1712 2282,1751 2613,1716 2861,1759 2935,1720 3123,1772 3697,1738 4041,1807 4246,1768 4346,1807 4381,1772 4564,1781 4560,1616 3863,1603 3706,1559 3602,1607 3497,1542 3393,1594 3301,1542 3175,1581 2491,1524 2169,1568 1982,1520 1759,1546 1616,1507 1511,1542 1446,1507 1394,1559 1106,1520" rendition="Line" xml:id="facs_20_tr_1_tl_3">
               <zone points="1145,1640 1145,1700 1292,1700 1292,1640" type="word" xml:id="facs_20_tr_1_tl_3_w1"/>
               <zone points="1395,1643 1395,1703 1442,1703 1442,1643" type="word" xml:id="facs_20_tr_1_tl_3_w2"/>
               <zone points="1495,1644 1495,1704 2216,1704 2216,1644" type="word" xml:id="facs_20_tr_1_tl_3_w3"/>
               <zone points="2294,1652 2294,1712 2341,1712 2341,1652" type="word" xml:id="facs_20_tr_1_tl_3_w4"/>
               <zone points="2394,1662 2394,1722 3219,1722 3219,1662" type="word" xml:id="facs_20_tr_1_tl_3_w5"/>
               <zone points="3322,1679 3322,1739 3368,1739 3368,1679" type="word" xml:id="facs_20_tr_1_tl_3_w6"/>
               <zone points="3421,1687 3421,1747 3743,1747 3743,1687" type="word" xml:id="facs_20_tr_1_tl_3_w7"/>
               <zone points="3821,1697 3821,1757 4018,1757 4018,1697" type="word" xml:id="facs_20_tr_1_tl_3_w8"/>
               <zone points="4121,1708 4121,1768 4517,1768 4517,1708" type="word" xml:id="facs_20_tr_1_tl_3_w9"/>
            </zone>
            <zone points="1111,1929 1263,1890 1433,1934 1494,1886 1598,1921 1838,1890 1968,1934 2143,1907 2208,1947 2469,1907 2609,1947 2792,1907 3340,1960 3571,1934 3636,1973 3737,1942 3824,1995 3880,1951 4055,1990 4159,1938 4407,1995 4573,1968 4542,1777 4433,1825 4268,1772 4050,1807 3658,1733 3427,1794 3231,1742 3114,1772 3044,1729 2988,1764 2208,1720 2156,1768 1955,1707 1825,1746 1685,1698 1507,1738 1433,1703 1385,1746 1189,1690 1106,1716" rendition="Line" xml:id="facs_20_tr_1_tl_4">
               <zone points="1145,1835 1145,1895 2063,1895 2063,1835" type="word" xml:id="facs_20_tr_1_tl_4_w1"/>
               <zone points="2140,1841 2140,1901 2286,1901 2286,1841" type="word" xml:id="facs_20_tr_1_tl_4_w2"/>
               <zone points="2388,1845 2388,1905 2710,1905 2710,1845" type="word" xml:id="facs_20_tr_1_tl_4_w3"/>
               <zone points="2788,1858 2788,1918 3209,1918 3209,1858" type="word" xml:id="facs_20_tr_1_tl_4_w4"/>
               <zone points="3287,1871 3287,1931 3507,1931 3507,1871" type="word" xml:id="facs_20_tr_1_tl_4_w5"/>
               <zone points="3609,1883 3609,1943 4006,1943 4006,1883" type="word" xml:id="facs_20_tr_1_tl_4_w6"/>
               <zone points="4108,1891 4108,1951 4155,1951 4155,1891" type="word" xml:id="facs_20_tr_1_tl_4_w7"/>
               <zone points="4257,1903 4257,1963 4527,1963 4527,1903" type="word" xml:id="facs_20_tr_1_tl_4_w8"/>
            </zone>
            <zone points="1115,2086 1829,2130 1925,2086 2021,2134 2252,2143 2626,2090 2770,2138 2848,2103 2905,2160 3014,2103 3149,2147 3244,2103 3336,2156 3641,2134 3867,2186 3959,2151 4490,2191 4595,2151 4590,1964 4407,1995 4163,1938 4037,1990 3885,1947 3819,1990 3737,1947 3632,1973 3401,1929 3314,1982 3096,1916 2800,1960 2508,1907 2212,1947 1855,1894 1677,1938 1572,1899 1372,1934 1259,1890 1111,1929" rendition="Line" xml:id="facs_20_tr_1_tl_5">
               <zone points="1149,2031 1149,2091 1850,2091 1850,2031" type="word" xml:id="facs_20_tr_1_tl_5_w1"/>
               <zone points="1926,2026 1926,2086 1948,2086 1948,2026" type="word" xml:id="facs_20_tr_1_tl_5_w2"/>
               <zone points="1975,2028 1975,2088 2166,2088 2166,2028" type="word" xml:id="facs_20_tr_1_tl_5_w3"/>
               <zone points="2266,2035 2266,2095 2701,2095 2701,2035" type="word" xml:id="facs_20_tr_1_tl_5_w4"/>
               <zone points="2752,2039 2752,2099 3311,2099 3311,2039" type="word" xml:id="facs_20_tr_1_tl_5_w5"/>
               <zone points="3338,2067 3338,2127 3724,2127 3724,2067" type="word" xml:id="facs_20_tr_1_tl_5_w6"/>
               <zone points="3824,2075 3824,2135 4088,2135 4088,2075" type="word" xml:id="facs_20_tr_1_tl_5_w7"/>
               <zone points="4164,2079 4164,2139 4283,2139 4283,2079" type="word" xml:id="facs_20_tr_1_tl_5_w8"/>
               <zone points="4334,2083 4334,2143 4501,2143 4501,2083" type="word" xml:id="facs_20_tr_1_tl_5_w9"/>
            </zone>
            <zone points="1132,2330 1921,2282 2373,2334 2556,2286 2805,2334 2879,2291 3035,2330 3162,2295 3262,2352 3584,2308 3850,2317 3906,2356 4015,2313 4076,2352 4229,2321 4407,2369 4581,2330 4577,2195 4407,2164 3867,2186 3798,2138 3545,2138 3506,2169 3236,2103 3153,2151 3022,2121 2909,2160 2835,2108 2761,2138 2626,2090 2574,2130 2408,2095 2343,2143 2016,2130 1925,2086 1842,2125 1128,2099" rendition="Line" xml:id="facs_20_tr_1_tl_6">
               <zone points="1165,2217 1165,2277 1541,2277 1541,2217" type="word" xml:id="facs_20_tr_1_tl_6_w1"/>
               <zone points="1639,2213 1639,2273 2302,2273 2302,2213" type="word" xml:id="facs_20_tr_1_tl_6_w2"/>
               <zone points="2376,2227 2376,2287 2636,2287 2636,2227" type="word" xml:id="facs_20_tr_1_tl_6_w3"/>
               <zone points="2710,2229 2710,2289 2897,2289 2897,2229" type="word" xml:id="facs_20_tr_1_tl_6_w4"/>
               <zone points="2995,2243 2995,2303 3255,2303 3255,2243" type="word" xml:id="facs_20_tr_1_tl_6_w5"/>
               <zone points="3306,2250 3306,2310 3350,2310 3350,2250" type="word" xml:id="facs_20_tr_1_tl_6_w6"/>
               <zone points="3377,2256 3377,2316 3610,2316 3610,2256" type="word" xml:id="facs_20_tr_1_tl_6_w7"/>
               <zone points="3732,2262 3732,2322 3992,2322 3992,2262" type="word" xml:id="facs_20_tr_1_tl_6_w8"/>
               <zone points="4066,2268 4066,2328 4300,2328 4300,2268" type="word" xml:id="facs_20_tr_1_tl_6_w9"/>
               <zone points="4374,2269 4374,2329 4537,2329 4537,2269" type="word" xml:id="facs_20_tr_1_tl_6_w10"/>
            </zone>
            <zone points="1115,2487 1712,2491 1816,2448 1881,2500 2134,2478 2186,2522 2508,2474 2552,2508 2678,2478 2783,2530 2988,2478 3088,2513 3710,2513 3784,2565 3845,2508 3998,2548 4198,2517 4285,2565 4372,2517 4595,2530 4590,2330 4433,2369 4150,2321 3920,2360 3854,2317 3719,2352 3584,2313 3262,2352 3157,2295 2800,2330 2548,2286 2439,2334 1921,2282 1833,2326 1755,2291 1111,2326" rendition="Line" xml:id="facs_20_tr_1_tl_7">
               <zone points="1147,2409 1147,2469 1514,2469 1514,2409" type="word" xml:id="facs_20_tr_1_tl_7_w1"/>
               <zone points="1586,2409 1586,2469 1791,2469 1791,2409" type="word" xml:id="facs_20_tr_1_tl_7_w2"/>
               <zone points="1841,2409 1841,2469 2188,2469 2188,2409" type="word" xml:id="facs_20_tr_1_tl_7_w3"/>
               <zone points="2283,2419 2283,2479 2743,2479 2743,2419" type="word" xml:id="facs_20_tr_1_tl_7_w4"/>
               <zone points="2815,2416 2815,2476 3231,2476 3231,2416" type="word" xml:id="facs_20_tr_1_tl_7_w5"/>
               <zone points="3304,2433 3304,2493 3509,2493 3509,2433" type="word" xml:id="facs_20_tr_1_tl_7_w6"/>
               <zone points="3581,2447 3581,2507 4090,2507 4090,2447" type="word" xml:id="facs_20_tr_1_tl_7_w7"/>
               <zone points="4162,2455 4162,2515 4321,2515 4321,2455" type="word" xml:id="facs_20_tr_1_tl_7_w8"/>
               <zone points="4417,2460 4417,2520 4506,2520 4506,2460" type="word" xml:id="facs_20_tr_1_tl_7_w9"/>
            </zone>
            <zone points="1141,2691 1624,2648 1807,2661 1890,2718 1947,2670 2212,2696 2330,2648 2456,2704 3166,2678 3340,2722 3475,2683 3632,2735 3780,2696 3845,2739 4041,2696 4176,2700 4242,2757 4359,2718 4455,2752 4564,2731 4564,2543 4372,2517 4285,2569 4203,2522 3994,2548 3876,2513 3780,2561 3741,2522 3292,2491 3179,2543 2992,2478 2787,2526 2670,2474 2186,2522 2108,2482 1886,2504 1816,2448 1637,2500 1137,2474" rendition="Line" xml:id="facs_20_tr_1_tl_8">
               <zone points="1150,2606 1150,2666 1673,2666 1673,2606" type="word" xml:id="facs_20_tr_1_tl_8_w1"/>
               <zone points="1748,2600 1748,2660 2175,2660 2175,2600" type="word" xml:id="facs_20_tr_1_tl_8_w2"/>
               <zone points="2274,2606 2274,2666 2318,2666 2318,2606" type="word" xml:id="facs_20_tr_1_tl_8_w3"/>
               <zone points="2369,2607 2369,2667 2748,2667 2748,2607" type="word" xml:id="facs_20_tr_1_tl_8_w4"/>
               <zone points="2823,2612 2823,2672 3205,2672 3205,2612" type="word" xml:id="facs_20_tr_1_tl_8_w5"/>
               <zone points="3280,2637 3280,2697 4233,2697 4233,2637" type="word" xml:id="facs_20_tr_1_tl_8_w6"/>
               <zone points="4308,2641 4308,2701 4496,2701 4496,2641" type="word" xml:id="facs_20_tr_1_tl_8_w7"/>
            </zone>
            <zone points="1150,2892 1894,2853 2426,2896 2487,2853 2718,2900 2927,2870 3057,2918 3166,2870 3262,2927 3506,2887 3802,2931 3859,2883 4185,2918 4242,2874 4586,2905 4581,2748 4520,2722 4242,2757 4133,2700 3641,2735 3480,2683 3149,2722 3092,2678 2805,2726 2731,2674 2456,2704 2330,2648 2247,2696 1938,2722 1820,2661 1594,2670 1485,2735 1254,2661 1145,2691" rendition="Line" xml:id="facs_20_tr_1_tl_9">
               <zone points="1181,2785 1181,2845 2048,2845 2048,2785" type="word" xml:id="facs_20_tr_1_tl_9_w1"/>
               <zone points="2098,2795 2098,2855 2566,2855 2566,2795" type="word" xml:id="facs_20_tr_1_tl_9_w2"/>
               <zone points="2640,2801 2640,2861 2967,2861 2967,2801" type="word" xml:id="facs_20_tr_1_tl_9_w3"/>
               <zone points="3041,2809 3041,2869 3249,2869 3249,2809" type="word" xml:id="facs_20_tr_1_tl_9_w4"/>
               <zone points="3322,2820 3322,2880 3650,2880 3650,2820" type="word" xml:id="facs_20_tr_1_tl_9_w5"/>
               <zone points="3700,2821 3700,2881 3720,2881 3720,2821" type="word" xml:id="facs_20_tr_1_tl_9_w6"/>
               <zone points="3770,2827 3770,2887 4191,2887 4191,2827" type="word" xml:id="facs_20_tr_1_tl_9_w7"/>
               <zone points="4288,2826 4288,2886 4566,2886 4566,2826" type="word" xml:id="facs_20_tr_1_tl_9_w8"/>
            </zone>
            <zone points="1111,3075 1637,3049 1764,3096 1855,3053 1894,3092 2130,3105 2317,3049 2448,3101 2661,3053 2866,3118 3118,3057 3597,3118 3824,3118 3876,3075 3959,3131 4203,3083 4399,3131 4590,3088 4586,2913 3854,2883 3724,2931 3423,2883 3266,2931 3157,2879 2783,2909 2591,2861 2247,2905 1912,2853 1847,2892 1707,2853 1407,2905 1246,2861 1106,2892" rendition="Line" xml:id="facs_20_tr_1_tl_10">
               <zone points="1142,2988 1142,3048 1301,3048 1301,2988" type="word" xml:id="facs_20_tr_1_tl_10_w1"/>
               <zone points="1396,2987 1396,3047 1440,3047 1440,2987" type="word" xml:id="facs_20_tr_1_tl_10_w2"/>
               <zone points="1489,2987 1489,3047 1764,3047 1764,2987" type="word" xml:id="facs_20_tr_1_tl_10_w3"/>
               <zone points="1836,2988 1836,3048 2250,3048 2250,2988" type="word" xml:id="facs_20_tr_1_tl_10_w4"/>
               <zone points="2372,2994 2372,3054 2785,3054 2785,2994" type="word" xml:id="facs_20_tr_1_tl_10_w5"/>
               <zone points="2904,3002 2904,3062 2994,3062 2994,3002" type="word" xml:id="facs_20_tr_1_tl_10_w6"/>
               <zone points="3089,3012 3089,3072 3691,3072 3691,3012" type="word" xml:id="facs_20_tr_1_tl_10_w7"/>
               <zone points="3786,3016 3786,3076 4270,3076 4270,3016" type="word" xml:id="facs_20_tr_1_tl_10_w8"/>
               <zone points="4342,3021 4342,3081 4501,3081 4501,3021" type="word" xml:id="facs_20_tr_1_tl_10_w9"/>
            </zone>
            <zone points="1152,3135 1612,3117 1612,3226 1152,3226" rendition="Line" xml:id="facs_20_line_1719402243946_422">
               <zone points="1172,3186 1172,3246 1572,3246 1572,3186" type="word" xml:id="facs_20_line_1719402243946_422_w1"/>
            </zone>
         </zone>
         <zone points="1116,3226 4629,3226 4629,5340 1116,5340" rendition="TextRegion" xml:id="facs_20_TextRegion_1719402247141_426">
            <zone points="1298,3432 1550,3488 1620,3427 1698,3475 1860,3423 2256,3462 2352,3414 2596,3475 2748,3427 3079,3471 3305,3432 3589,3467 4098,3445 4146,3488 4207,3449 4581,3467 4581,3275 4268,3288 4081,3231 3980,3310 3850,3244 3506,3288 3053,3244 2905,3292 2569,3218 2391,3279 2260,3236 2056,3275 1890,3223 1725,3275 1559,3231 1298,3266" rendition="Line" xml:id="facs_20_tr_1_tl_12">
               <zone points="1356,3382 1356,3442 1492,3442 1492,3382" type="word" xml:id="facs_20_tr_1_tl_12_w1"/>
               <zone points="1540,3376 1540,3436 1768,3436 1768,3376" type="word" xml:id="facs_20_tr_1_tl_12_w2"/>
               <zone points="1885,3370 1885,3430 2437,3430 2437,3370" type="word" xml:id="facs_20_tr_1_tl_12_w3"/>
               <zone points="2509,3372 2509,3432 2552,3432 2552,3372" type="word" xml:id="facs_20_tr_1_tl_12_w4"/>
               <zone points="2601,3376 2601,3436 2785,3436 2785,3376" type="word" xml:id="facs_20_tr_1_tl_12_w5"/>
               <zone points="2834,3386 2834,3446 3593,3446 3593,3386" type="word" xml:id="facs_20_tr_1_tl_12_w6"/>
               <zone points="3688,3385 3688,3445 4470,3445 4470,3385" type="word" xml:id="facs_20_tr_1_tl_12_w7"/>
               <zone points="4542,3388 4542,3448 4562,3448 4562,3388" type="word" xml:id="facs_20_tr_1_tl_12_w8"/>
            </zone>
            <zone points="1132,3645 1285,3610 1381,3663 1742,3632 1803,3676 1890,3623 2042,3619 3131,3623 3345,3667 3427,3632 3545,3680 3767,3632 3976,3680 4076,3636 4233,3680 4355,3636 4595,3658 4595,3454 4311,3484 4207,3449 4142,3488 3902,3449 3767,3501 3697,3449 3549,3488 3366,3436 3096,3480 3040,3440 2892,3467 2748,3427 2600,3480 2356,3414 2204,3471 1934,3423 1546,3493 1132,3414" rendition="Line" xml:id="facs_20_tr_1_tl_13">
               <zone points="1166,3567 1166,3627 1477,3627 1477,3567" type="word" xml:id="facs_20_tr_1_tl_13_w1"/>
               <zone points="1592,3561 1592,3621 1768,3621 1768,3561" type="word" xml:id="facs_20_tr_1_tl_13_w2"/>
               <zone points="1861,3561 1861,3621 2846,3621 2846,3561" type="word" xml:id="facs_20_tr_1_tl_13_w3"/>
               <zone points="2964,3573 2964,3633 3748,3633 3748,3573" type="word" xml:id="facs_20_tr_1_tl_13_w4"/>
               <zone points="3840,3572 3840,3632 3882,3632 3882,3572" type="word" xml:id="facs_20_tr_1_tl_13_w5"/>
               <zone points="3930,3569 3930,3629 4084,3629 4084,3569" type="word" xml:id="facs_20_tr_1_tl_13_w6"/>
               <zone points="4154,3572 4154,3632 4330,3632 4330,3572" type="word" xml:id="facs_20_tr_1_tl_13_w7"/>
               <zone points="4445,3573 4445,3633 4509,3633 4509,3573" type="word" xml:id="facs_20_tr_1_tl_13_w8"/>
            </zone>
            <zone points="1141,3845 1459,3867 1577,3815 1781,3863 1968,3815 2064,3859 2352,3859 2744,3815 2961,3863 3253,3811 3571,3867 3641,3828 3715,3872 4037,3802 4590,3854 4590,3654 4507,3636 4338,3693 4094,3636 3933,3684 3771,3628 3615,3680 3432,3632 3205,3676 3131,3623 2731,3619 2674,3658 2443,3623 2225,3676 2143,3628 1886,3628 1803,3676 1577,3628 1507,3671 1442,3636 1381,3671 1328,3632 1141,3649" rendition="Line" xml:id="facs_20_tr_1_tl_14">
               <zone points="1176,3757 1176,3817 2298,3817 2298,3757" type="word" xml:id="facs_20_tr_1_tl_14_w1"/>
               <zone points="2347,3758 2347,3818 2367,3818 2367,3758" type="word" xml:id="facs_20_tr_1_tl_14_w2"/>
               <zone points="2392,3761 2392,3821 3286,3821 3286,3761" type="word" xml:id="facs_20_tr_1_tl_14_w3"/>
               <zone points="3335,3767 3335,3827 3377,3827 3377,3767" type="word" xml:id="facs_20_tr_1_tl_14_w4"/>
               <zone points="3426,3764 3426,3824 3997,3824 3997,3764" type="word" xml:id="facs_20_tr_1_tl_14_w5"/>
               <zone points="4046,3758 4046,3818 4297,3818 4297,3758" type="word" xml:id="facs_20_tr_1_tl_14_w6"/>
               <zone points="4368,3753 4368,3813 4571,3813 4571,3753" type="word" xml:id="facs_20_tr_1_tl_14_w7"/>
            </zone>
            <zone points="1115,4028 1333,4015 1428,4055 1498,4007 1698,4046 2060,3998 2147,4046 2299,4015 2382,4059 2469,4002 2674,4037 2931,4011 3044,4055 3414,4002 3462,4050 3597,4002 3776,4037 4342,3989 4481,4041 4595,4015 4595,3859 4486,3824 4159,3854 4046,3819 3724,3876 3645,3832 3554,3867 3070,3824 2961,3872 2879,3828 2556,3850 2491,3815 2334,3872 1977,3819 1825,3863 1568,3815 1468,3867 1115,3850" rendition="Line" xml:id="facs_20_tr_1_tl_15">
               <zone points="1148,3950 1148,4010 1406,4010 1406,3950" type="word" xml:id="facs_20_tr_1_tl_15_w1"/>
               <zone points="1474,3948 1474,4008 2123,4008 2123,3948" type="word" xml:id="facs_20_tr_1_tl_15_w2"/>
               <zone points="2212,3949 2212,4009 2883,4009 2883,3949" type="word" xml:id="facs_20_tr_1_tl_15_w3"/>
               <zone points="2973,3950 2973,4010 2992,4010 2992,3950" type="word" xml:id="facs_20_tr_1_tl_15_w4"/>
               <zone points="3038,3952 3038,4012 3339,4012 3339,3952" type="word" xml:id="facs_20_tr_1_tl_15_w5"/>
               <zone points="3429,3950 3429,4010 3904,4010 3904,3950" type="word" xml:id="facs_20_tr_1_tl_15_w6"/>
               <zone points="3994,3948 3994,4008 4556,4008 4556,3948" type="word" xml:id="facs_20_tr_1_tl_15_w7"/>
            </zone>
            <zone points="1141,4194 1259,4255 1572,4198 1838,4242 1925,4203 2025,4250 2234,4190 2304,4224 2395,4194 2439,4237 2822,4190 3075,4246 3310,4194 3414,4237 3597,4203 3649,4233 3776,4181 4603,4216 4608,4033 4320,4050 4146,4002 4046,4041 3867,4002 3632,4068 3419,4002 3323,4046 3044,4055 2940,4015 2517,4033 2474,3994 2391,4050 2304,4015 2160,4046 2095,4002 1851,4046 1550,4015 1433,4055 1272,4011 1145,4046" rendition="Line" xml:id="facs_20_tr_1_tl_16">
               <zone points="1174,4141 1174,4201 1716,4201 1716,4141" type="word" xml:id="facs_20_tr_1_tl_16_w1"/>
               <zone points="1849,4139 1849,4199 1890,4199 1890,4139" type="word" xml:id="facs_20_tr_1_tl_16_w2"/>
               <zone points="1936,4135 1936,4195 2150,4195 2150,4135" type="word" xml:id="facs_20_tr_1_tl_16_w3"/>
               <zone points="2218,4135 2218,4195 2305,4195 2305,4135" type="word" xml:id="facs_20_tr_1_tl_16_w4"/>
               <zone points="2416,4135 2416,4195 3023,4195 3023,4135" type="word" xml:id="facs_20_tr_1_tl_16_w5"/>
               <zone points="3134,4136 3134,4196 3460,4196 3460,4136" type="word" xml:id="facs_20_tr_1_tl_16_w6"/>
               <zone points="3549,4141 3549,4201 3720,4201 3720,4141" type="word" xml:id="facs_20_tr_1_tl_16_w7"/>
               <zone points="3809,4132 3809,4192 4525,4192 4525,4132" type="word" xml:id="facs_20_tr_1_tl_16_w8"/>
            </zone>
            <zone points="1141,4399 1267,4433 1424,4385 1485,4446 1624,4412 1725,4455 1899,4381 2025,4438 2278,4390 2495,4429 2639,4377 2770,4425 2883,4377 3049,4420 3162,4381 3279,4438 3432,4385 3562,4425 3693,4364 3767,4407 4229,4372 4325,4429 4599,4372 4603,4224 4338,4190 4176,4233 3976,4207 3885,4250 3697,4198 3471,4255 3184,4194 3001,4250 2805,4198 2526,4203 2482,4242 2382,4203 2326,4242 2182,4194 2025,4250 1929,4203 1851,4242 1611,4203 1259,4255 1145,4190" rendition="Line" xml:id="facs_20_tr_1_tl_17">
               <zone points="1172,4338 1172,4398 1398,4398 1398,4338" type="word" xml:id="facs_20_tr_1_tl_17_w1"/>
               <zone points="1484,4330 1484,4390 1899,4390 1899,4330" type="word" xml:id="facs_20_tr_1_tl_17_w2"/>
               <zone points="2026,4326 2026,4386 2774,4386 2774,4326" type="word" xml:id="facs_20_tr_1_tl_17_w3"/>
               <zone points="2839,4325 2839,4385 2878,4385 2878,4325" type="word" xml:id="facs_20_tr_1_tl_17_w4"/>
               <zone points="2922,4320 2922,4380 3504,4380 3504,4320" type="word" xml:id="facs_20_tr_1_tl_17_w5"/>
               <zone points="3569,4310 3569,4370 4192,4370 4192,4310" type="word" xml:id="facs_20_tr_1_tl_17_w6"/>
               <zone points="4278,4308 4278,4368 4566,4368 4566,4308" type="word" xml:id="facs_20_tr_1_tl_17_w7"/>
            </zone>
            <zone points="1115,4634 1555,4568 1620,4608 2835,4581 3118,4625 3336,4560 3732,4595 4098,4555 4185,4621 4616,4568 4616,4399 4316,4429 4229,4372 3776,4416 3623,4377 3532,4438 2887,4377 2796,4425 2639,4377 2478,4438 2243,4394 2025,4438 1942,4377 1725,4455 1516,4455 1420,4385 1346,4433 1115,4429" rendition="Line" xml:id="facs_20_tr_1_tl_18">
               <zone points="1147,4513 1147,4573 1660,4573 1660,4513" type="word" xml:id="facs_20_tr_1_tl_18_w1"/>
               <zone points="1748,4517 1748,4577 1960,4577 1960,4517" type="word" xml:id="facs_20_tr_1_tl_18_w2"/>
               <zone points="2048,4516 2048,4576 2496,4576 2496,4516" type="word" xml:id="facs_20_tr_1_tl_18_w3"/>
               <zone points="2563,4518 2563,4578 2861,4578 2861,4518" type="word" xml:id="facs_20_tr_1_tl_18_w4"/>
               <zone points="2949,4511 2949,4571 3247,4571 3247,4511" type="word" xml:id="facs_20_tr_1_tl_18_w5"/>
               <zone points="3336,4515 3336,4575 3505,4575 3505,4515" type="word" xml:id="facs_20_tr_1_tl_18_w6"/>
               <zone points="3572,4504 3572,4564 4513,4564 4513,4504" type="word" xml:id="facs_20_tr_1_tl_18_w7"/>
            </zone>
            <zone points="1145,4786 1603,4825 1942,4764 2169,4825 2243,4777 2778,4795 2918,4760 3005,4799 3075,4756 3275,4808 3406,4760 3589,4799 3850,4747 3885,4786 3972,4747 4072,4791 4224,4747 4372,4782 4446,4730 4590,4756 4595,4568 4468,4560 4194,4612 4098,4555 3719,4612 3571,4564 3440,4616 3323,4568 3118,4625 2879,4586 1624,4608 1555,4568 1463,4621 1150,4625" rendition="Line" xml:id="facs_20_tr_1_tl_19">
               <zone points="1200,4720 1200,4780 1394,4780 1394,4720" type="word" xml:id="facs_20_tr_1_tl_19_w1"/>
               <zone points="1507,4715 1507,4775 1789,4775 1789,4715" type="word" xml:id="facs_20_tr_1_tl_19_w2"/>
               <zone points="1945,4697 1945,4757 2689,4757 2689,4697" type="word" xml:id="facs_20_tr_1_tl_19_w3"/>
               <zone points="2779,4702 2779,4762 3699,4762 3699,4702" type="word" xml:id="facs_20_tr_1_tl_19_w4"/>
               <zone points="3792,4696 3792,4756 3833,4756 3833,4696" type="word" xml:id="facs_20_tr_1_tl_19_w5"/>
               <zone points="3879,4695 3879,4755 4008,4755 4008,4695" type="word" xml:id="facs_20_tr_1_tl_19_w6"/>
               <zone points="4076,4690 4076,4750 4358,4750 4358,4690" type="word" xml:id="facs_20_tr_1_tl_19_w7"/>
               <zone points="4427,4684 4427,4744 4533,4744 4533,4684" type="word" xml:id="facs_20_tr_1_tl_19_w8"/>
            </zone>
            <zone points="1154,5004 1307,4978 1442,5013 1581,4965 1790,5013 1877,4969 2321,4956 2874,5008 3001,4952 3088,5008 3523,4943 3628,4991 3724,4934 4020,4978 4346,4930 4399,4973 4612,4926 4616,4756 4525,4786 4438,4734 4333,4791 4203,4756 4076,4795 3837,4747 3593,4799 3406,4760 3279,4808 3075,4756 3035,4791 2243,4777 2178,4825 1995,4821 1934,4769 1603,4825 1481,4786 1350,4830 1246,4764 1158,4791" rendition="Line" xml:id="facs_20_tr_1_tl_20">
               <zone points="1190,4908 1190,4968 1608,4968 1608,4908" type="word" xml:id="facs_20_tr_1_tl_20_w1"/>
               <zone points="1708,4899 1708,4959 2620,4959 2620,4899" type="word" xml:id="facs_20_tr_1_tl_20_w2"/>
               <zone points="2673,4895 2673,4955 3327,4955 3327,4895" type="word" xml:id="facs_20_tr_1_tl_20_w3"/>
               <zone points="3424,4890 3424,4950 3585,4950 3585,4890" type="word" xml:id="facs_20_tr_1_tl_20_w4"/>
               <zone points="3661,4888 3661,4948 3705,4948 3705,4888" type="word" xml:id="facs_20_tr_1_tl_20_w5"/>
               <zone points="3754,4885 3754,4945 3868,4945 3868,4885" type="word" xml:id="facs_20_tr_1_tl_20_w6"/>
               <zone points="3941,4880 3941,4940 4152,4940 4152,4880" type="word" xml:id="facs_20_tr_1_tl_20_w7"/>
               <zone points="4225,4870 4225,4930 4573,4930 4573,4870" type="word" xml:id="facs_20_tr_1_tl_20_w8"/>
            </zone>
            <zone points="1137,5178 1572,5165 1642,5200 1977,5139 2117,5174 2556,5152 2700,5213 2787,5169 3244,5204 3419,5148 3793,5191 4216,5121 4320,5200 4403,5204 4494,5121 4595,5113 4595,4943 4560,4934 4438,4978 4346,4930 4163,4973 4085,4939 3819,5000 3719,4934 3623,4995 3454,4947 3266,4956 3184,5008 3070,5008 2988,4952 2866,5008 2652,4973 2373,5008 2195,4960 1955,5013 1877,4969 1790,5013 1520,4965 1472,5008 1137,5008" rendition="Line" xml:id="facs_20_tr_1_tl_21">
               <zone points="1193,5096 1193,5156 1768,5156 1768,5096" type="word" xml:id="facs_20_tr_1_tl_21_w1"/>
               <zone points="1838,5091 1838,5151 2104,5151 2104,5091" type="word" xml:id="facs_20_tr_1_tl_21_w2"/>
               <zone points="2174,5088 2174,5148 2349,5148 2349,5088" type="word" xml:id="facs_20_tr_1_tl_21_w3"/>
               <zone points="2463,5091 2463,5151 2682,5151 2682,5091" type="word" xml:id="facs_20_tr_1_tl_21_w4"/>
               <zone points="2774,5089 2774,5149 3129,5149 3129,5089" type="word" xml:id="facs_20_tr_1_tl_21_w5"/>
               <zone points="3221,5085 3221,5145 3263,5145 3263,5085" type="word" xml:id="facs_20_tr_1_tl_21_w6"/>
               <zone points="3310,5084 3310,5144 3618,5144 3618,5084" type="word" xml:id="facs_20_tr_1_tl_21_w7"/>
               <zone points="3710,5079 3710,5139 3777,5139 3777,5079" type="word" xml:id="facs_20_tr_1_tl_21_w8"/>
               <zone points="3846,5077 3846,5137 4088,5137 4088,5077" type="word" xml:id="facs_20_tr_1_tl_21_w9"/>
               <zone points="4135,5069 4135,5129 4266,5129 4266,5069" type="word" xml:id="facs_20_tr_1_tl_21_w10"/>
               <zone points="4357,5060 4357,5120 4554,5120 4554,5060" type="word" xml:id="facs_20_tr_1_tl_21_w11"/>
            </zone>
            <zone points="1170,5250 2646,5226 2646,5340 1170,5340" rendition="Line" xml:id="facs_20_line_1719402247170_429">
               <zone points="1189,5300 1189,5360 1519,5360 1519,5300" type="word" xml:id="facs_20_line_1719402247170_429_w1"/>
            </zone>
         </zone>
         <zone points="1116,5340 4629,5340 4629,6490 1116,6490" rendition="TextRegion" xml:id="facs_20_TextRegion_1719402247141_425">
            <zone points="1320,5570 1572,5540 1729,5583 1916,5548 2356,5574 2434,5531 2718,5526 2870,5574 3027,5522 3096,5557 3262,5509 3340,5548 3423,5513 3641,5544 3789,5500 3880,5553 3928,5522 4037,5557 4242,5492 4608,5526 4612,5291 4033,5357 3959,5300 3780,5370 3606,5313 3545,5361 3297,5370 3157,5313 2765,5378 2395,5344 2339,5387 2095,5335 1877,5396 1712,5352 1611,5435 1524,5391 1324,5391" rendition="Line" xml:id="facs_20_tr_1_tl_23">
               <zone points="1357,5486 1357,5546 1568,5546 1568,5486" type="word" xml:id="facs_20_tr_1_tl_23_w1"/>
               <zone points="1642,5481 1642,5541 1877,5541 1877,5481" type="word" xml:id="facs_20_tr_1_tl_23_w2"/>
               <zone points="2023,5473 2023,5533 2638,5533 2638,5473" type="word" xml:id="facs_20_tr_1_tl_23_w3"/>
               <zone points="2737,5462 2737,5522 2781,5522 2781,5462" type="word" xml:id="facs_20_tr_1_tl_23_w4"/>
               <zone points="2832,5466 2832,5526 3046,5526 3046,5466" type="word" xml:id="facs_20_tr_1_tl_23_w5"/>
               <zone points="3120,5461 3120,5521 3807,5521 3807,5461" type="word" xml:id="facs_20_tr_1_tl_23_w6"/>
               <zone points="3857,5445 3857,5505 4164,5505 4164,5445" type="word" xml:id="facs_20_tr_1_tl_23_w7"/>
               <zone points="4286,5431 4286,5491 4544,5491 4544,5431" type="word" xml:id="facs_20_tr_1_tl_23_w8"/>
            </zone>
            <zone points="1163,5749 1781,5762 1977,5714 2021,5753 2112,5722 2456,5762 2861,5718 2948,5775 3079,5714 3197,5762 3305,5705 3449,5740 3554,5705 3606,5757 3793,5709 3928,5744 4041,5701 4207,5722 4259,5679 4612,5683 4616,5531 4412,5492 4316,5531 4150,5496 3985,5561 3789,5505 3349,5574 3027,5531 2861,5579 2718,5531 2360,5574 1167,5561" rendition="Line" xml:id="facs_20_tr_1_tl_24">
               <zone points="1199,5676 1199,5736 1522,5736 1522,5676" type="word" xml:id="facs_20_tr_1_tl_24_w1"/>
               <zone points="1618,5668 1618,5728 1895,5728 1895,5668" type="word" xml:id="facs_20_tr_1_tl_24_w2"/>
               <zone points="1991,5663 1991,5723 2826,5723 2826,5663" type="word" xml:id="facs_20_tr_1_tl_24_w3"/>
               <zone points="2922,5658 2922,5718 3269,5718 3269,5658" type="word" xml:id="facs_20_tr_1_tl_24_w4"/>
               <zone points="3295,5658 3295,5718 3502,5718 3502,5658" type="word" xml:id="facs_20_tr_1_tl_24_w5"/>
               <zone points="3575,5640 3575,5700 4270,5700 4270,5640" type="word" xml:id="facs_20_tr_1_tl_24_w6"/>
               <zone points="4366,5614 4366,5674 4596,5674 4596,5614" type="word" xml:id="facs_20_tr_1_tl_24_w7"/>
            </zone>
            <zone points="1180,5958 1463,5914 1568,5979 1655,5923 1720,5966 2038,5923 2265,5966 2652,5905 2765,5949 3057,5914 3123,5953 3170,5905 3353,5901 3628,5949 3715,5901 4037,5927 4194,5866 4281,5914 4412,5853 4534,5901 4616,5862 4621,5683 4281,5696 4159,5744 4046,5701 3933,5744 3798,5709 3623,5766 3554,5705 3458,5736 3310,5705 3201,5770 3083,5718 2944,5775 2853,5718 2426,5775 2117,5722 1629,5762 1398,5727 1293,5775 1180,5744" rendition="Line" xml:id="facs_20_tr_1_tl_25">
               <zone points="1216,5870 1216,5930 1630,5930 1630,5870" type="word" xml:id="facs_20_tr_1_tl_25_w1"/>
               <zone points="1702,5863 1702,5923 1792,5923 1792,5863" type="word" xml:id="facs_20_tr_1_tl_25_w2"/>
               <zone points="1888,5850 1888,5910 2421,5910 2421,5850" type="word" xml:id="facs_20_tr_1_tl_25_w3"/>
               <zone points="2470,5849 2470,5909 2676,5909 2676,5849" type="word" xml:id="facs_20_tr_1_tl_25_w4"/>
               <zone points="2748,5849 2748,5909 3185,5909 3185,5849" type="word" xml:id="facs_20_tr_1_tl_25_w5"/>
               <zone points="3281,5843 3281,5903 3559,5903 3559,5843" type="word" xml:id="facs_20_tr_1_tl_25_w6"/>
               <zone points="3631,5837 3631,5897 3652,5897 3652,5837" type="word" xml:id="facs_20_tr_1_tl_25_w7"/>
               <zone points="3701,5830 3701,5890 3953,5890 3953,5830" type="word" xml:id="facs_20_tr_1_tl_25_w8"/>
               <zone points="4025,5821 4025,5881 4277,5881 4277,5821" type="word" xml:id="facs_20_tr_1_tl_25_w9"/>
               <zone points="4350,5806 4350,5866 4532,5866 4532,5806" type="word" xml:id="facs_20_tr_1_tl_25_w10"/>
            </zone>
            <zone points="1189,6145 1446,6101 1720,6158 1772,6127 2034,6158 2138,6114 2430,6162 2805,6088 2983,6132 3022,6093 3170,6119 3253,6084 3349,6127 3449,6084 3584,6136 3710,6084 4250,6049 4433,6093 4612,6049 4616,5914 4412,5857 4277,5914 4216,5879 4150,5918 3619,5949 3323,5910 3157,5962 3001,5923 2774,5953 2635,5910 2404,5923 2330,5975 2125,5923 1751,5971 1655,5923 1577,5984 1333,5932 1189,5958" rendition="Line" xml:id="facs_20_tr_1_tl_26">
               <zone points="1222,6058 1222,6118 1546,6118 1546,6058" type="word" xml:id="facs_20_tr_1_tl_26_w1"/>
               <zone points="1614,6058 1614,6118 1699,6118 1699,6058" type="word" xml:id="facs_20_tr_1_tl_26_w2"/>
               <zone points="1789,6049 1789,6109 2244,6109 2244,6049" type="word" xml:id="facs_20_tr_1_tl_26_w3"/>
               <zone points="2356,6040 2356,6100 2985,6100 2985,6040" type="word" xml:id="facs_20_tr_1_tl_26_w4"/>
               <zone points="3075,6034 3075,6094 3421,6094 3421,6034" type="word" xml:id="facs_20_tr_1_tl_26_w5"/>
               <zone points="3489,6029 3489,6089 3508,6089 3508,6029" type="word" xml:id="facs_20_tr_1_tl_26_w6"/>
               <zone points="3555,6028 3555,6088 3617,6088 3617,6028" type="word" xml:id="facs_20_tr_1_tl_26_w7"/>
               <zone points="3751,6011 3751,6071 4337,6071 4337,6011" type="word" xml:id="facs_20_tr_1_tl_26_w8"/>
               <zone points="4405,5986 4405,6046 4576,6046 4576,5986" type="word" xml:id="facs_20_tr_1_tl_26_w9"/>
            </zone>
            <zone points="1163,6315 1350,6358 1472,6328 1537,6371 1624,6328 1768,6380 1860,6337 2082,6437 2304,6337 2565,6332 2652,6393 2700,6350 2770,6393 2913,6302 3009,6367 3062,6332 3271,6363 3323,6323 3445,6367 3641,6315 3924,6441 4041,6350 4264,6498 4420,6454 4590,6476 4599,6053 4285,6114 4115,6058 3885,6123 3719,6084 3575,6141 3510,6088 3353,6127 3079,6097 3018,6141 2765,6097 2426,6158 2286,6123 2186,6158 2138,6119 1751,6162 1411,6114 1167,6136" rendition="Line" xml:id="facs_20_tr_1_tl_27">
               <zone points="1184,6255 1184,6315 1530,6315 1530,6255" type="word" xml:id="facs_20_tr_1_tl_27_w1"/>
               <zone points="1566,6255 1566,6315 1594,6315 1594,6255" type="word" xml:id="facs_20_tr_1_tl_27_w2"/>
               <zone points="1630,6255 1630,6315 1852,6315 1852,6255" type="word" xml:id="facs_20_tr_1_tl_27_w3"/>
               <zone points="1920,6254 1920,6314 2298,6314 2298,6254" type="word" xml:id="facs_20_tr_1_tl_27_w4"/>
               <zone points="2365,6248 2365,6308 2457,6308 2457,6248" type="word" xml:id="facs_20_tr_1_tl_27_w5"/>
               <zone points="2560,6242 2560,6302 2906,6302 2906,6242" type="word" xml:id="facs_20_tr_1_tl_27_w6"/>
               <zone points="2974,6223 2974,6283 3610,6283 3610,6223" type="word" xml:id="facs_20_tr_1_tl_27_w7"/>
               <zone points="3678,6212 3678,6272 4314,6272 4314,6212" type="word" xml:id="facs_20_tr_1_tl_27_w8"/>
               <zone points="4382,6172 4382,6232 4569,6232 4569,6172" type="word" xml:id="facs_20_tr_1_tl_27_w9"/>
            </zone>
         </zone>
      </surface>
      <surface lrx="5503" lry="8255" ulx="0" uly="0" xml:id="facs_21">
         <!--<graphic height="8255px" url="69063508.jpg" width="5503px"/>-->
         <graphic height="8255px" url="https://files.transkribus.eu/Get?id=JXPHSHXIUXUOJKSPILKPDRUC&amp;fileType=view" width="5503px"/>
         <zone points="830,1510 4336,1510 4372,4030 866,4030" rendition="TextRegion" xml:id="facs_21_TextRegion_1719402302388_479">
            <zone points="903,1879 1727,1823 1866,1875 1918,1840 2066,1871 2144,1810 2287,1858 2396,1814 2621,1849 2734,1792 3112,1840 3307,1792 3359,1831 3546,1788 4080,1818 4271,1766 4310,1805 4340,1541 4123,1471 3819,1584 3498,1588 3416,1545 3255,1606 3021,1567 2903,1623 2795,1588 2656,1636 2543,1549 2465,1610 2200,1619 1923,1515 1671,1658 1154,1580 1020,1658 907,1601" rendition="Line" xml:id="facs_21_tr_1_tl_4">
               <zone points="919,1775 919,1835 1481,1835 1481,1775" type="word" xml:id="facs_21_tr_1_tl_4_w1"/>
               <zone points="1592,1763 1592,1823 2238,1823 2238,1763" type="word" xml:id="facs_21_tr_1_tl_4_w2"/>
               <zone points="2295,1756 2295,1816 2645,1816 2645,1756" type="word" xml:id="facs_21_tr_1_tl_4_w3"/>
               <zone points="2675,1745 2675,1805 2725,1805 2725,1745" type="word" xml:id="facs_21_tr_1_tl_4_w4"/>
               <zone points="2756,1745 2756,1805 2833,1805 2833,1745" type="word" xml:id="facs_21_tr_1_tl_4_w5"/>
               <zone points="2944,1740 2944,1800 3263,1800 3263,1740" type="word" xml:id="facs_21_tr_1_tl_4_w6"/>
               <zone points="3347,1733 3347,1793 3670,1793 3670,1733" type="word" xml:id="facs_21_tr_1_tl_4_w7"/>
               <zone points="3727,1715 3727,1775 4289,1775 4289,1715" type="word" xml:id="facs_21_tr_1_tl_4_w8"/>
            </zone>
            <zone points="877,2035 1918,2044 2031,2005 2200,2044 2634,1996 2830,2031 2908,1983 3086,2027 3181,1983 3316,2009 3507,1970 3594,2022 3711,1966 3897,2005 3975,1953 4218,2005 4336,1979 4336,1801 4218,1766 4054,1823 4001,1792 3789,1823 3737,1784 3377,1836 3307,1788 3081,1840 2908,1792 2656,1853 2561,1814 2300,1853 2135,1810 2066,1871 1866,1875 1753,1827 881,1871" rendition="Line" xml:id="facs_21_tr_1_tl_5">
               <zone points="915,1972 915,2032 1104,2032 1104,1972" type="word" xml:id="facs_21_tr_1_tl_5_w1"/>
               <zone points="1180,1960 1180,2020 1562,2020 1562,1960" type="word" xml:id="facs_21_tr_1_tl_5_w2"/>
               <zone points="1662,1955 1662,2015 1851,2015 1851,1955" type="word" xml:id="facs_21_tr_1_tl_5_w3"/>
               <zone points="1927,1955 1927,2015 1972,2015 1972,1955" type="word" xml:id="facs_21_tr_1_tl_5_w4"/>
               <zone points="1999,1955 1999,2015 2192,2015 2192,1955" type="word" xml:id="facs_21_tr_1_tl_5_w5"/>
               <zone points="2315,1943 2315,2003 2626,2003 2626,1943" type="word" xml:id="facs_21_tr_1_tl_5_w6"/>
               <zone points="2701,1931 2701,1991 3448,1991 3448,1931" type="word" xml:id="facs_21_tr_1_tl_5_w7"/>
               <zone points="3547,1912 3547,1972 3785,1972 3785,1912" type="word" xml:id="facs_21_tr_1_tl_5_w8"/>
               <zone points="3836,1907 3836,1967 4267,1967 4267,1907" type="word" xml:id="facs_21_tr_1_tl_5_w9"/>
            </zone>
            <zone points="868,2274 985,2213 1250,2200 1450,2261 1688,2196 2257,2239 2426,2187 2665,2218 2838,2174 3455,2200 3528,2157 3698,2192 3771,2153 4123,2144 4236,2187 4331,2157 4336,1979 4049,1983 3988,2022 3711,1966 3598,2018 3424,1975 3294,2022 3181,1979 3077,2031 3034,1983 2830,2027 2647,1996 2587,2040 2430,2001 2326,2044 2079,2044 2031,2005 1918,2044 1358,2018 872,2066" rendition="Line" xml:id="facs_21_tr_1_tl_6">
               <zone points="906,2157 906,2217 1119,2217 1119,2157" type="word" xml:id="facs_21_tr_1_tl_6_w1"/>
               <zone points="1170,2144 1170,2204 1724,2204 1724,2144" type="word" xml:id="facs_21_tr_1_tl_6_w2"/>
               <zone points="1775,2140 1775,2200 1821,2200 1821,2140" type="word" xml:id="facs_21_tr_1_tl_6_w3"/>
               <zone points="1875,2137 1875,2197 2477,2197 2477,2137" type="word" xml:id="facs_21_tr_1_tl_6_w4"/>
               <zone points="2576,2122 2576,2182 3033,2182 3033,2122" type="word" xml:id="facs_21_tr_1_tl_6_w5"/>
               <zone points="3085,2114 3085,2174 3322,2174 3322,2114" type="word" xml:id="facs_21_tr_1_tl_6_w6"/>
               <zone points="3376,2091 3376,2151 4291,2151 4291,2091" type="word" xml:id="facs_21_tr_1_tl_6_w7"/>
            </zone>
            <zone points="890,2396 1137,2443 1185,2400 1285,2435 1445,2374 1606,2426 1779,2374 2053,2422 2239,2357 2404,2409 2504,2370 2686,2400 3038,2357 3129,2413 3394,2365 3533,2409 3641,2339 4327,2344 4331,2157 4205,2187 4032,2148 3528,2200 2838,2174 2665,2222 2430,2187 2257,2244 1957,2200 1905,2248 1797,2196 1445,2261 1298,2205 1215,2239 1033,2213 894,2261" rendition="Line" xml:id="facs_21_tr_1_tl_7">
               <zone points="947,2338 947,2398 1146,2398 1146,2338" type="word" xml:id="facs_21_tr_1_tl_7_w1"/>
               <zone points="1260,2319 1260,2379 2268,2379 2268,2319" type="word" xml:id="facs_21_tr_1_tl_7_w2"/>
               <zone points="2383,2307 2383,2367 2537,2367 2537,2307" type="word" xml:id="facs_21_tr_1_tl_7_w3"/>
               <zone points="2632,2307 2632,2367 2742,2367 2742,2307" type="word" xml:id="facs_21_tr_1_tl_7_w4"/>
               <zone points="2834,2303 2834,2363 2988,2363 2988,2303" type="word" xml:id="facs_21_tr_1_tl_7_w5"/>
               <zone points="3058,2292 3058,2352 3436,2352 3436,2292" type="word" xml:id="facs_21_tr_1_tl_7_w6"/>
               <zone points="3531,2278 3531,2338 4290,2338 4290,2278" type="word" xml:id="facs_21_tr_1_tl_7_w7"/>
            </zone>
            <zone points="877,2587 1094,2630 1185,2582 1406,2617 1745,2569 1779,2608 1979,2548 2478,2587 2743,2543 3016,2595 3181,2535 3841,2569 3915,2539 3975,2574 4045,2517 4210,2552 4362,2517 4362,2335 4323,2326 4262,2383 4171,2326 4045,2361 3654,2344 3537,2409 3420,2365 3138,2409 3016,2348 2882,2396 2504,2370 2452,2409 2239,2361 2053,2422 1758,2374 1636,2443 1445,2374 1180,2448 881,2396" rendition="Line" xml:id="facs_21_tr_1_tl_8">
               <zone points="914,2516 914,2576 2079,2576 2079,2516" type="word" xml:id="facs_21_tr_1_tl_8_w1"/>
               <zone points="2177,2498 2177,2558 2577,2558 2577,2498" type="word" xml:id="facs_21_tr_1_tl_8_w2"/>
               <zone points="2655,2486 2655,2546 3461,2546 3461,2486" type="word" xml:id="facs_21_tr_1_tl_8_w3"/>
               <zone points="3559,2474 3559,2534 3962,2534 3962,2474" type="word" xml:id="facs_21_tr_1_tl_8_w4"/>
               <zone points="4108,2460 4108,2520 4318,2520 4318,2460" type="word" xml:id="facs_21_tr_1_tl_8_w5"/>
            </zone>
            <zone points="877,2786 1792,2752 1962,2799 2265,2747 2847,2760 2977,2726 3550,2769 3637,2726 3750,2760 4331,2712 4331,2535 4253,2530 3975,2574 3915,2535 3858,2574 3754,2535 3181,2569 3133,2539 2890,2587 2743,2539 2513,2591 2035,2552 1719,2613 1211,2582 1094,2630 877,2587" rendition="Line" xml:id="facs_21_tr_1_tl_9">
               <zone points="937,2701 937,2761 1284,2761 1284,2701" type="word" xml:id="facs_21_tr_1_tl_9_w1"/>
               <zone points="1404,2696 1404,2756 1614,2756 1614,2696" type="word" xml:id="facs_21_tr_1_tl_9_w2"/>
               <zone points="1711,2691 1711,2751 1895,2751 1895,2691" type="word" xml:id="facs_21_tr_1_tl_9_w3"/>
               <zone points="1991,2683 1991,2743 2529,2743 2529,2683" type="word" xml:id="facs_21_tr_1_tl_9_w4"/>
               <zone points="2602,2677 2602,2737 2953,2737 2953,2677" type="word" xml:id="facs_21_tr_1_tl_9_w5"/>
               <zone points="3049,2668 3049,2728 3680,2728 3680,2668" type="word" xml:id="facs_21_tr_1_tl_9_w6"/>
               <zone points="3730,2662 3730,2722 4031,2722 4031,2662" type="word" xml:id="facs_21_tr_1_tl_9_w7"/>
               <zone points="4127,2653 4127,2713 4288,2713 4288,2653" type="word" xml:id="facs_21_tr_1_tl_9_w8"/>
            </zone>
            <zone points="864,2951 1068,2995 1137,2951 1493,2977 1723,2925 1840,2977 2005,2921 2122,2964 2305,2964 2391,2916 2587,2956 2626,2916 2864,2951 3021,2908 3259,2964 3337,2903 3411,2943 3745,2903 4080,2930 4336,2903 4340,2704 4192,2756 2977,2726 2639,2765 2265,2743 2096,2795 1684,2747 1432,2760 1354,2812 1250,2760 864,2791" rendition="Line" xml:id="facs_21_tr_1_tl_10">
               <zone points="897,2890 897,2950 1376,2950 1376,2890" type="word" xml:id="facs_21_tr_1_tl_10_w1"/>
               <zone points="1447,2880 1447,2940 1466,2940 1466,2880" type="word" xml:id="facs_21_tr_1_tl_10_w2"/>
               <zone points="1513,2873 1513,2933 2060,2933 2060,2873" type="word" xml:id="facs_21_tr_1_tl_10_w3"/>
               <zone points="2172,2862 2172,2922 2366,2922 2366,2862" type="word" xml:id="facs_21_tr_1_tl_10_w4"/>
               <zone points="2457,2860 2457,2920 3378,2920 3378,2860" type="word" xml:id="facs_21_tr_1_tl_10_w5"/>
               <zone points="3425,2853 3425,2913 3466,2913 3466,2853" type="word" xml:id="facs_21_tr_1_tl_10_w6"/>
               <zone points="3512,2854 3512,2914 3775,2914 3775,2854" type="word" xml:id="facs_21_tr_1_tl_10_w7"/>
               <zone points="3865,2848 3865,2908 4278,2908 4278,2848" type="word" xml:id="facs_21_tr_1_tl_10_w8"/>
            </zone>
            <zone points="890,3164 1241,3120 1610,3138 1662,3103 1719,3142 2500,3107 2578,3146 2634,3107 3003,3142 3212,3090 3394,3142 3576,3086 3975,3133 4075,3090 4153,3142 4318,3116 4323,2903 4023,2938 3611,2908 3437,2973 3350,2903 3277,2964 3060,2908 2838,2956 2626,2921 2574,2960 2452,2916 2383,2964 2196,2934 2044,2977 1810,2977 1723,2925 1493,2977 1354,2938 1059,2999 890,2969" rendition="Line" xml:id="facs_21_tr_1_tl_11">
               <zone points="901,3081 901,3141 1194,3141 1194,3081" type="word" xml:id="facs_21_tr_1_tl_11_w1"/>
               <zone points="1324,3054 1324,3114 2188,3114 2188,3054" type="word" xml:id="facs_21_tr_1_tl_11_w2"/>
               <zone points="2318,3047 2318,3107 2527,3107 2527,3047" type="word" xml:id="facs_21_tr_1_tl_11_w3"/>
               <zone points="2617,3036 2617,3096 3629,3096 3629,3036" type="word" xml:id="facs_21_tr_1_tl_11_w4"/>
               <zone points="3780,3030 3780,3090 4285,3090 4285,3030" type="word" xml:id="facs_21_tr_1_tl_11_w5"/>
            </zone>
            <zone points="881,3316 1059,3355 1111,3316 1350,3342 1562,3303 1745,3346 2040,3298 2600,3337 3507,3281 3858,3311 4014,3259 4153,3303 4336,3277 4340,3125 4271,3099 4149,3142 4067,3090 3845,3151 3676,3086 3390,3146 3212,3090 3003,3142 2665,3107 2574,3151 2500,3107 2239,3146 2161,3107 1662,3173 1588,3125 1432,3168 1276,3120 881,3181" rendition="Line" xml:id="facs_21_tr_1_tl_12">
               <zone points="914,3263 914,3323 1131,3323 1131,3263" type="word" xml:id="facs_21_tr_1_tl_12_w1"/>
               <zone points="1200,3251 1200,3311 1659,3311 1659,3251" type="word" xml:id="facs_21_tr_1_tl_12_w2"/>
               <zone points="1749,3244 1749,3304 1834,3304 1834,3244" type="word" xml:id="facs_21_tr_1_tl_12_w3"/>
               <zone points="1903,3243 1903,3303 2232,3303 2232,3243" type="word" xml:id="facs_21_tr_1_tl_12_w4"/>
               <zone points="2301,3233 2301,3293 3111,3293 3111,3233" type="word" xml:id="facs_21_tr_1_tl_12_w5"/>
               <zone points="3204,3225 3204,3285 3861,3285 3861,3225" type="word" xml:id="facs_21_tr_1_tl_12_w6"/>
               <zone points="3951,3217 3951,3277 3971,3277 3971,3217" type="word" xml:id="facs_21_tr_1_tl_12_w7"/>
               <zone points="3995,3215 3995,3275 4256,3275 4256,3215" type="word" xml:id="facs_21_tr_1_tl_12_w8"/>
            </zone>
            <zone points="859,3524 1862,3489 2009,3533 2161,3489 2556,3511 2799,3472 2960,3507 3112,3459 3238,3541 3450,3476 4314,3476 4314,3324 4006,3268 3858,3311 3789,3272 3728,3311 3125,3290 3042,3346 2882,3298 2600,3337 2040,3298 1779,3346 1632,3311 1506,3364 1441,3316 859,3346" rendition="Line" xml:id="facs_21_tr_1_tl_13">
               <zone points="893,3442 893,3502 1330,3502 1330,3442" type="word" xml:id="facs_21_tr_1_tl_13_w1"/>
               <zone points="1399,3441 1399,3501 1774,3501 1774,3441" type="word" xml:id="facs_21_tr_1_tl_13_w2"/>
               <zone points="1887,3420 1887,3480 2481,3480 2481,3420" type="word" xml:id="facs_21_tr_1_tl_13_w3"/>
               <zone points="2528,3418 2528,3478 2947,3478 2947,3418" type="word" xml:id="facs_21_tr_1_tl_13_w4"/>
               <zone points="3060,3418 3060,3478 3101,3478 3101,3418" type="word" xml:id="facs_21_tr_1_tl_13_w5"/>
               <zone points="3126,3418 3126,3478 3324,3478 3324,3418" type="word" xml:id="facs_21_tr_1_tl_13_w6"/>
               <zone points="3393,3417 3393,3477 3588,3477 3588,3417" type="word" xml:id="facs_21_tr_1_tl_13_w7"/>
               <zone points="3701,3411 3701,3471 3855,3471 3855,3411" type="word" xml:id="facs_21_tr_1_tl_13_w8"/>
               <zone points="3902,3406 3902,3466 4296,3466 4296,3406" type="word" xml:id="facs_21_tr_1_tl_13_w9"/>
            </zone>
            <zone points="859,3676 1003,3732 1775,3680 2296,3715 2461,3667 2712,3702 2886,3659 3303,3693 3368,3654 4336,3667 4336,3489 4179,3468 3923,3502 3450,3476 3238,3541 3129,3481 3016,3524 2930,3476 2639,3515 2170,3489 2005,3533 1940,3489 1198,3554 1072,3515 864,3533" rendition="Line" xml:id="facs_21_tr_1_tl_14">
               <zone points="892,3627 892,3687 1193,3687 1193,3627" type="word" xml:id="facs_21_tr_1_tl_14_w1"/>
               <zone points="1282,3632 1282,3692 1843,3692 1843,3632" type="word" xml:id="facs_21_tr_1_tl_14_w2"/>
               <zone points="1889,3621 1889,3681 2060,3681 2060,3621" type="word" xml:id="facs_21_tr_1_tl_14_w3"/>
               <zone points="2150,3618 2150,3678 2190,3678 2190,3618" type="word" xml:id="facs_21_tr_1_tl_14_w4"/>
               <zone points="2215,3613 2215,3673 2386,3673 2386,3613" type="word" xml:id="facs_21_tr_1_tl_14_w5"/>
               <zone points="2453,3609 2453,3669 2779,3669 2779,3609" type="word" xml:id="facs_21_tr_1_tl_14_w6"/>
               <zone points="2868,3599 2868,3659 3256,3659 3256,3599" type="word" xml:id="facs_21_tr_1_tl_14_w7"/>
               <zone points="3302,3597 3302,3657 3473,3657 3473,3597" type="word" xml:id="facs_21_tr_1_tl_14_w8"/>
               <zone points="3562,3596 3562,3656 3776,3656 3776,3596" type="word" xml:id="facs_21_tr_1_tl_14_w9"/>
               <zone points="3866,3593 3866,3653 3928,3653 3928,3593" type="word" xml:id="facs_21_tr_1_tl_14_w10"/>
               <zone points="4039,3591 4039,3651 4275,3651 4275,3591" type="word" xml:id="facs_21_tr_1_tl_14_w11"/>
            </zone>
            <zone points="842,3880 1502,3871 1710,3915 1810,3867 2040,3919 2335,3858 2530,3897 2634,3832 3073,3884 3177,3841 4318,3841 4318,3680 4062,3650 3967,3689 3659,3672 3580,3715 3498,3672 3372,3702 3112,3654 2947,3693 2860,3663 2778,3719 2435,3667 2300,3715 2057,3676 1918,3719 1775,3680 1732,3715 1601,3685 1450,3724 842,3719" rendition="Line" xml:id="facs_21_tr_1_tl_15">
               <zone points="874,3817 874,3877 1300,3877 1300,3817" type="word" xml:id="facs_21_tr_1_tl_15_w1"/>
               <zone points="1388,3809 1388,3869 1877,3869 1877,3809" type="word" xml:id="facs_21_tr_1_tl_15_w2"/>
               <zone points="1966,3799 1966,3859 2222,3859 2222,3799" type="word" xml:id="facs_21_tr_1_tl_15_w3"/>
               <zone points="2332,3786 2332,3846 2929,3846 2929,3786" type="word" xml:id="facs_21_tr_1_tl_15_w4"/>
               <zone points="2974,3786 2974,3846 3143,3846 3143,3786" type="word" xml:id="facs_21_tr_1_tl_15_w5"/>
               <zone points="3233,3788 3233,3848 3252,3848 3252,3788" type="word" xml:id="facs_21_tr_1_tl_15_w6"/>
               <zone points="3298,3791 3298,3851 3659,3851 3659,3791" type="word" xml:id="facs_21_tr_1_tl_15_w7"/>
               <zone points="3747,3786 3747,3846 3937,3846 3937,3786" type="word" xml:id="facs_21_tr_1_tl_15_w8"/>
               <zone points="4004,3782 4004,3842 4279,3842 4279,3782" type="word" xml:id="facs_21_tr_1_tl_15_w9"/>
            </zone>
            <zone points="885,4106 1871,4036 1996,4080 2222,4045 2344,4080 2465,4028 2600,4075 2678,4023 2739,4071 2869,4032 2951,4080 3129,4032 3294,4080 3381,4036 3524,4075 3824,4019 3962,4054 4041,4019 4145,4093 4314,4054 4318,3841 4014,3889 3268,3841 3077,3884 2834,3845 2734,3897 2678,3858 2539,3902 2361,3863 2040,3919 1814,3867 1710,3915 889,3915" rendition="Line" xml:id="facs_21_line_1719402302418_482">
               <zone points="1551,3985 1551,4045 2850,4045 2850,3985" type="word" xml:id="facs_21_line_1719402302418_482_w1"/>
               <zone points="2938,3978 2938,4038 3661,4038 3661,3978" type="word" xml:id="facs_21_line_1719402302418_482_w2"/>
               <zone points="3749,3968 3749,4028 4279,4028 4279,3968" type="word" xml:id="facs_21_line_1719402302418_482_w3"/>
            </zone>
         </zone>
         <zone points="866,4030 4372,4030 4372,6919 866,6919" rendition="TextRegion" xml:id="facs_21_TextRegion_1719402302388_478">
            <zone points="1033,4271 1263,4292 1467,4236 1662,4279 1923,4232 2209,4266 2378,4218 2864,4266 2930,4227 3316,4266 3498,4227 3611,4266 3646,4232 4314,4218 4314,4054 4145,4093 4062,4036 3980,4067 3824,4019 3576,4080 3381,4036 3307,4084 3073,4028 2977,4075 2873,4032 2752,4071 2643,4041 2595,4080 2153,4045 2057,4097 1788,4041 1593,4106 1393,4097 1319,4028 1246,4093 1033,4106" rendition="Line" xml:id="facs_21_tr_1_tl_17">
               <zone points="1091,4190 1091,4250 1248,4250 1248,4190" type="word" xml:id="facs_21_tr_1_tl_17_w1"/>
               <zone points="1274,4182 1274,4242 1500,4242 1500,4182" type="word" xml:id="facs_21_tr_1_tl_17_w2"/>
               <zone points="1640,4168 1640,4228 2026,4228 2026,4168" type="word" xml:id="facs_21_tr_1_tl_17_w3"/>
               <zone points="2123,4171 2123,4231 2143,4231 2143,4171" type="word" xml:id="facs_21_tr_1_tl_17_w4"/>
               <zone points="2191,4172 2191,4232 2303,4232 2303,4172" type="word" xml:id="facs_21_tr_1_tl_17_w5"/>
               <zone points="2374,4164 2374,4224 2692,4224 2692,4164" type="word" xml:id="facs_21_tr_1_tl_17_w6"/>
               <zone points="2740,4170 2740,4230 2920,4230 2920,4170" type="word" xml:id="facs_21_tr_1_tl_17_w7"/>
               <zone points="3015,4166 3015,4226 3746,4226 3746,4166" type="word" xml:id="facs_21_tr_1_tl_17_w8"/>
               <zone points="3818,4165 3818,4225 4181,4225 4181,4165" type="word" xml:id="facs_21_tr_1_tl_17_w9"/>
               <zone points="4252,4161 4252,4221 4295,4221 4295,4161" type="word" xml:id="facs_21_tr_1_tl_17_w10"/>
            </zone>
            <zone points="877,4462 1324,4470 1402,4427 1484,4462 1732,4431 1775,4470 2265,4405 2391,4462 2613,4414 3060,4453 3216,4409 3342,4453 3403,4409 3611,4396 3724,4435 3841,4409 3897,4462 3962,4418 4301,4440 4305,4223 3572,4266 3485,4218 3290,4279 3051,4227 2869,4266 2804,4232 2513,4262 2383,4218 2213,4262 1749,4240 1667,4279 1371,4236 1263,4292 1233,4258 881,4245" rendition="Line" xml:id="facs_21_tr_1_tl_18">
               <zone points="912,4371 912,4431 999,4431 999,4371" type="word" xml:id="facs_21_tr_1_tl_18_w1"/>
               <zone points="1092,4374 1092,4434 1585,4434 1585,4374" type="word" xml:id="facs_21_tr_1_tl_18_w2"/>
               <zone points="1678,4365 1678,4425 2013,4425 2013,4365" type="word" xml:id="facs_21_tr_1_tl_18_w3"/>
               <zone points="2106,4356 2106,4416 2531,4416 2531,4356" type="word" xml:id="facs_21_tr_1_tl_18_w4"/>
               <zone points="2647,4351 2647,4411 3185,4411 3185,4351" type="word" xml:id="facs_21_tr_1_tl_18_w5"/>
               <zone points="3300,4352 3300,4412 3500,4412 3500,4352" type="word" xml:id="facs_21_tr_1_tl_18_w6"/>
               <zone points="3616,4349 3616,4409 4176,4409 4176,4349" type="word" xml:id="facs_21_tr_1_tl_18_w7"/>
               <zone points="4247,4351 4247,4411 4289,4411 4289,4351" type="word" xml:id="facs_21_tr_1_tl_18_w8"/>
            </zone>
            <zone points="881,4670 1007,4618 1354,4666 1476,4609 1797,4648 2335,4596 2630,4644 2817,4596 3151,4644 3316,4583 3533,4631 3824,4596 3915,4648 3975,4609 4305,4613 4305,4466 4197,4414 3962,4418 3897,4462 3841,4409 3485,4405 3316,4466 3259,4427 3055,4453 2930,4418 2530,4418 2391,4462 2274,4405 1775,4466 1732,4431 1623,4466 1406,4431 1328,4470 881,4457" rendition="Line" xml:id="facs_21_tr_1_tl_19">
               <zone points="915,4564 915,4624 1266,4624 1266,4564" type="word" xml:id="facs_21_tr_1_tl_19_w1"/>
               <zone points="1335,4556 1335,4616 1579,4616 1579,4556" type="word" xml:id="facs_21_tr_1_tl_19_w2"/>
               <zone points="1648,4553 1648,4613 1955,4613 1955,4553" type="word" xml:id="facs_21_tr_1_tl_19_w3"/>
               <zone points="2024,4547 2024,4607 2489,4607 2489,4547" type="word" xml:id="facs_21_tr_1_tl_19_w4"/>
               <zone points="2558,4541 2558,4601 2754,4601 2754,4541" type="word" xml:id="facs_21_tr_1_tl_19_w5"/>
               <zone points="2868,4529 2868,4589 3465,4589 3465,4529" type="word" xml:id="facs_21_tr_1_tl_19_w6"/>
               <zone points="3534,4536 3534,4596 3576,4596 3576,4536" type="word" xml:id="facs_21_tr_1_tl_19_w7"/>
               <zone points="3626,4537 3626,4597 3800,4597 3800,4537" type="word" xml:id="facs_21_tr_1_tl_19_w8"/>
               <zone points="3847,4539 3847,4599 4043,4599 4043,4539" type="word" xml:id="facs_21_tr_1_tl_19_w9"/>
               <zone points="4113,4532 4113,4592 4287,4592 4287,4532" type="word" xml:id="facs_21_tr_1_tl_19_w10"/>
            </zone>
            <zone points="859,4809 1033,4839 1280,4804 1441,4848 1515,4804 1953,4778 2200,4826 3233,4774 3598,4774 3693,4826 3758,4787 4001,4830 4093,4787 4188,4822 4331,4791 4310,4596 3975,4609 3919,4648 3758,4592 3398,4631 3316,4583 3099,4648 2903,4596 2639,4644 2344,4600 2278,4652 2222,4609 1641,4652 1476,4609 1354,4666 1059,4618 864,4674" rendition="Line" xml:id="facs_21_tr_1_tl_20">
               <zone points="891,4754 891,4814 1079,4814 1079,4754" type="word" xml:id="facs_21_tr_1_tl_20_w1"/>
               <zone points="1187,4740 1187,4800 1841,4800 1841,4740" type="word" xml:id="facs_21_tr_1_tl_20_w2"/>
               <zone points="1950,4732 1950,4792 2392,4792 2392,4732" type="word" xml:id="facs_21_tr_1_tl_20_w3"/>
               <zone points="2458,4732 2458,4792 2667,4792 2667,4732" type="word" xml:id="facs_21_tr_1_tl_20_w4"/>
               <zone points="2776,4725 2776,4785 3070,4785 3070,4725" type="word" xml:id="facs_21_tr_1_tl_20_w5"/>
               <zone points="3136,4720 3136,4780 3557,4780 3557,4720" type="word" xml:id="facs_21_tr_1_tl_20_w6"/>
               <zone points="3665,4726 3665,4786 4277,4786 4277,4726" type="word" xml:id="facs_21_tr_1_tl_20_w7"/>
            </zone>
            <zone points="868,5008 1267,4991 1363,5026 1402,4991 1719,4987 1866,5026 1910,4987 2417,5013 2482,4969 2734,4969 2908,5034 3012,4974 3212,5021 3433,4969 4318,4995 4318,4830 4240,4787 4001,4835 3763,4787 3633,4817 3572,4774 3051,4809 2908,4778 2860,4822 2708,4787 2535,4835 2335,4800 2062,4830 1953,4778 1762,4839 1502,4809 1419,4852 1280,4804 868,4830" rendition="Line" xml:id="facs_21_tr_1_tl_21">
               <zone points="902,4938 902,4998 1032,4998 1032,4938" type="word" xml:id="facs_21_tr_1_tl_21_w1"/>
               <zone points="1124,4933 1124,4993 1166,4993 1166,4933" type="word" xml:id="facs_21_tr_1_tl_21_w2"/>
               <zone points="1213,4929 1213,4989 1588,4989 1588,4929" type="word" xml:id="facs_21_tr_1_tl_21_w3"/>
               <zone points="1635,4923 1635,4983 1899,4983 1899,4923" type="word" xml:id="facs_21_tr_1_tl_21_w4"/>
               <zone points="1923,4917 1923,4977 2431,4977 2431,4917" type="word" xml:id="facs_21_tr_1_tl_21_w5"/>
               <zone points="2479,4911 2479,4971 2767,4971 2767,4911" type="word" xml:id="facs_21_tr_1_tl_21_w6"/>
               <zone points="2859,4918 2859,4978 3323,4978 3323,4918" type="word" xml:id="facs_21_tr_1_tl_21_w7"/>
               <zone points="3414,4917 3414,4977 4255,4977 4255,4917" type="word" xml:id="facs_21_tr_1_tl_21_w8"/>
            </zone>
            <zone points="859,5204 1037,5234 1185,5165 1246,5208 1384,5169 1545,5221 1658,5173 1905,5208 2244,5156 2565,5195 3528,5160 3594,5199 3798,5156 3941,5208 4036,5160 4314,5160 4314,4995 4088,5026 3962,4969 3758,5000 3715,4969 3650,5008 3398,4974 3146,5034 3012,4974 2895,5043 2743,4974 2422,5008 2118,4978 2022,5017 1910,4987 1827,5030 1619,4991 1358,5030 1250,4987 1024,5034 976,4995 859,5043" rendition="Line" xml:id="facs_21_tr_1_tl_22">
               <zone points="892,5109 892,5169 1471,5169 1471,5109" type="word" xml:id="facs_21_tr_1_tl_22_w1"/>
               <zone points="1539,5104 1539,5164 1622,5164 1622,5104" type="word" xml:id="facs_21_tr_1_tl_22_w2"/>
               <zone points="1711,5102 1711,5162 2226,5162 2226,5102" type="word" xml:id="facs_21_tr_1_tl_22_w3"/>
               <zone points="2315,5106 2315,5166 2485,5166 2485,5106" type="word" xml:id="facs_21_tr_1_tl_22_w4"/>
               <zone points="2531,5101 2531,5161 3261,5161 3261,5101" type="word" xml:id="facs_21_tr_1_tl_22_w5"/>
               <zone points="3307,5100 3307,5160 3779,5160 3779,5100" type="word" xml:id="facs_21_tr_1_tl_22_w6"/>
               <zone points="3846,5102 3846,5162 4275,5162 4275,5102" type="word" xml:id="facs_21_tr_1_tl_22_w7"/>
            </zone>
            <zone points="868,5377 1428,5408 1476,5369 1558,5399 1788,5356 1858,5395 1983,5351 2305,5395 2383,5351 2743,5390 3086,5347 3151,5386 3255,5330 3459,5386 3585,5343 3680,5390 3858,5356 3910,5399 4336,5343 4336,5173 4166,5160 3941,5208 3763,5156 3594,5199 3528,5160 3372,5199 3064,5156 2578,5191 2443,5156 2318,5199 2035,5165 1905,5208 1649,5173 1584,5225 1380,5169 1263,5208 1098,5186 1024,5243 868,5199" rendition="Line" xml:id="facs_21_tr_1_tl_23">
               <zone points="902,5308 902,5368 1123,5368 1123,5308" type="word" xml:id="facs_21_tr_1_tl_23_w1"/>
               <zone points="1215,5297 1215,5357 1681,5357 1681,5297" type="word" xml:id="facs_21_tr_1_tl_23_w2"/>
               <zone points="1751,5290 1751,5350 1949,5350 1949,5290" type="word" xml:id="facs_21_tr_1_tl_23_w3"/>
               <zone points="1997,5290 1997,5350 2396,5350 2396,5290" type="word" xml:id="facs_21_tr_1_tl_23_w4"/>
               <zone points="2421,5294 2421,5354 2731,5354 2731,5294" type="word" xml:id="facs_21_tr_1_tl_23_w5"/>
               <zone points="2824,5288 2824,5348 3022,5348 3022,5288" type="word" xml:id="facs_21_tr_1_tl_23_w6"/>
               <zone points="3092,5290 3092,5350 3692,5350 3692,5290" type="word" xml:id="facs_21_tr_1_tl_23_w7"/>
               <zone points="3739,5292 3739,5352 4251,5352 4251,5292" type="word" xml:id="facs_21_tr_1_tl_23_w8"/>
            </zone>
            <zone points="872,5560 968,5586 1180,5542 1293,5590 1489,5547 2079,5547 2118,5581 2196,5534 2270,5568 2634,5534 3368,5581 3450,5529 3550,5581 3737,5525 4223,5586 4344,5555 4318,5351 4262,5395 4067,5364 3910,5403 3854,5356 3680,5390 3585,5343 3442,5386 3255,5330 3173,5386 2873,5347 2539,5395 2383,5351 2283,5403 1983,5351 1897,5395 1788,5356 1745,5395 1480,5369 1432,5408 1337,5373 1085,5408 968,5364 872,5403" rendition="Line" xml:id="facs_21_tr_1_tl_24">
               <zone points="904,5499 904,5559 1115,5559 1115,5499" type="word" xml:id="facs_21_tr_1_tl_24_w1"/>
               <zone points="1203,5486 1203,5546 1542,5546 1542,5486" type="word" xml:id="facs_21_tr_1_tl_24_w2"/>
               <zone points="1654,5479 1654,5539 1843,5539 1843,5479" type="word" xml:id="facs_21_tr_1_tl_24_w3"/>
               <zone points="1931,5477 1931,5537 2206,5537 2206,5477" type="word" xml:id="facs_21_tr_1_tl_24_w4"/>
               <zone points="2318,5473 2318,5533 3086,5533 3086,5473" type="word" xml:id="facs_21_tr_1_tl_24_w5"/>
               <zone points="3196,5476 3196,5536 4284,5536 4284,5476" type="word" xml:id="facs_21_tr_1_tl_24_w6"/>
            </zone>
            <zone points="855,5768 1033,5737 1272,5772 1402,5729 1632,5790 1831,5711 2292,5755 2352,5720 2526,5768 3025,5716 3190,5764 3333,5711 3702,5764 3745,5733 3780,5768 3863,5733 4314,5737 4314,5560 4223,5586 4028,5534 3845,5560 3737,5525 3546,5581 3446,5529 3372,5586 3216,5547 2908,5581 2443,5534 2361,5568 2161,5538 2118,5581 2070,5547 1567,5542 1237,5594 1176,5547 855,5603" rendition="Line" xml:id="facs_21_tr_1_tl_25">
               <zone points="889,5670 889,5730 1377,5730 1377,5670" type="word" xml:id="facs_21_tr_1_tl_25_w1"/>
               <zone points="1535,5662 1535,5722 2045,5722 2045,5662" type="word" xml:id="facs_21_tr_1_tl_25_w2"/>
               <zone points="2136,5661 2136,5721 2222,5721 2222,5661" type="word" xml:id="facs_21_tr_1_tl_25_w3"/>
               <zone points="2361,5652 2361,5712 3292,5712 3292,5652" type="word" xml:id="facs_21_tr_1_tl_25_w4"/>
               <zone points="3364,5664 3364,5724 4185,5724 4185,5664" type="word" xml:id="facs_21_tr_1_tl_25_w5"/>
               <zone points="4254,5676 4254,5736 4296,5736 4296,5676" type="word" xml:id="facs_21_tr_1_tl_25_w6"/>
            </zone>
            <zone points="859,5920 1324,5911 1363,5950 1480,5911 1844,5937 2053,5902 2179,5941 2448,5889 2708,5902 2778,5946 2969,5898 3303,5941 3502,5898 3811,5959 3867,5915 4123,5946 4201,5907 4349,5954 4318,5729 4266,5764 4080,5724 3780,5768 3745,5733 3706,5764 3385,5733 3333,5772 2825,5720 2522,5772 2352,5720 2222,5755 2122,5711 1827,5711 1628,5790 1402,5737 1311,5794 1003,5737 859,5798" rendition="Line" xml:id="facs_21_tr_1_tl_26">
               <zone points="929,5843 929,5903 1696,5903 1696,5843" type="word" xml:id="facs_21_tr_1_tl_26_w1"/>
               <zone points="1820,5849 1820,5909 2304,5909 2304,5849" type="word" xml:id="facs_21_tr_1_tl_26_w2"/>
               <zone points="2410,5849 2410,5909 2428,5909 2428,5849" type="word" xml:id="facs_21_tr_1_tl_26_w3"/>
               <zone points="2471,5849 2471,5909 2670,5909 2670,5849" type="word" xml:id="facs_21_tr_1_tl_26_w4"/>
               <zone points="2754,5840 2754,5900 2832,5900 2832,5840" type="word" xml:id="facs_21_tr_1_tl_26_w5"/>
               <zone points="2918,5840 2918,5900 3198,5900 3198,5840" type="word" xml:id="facs_21_tr_1_tl_26_w6"/>
               <zone points="3261,5850 3261,5910 3463,5910 3463,5850" type="word" xml:id="facs_21_tr_1_tl_26_w7"/>
               <zone points="3546,5856 3546,5916 4232,5916 4232,5856" type="word" xml:id="facs_21_tr_1_tl_26_w8"/>
            </zone>
            <zone points="842,6124 1020,6102 1111,6141 1302,6080 1402,6119 1684,6093 1740,6132 2378,6093 2522,6137 2712,6093 2830,6141 2882,6102 2947,6132 3146,6089 3285,6145 3698,6102 3897,6145 3980,6111 4123,6150 4166,6115 4288,6163 4288,5928 4210,5902 4136,5946 3871,5915 3767,5972 3489,5907 3307,5941 2969,5898 2778,5946 2443,5885 2244,5937 1732,5907 1675,5963 1432,5911 1289,5950 1007,5911 929,5976 842,5950" rendition="Line" xml:id="facs_21_tr_1_tl_27">
               <zone points="875,6028 875,6088 1651,6088 1651,6028" type="word" xml:id="facs_21_tr_1_tl_27_w1"/>
               <zone points="1697,6028 1697,6088 1803,6088 1803,6028" type="word" xml:id="facs_21_tr_1_tl_27_w2"/>
               <zone points="1892,6035 1892,6095 2301,6095 2301,6035" type="word" xml:id="facs_21_tr_1_tl_27_w3"/>
               <zone points="2347,6034 2347,6094 2777,6094 2777,6034" type="word" xml:id="facs_21_tr_1_tl_27_w4"/>
               <zone points="2823,6034 2823,6094 3231,6094 3231,6034" type="word" xml:id="facs_21_tr_1_tl_27_w5"/>
               <zone points="3256,6040 3256,6100 3296,6100 3296,6040" type="word" xml:id="facs_21_tr_1_tl_27_w6"/>
               <zone points="3321,6040 3321,6100 3708,6100 3708,6040" type="word" xml:id="facs_21_tr_1_tl_27_w7"/>
               <zone points="3754,6047 3754,6107 4032,6107 4032,6047" type="word" xml:id="facs_21_tr_1_tl_27_w8"/>
               <zone points="4100,6052 4100,6112 4270,6112 4270,6052" type="word" xml:id="facs_21_tr_1_tl_27_w9"/>
            </zone>
            <zone points="859,6284 1098,6345 1502,6293 1714,6328 1823,6284 2105,6319 4318,6297 4318,6106 4218,6154 4162,6115 3750,6150 3437,6102 3364,6150 3146,6093 2830,6141 2708,6093 2522,6137 2378,6098 1740,6132 1675,6098 1597,6132 1293,6076 1107,6141 959,6106 859,6154" rendition="Line" xml:id="facs_21_tr_1_tl_28">
               <zone points="893,6234 893,6294 1044,6294 1044,6234" type="word" xml:id="facs_21_tr_1_tl_28_w1"/>
               <zone points="1157,6225 1157,6285 1664,6285 1664,6225" type="word" xml:id="facs_21_tr_1_tl_28_w2"/>
               <zone points="1778,6225 1778,6285 1995,6285 1995,6225" type="word" xml:id="facs_21_tr_1_tl_28_w3"/>
               <zone points="2089,6218 2089,6278 2839,6278 2839,6218" type="word" xml:id="facs_21_tr_1_tl_28_w4"/>
               <zone points="2930,6224 2930,6284 3658,6284 3658,6224" type="word" xml:id="facs_21_tr_1_tl_28_w5"/>
               <zone points="3773,6233 3773,6293 3969,6293 3969,6233" type="word" xml:id="facs_21_tr_1_tl_28_w6"/>
               <zone points="4082,6228 4082,6288 4278,6288 4278,6228" type="word" xml:id="facs_21_tr_1_tl_28_w7"/>
            </zone>
            <zone points="868,6519 1133,6471 1358,6510 1680,6471 1836,6514 2109,6475 2478,6514 2669,6471 2791,6514 3077,6471 3364,6519 3489,6471 3724,6510 3776,6467 3871,6536 4318,6497 4318,6302 4275,6297 4179,6345 4084,6297 3728,6328 3598,6289 3511,6349 3355,6293 3233,6336 2808,6289 2726,6328 2630,6284 2478,6332 2374,6293 1844,6284 1714,6328 1506,6293 1098,6345 950,6276 868,6319" rendition="Line" xml:id="facs_21_tr_1_tl_29">
               <zone points="918,6408 918,6468 1362,6468 1362,6408" type="word" xml:id="facs_21_tr_1_tl_29_w1"/>
               <zone points="1405,6410 1405,6470 1706,6470 1706,6410" type="word" xml:id="facs_21_tr_1_tl_29_w2"/>
               <zone points="1769,6409 1769,6469 2172,6469 2172,6409" type="word" xml:id="facs_21_tr_1_tl_29_w3"/>
               <zone points="2256,6404 2256,6464 2762,6464 2762,6404" type="word" xml:id="facs_21_tr_1_tl_29_w4"/>
               <zone points="2886,6413 2886,6473 3147,6473 3147,6413" type="word" xml:id="facs_21_tr_1_tl_29_w5"/>
               <zone points="3211,6413 3211,6473 3309,6473 3309,6413" type="word" xml:id="facs_21_tr_1_tl_29_w6"/>
               <zone points="3920,6427 3920,6487 3998,6487 3998,6427" type="word" xml:id="facs_21_tr_1_tl_29_w7"/>
               <zone points="4082,6433 4082,6493 4262,6493 4262,6433" type="word" xml:id="facs_21_tr_1_tl_29_w8"/>
            </zone>
            <zone points="877,6705 950,6744 1072,6688 1163,6723 1254,6684 1402,6766 1480,6731 1549,6788 1714,6692 1823,6744 1897,6692 2105,6809 2270,6792 2374,6710 2556,6701 2639,6649 2886,6671 3294,6796 3407,6749 3450,6788 3554,6749 3784,6766 3993,6675 4145,6731 4201,6692 4323,6714 4323,6506 4236,6493 3880,6540 3793,6484 3494,6471 3364,6514 2899,6471 2821,6514 2708,6471 2565,6519 2226,6523 2157,6480 1927,6527 1593,6475 1285,6514 1150,6471 877,6514" rendition="Line" xml:id="facs_21_tr_1_tl_30">
               <zone points="913,6609 913,6669 1283,6669 1283,6609" type="word" xml:id="facs_21_tr_1_tl_30_w1"/>
               <zone points="1402,6611 1402,6671 1612,6671 1612,6611" type="word" xml:id="facs_21_tr_1_tl_30_w2"/>
               <zone points="1685,6611 1685,6671 1775,6671 1775,6611" type="word" xml:id="facs_21_tr_1_tl_30_w3"/>
               <zone points="1848,6609 1848,6669 2500,6669 2500,6609" type="word" xml:id="facs_21_tr_1_tl_30_w4"/>
               <zone points="2600,6607 2600,6667 2643,6667 2643,6607" type="word" xml:id="facs_21_tr_1_tl_30_w5"/>
               <zone points="2669,6603 2669,6663 2830,6663 2830,6603" type="word" xml:id="facs_21_tr_1_tl_30_w6"/>
               <zone points="2949,6613 2949,6673 3392,6673 3392,6613" type="word" xml:id="facs_21_tr_1_tl_30_w7"/>
               <zone points="3488,6620 3488,6680 3977,6680 3977,6620" type="word" xml:id="facs_21_tr_1_tl_30_w8"/>
               <zone points="4050,6625 4050,6685 4257,6685 4257,6625" type="word" xml:id="facs_21_tr_1_tl_30_w9"/>
            </zone>
         </zone>
      </surface>
      <surface lrx="5503" lry="8255" ulx="0" uly="0" xml:id="facs_22">
         <!--<graphic height="8255px" url="69062595.jpg" width="5503px"/>-->
         <graphic height="8255px" url="https://files.transkribus.eu/Get?id=FIEWNQNEMQZTXABKBKUBZKDS&amp;fileType=view" width="5503px"/>
         <zone points="1093,1228 4677,1228 4677,2115 1093,2115" rendition="TextRegion" xml:id="facs_22_TextRegion_1719402389249_538">
            <zone points="1069,1406 1204,1367 1800,1393 1888,1349 1975,1384 2028,1353 2076,1397 2203,1349 2492,1388 2641,1345 2882,1397 3145,1340 3206,1384 3303,1336 3587,1402 3705,1353 3876,1397 3977,1358 4560,1397 4560,1196 4398,1191 4306,1126 4205,1191 4130,1121 3955,1178 3859,1104 3732,1113 3684,1161 3473,1117 3390,1152 3289,1099 3197,1139 3097,1082 3040,1139 2983,1108 2821,1161 2527,1056 2348,1130 2238,1091 2181,1148 1940,1064 1629,1161 1551,1121 1498,1152 1240,1099 1069,1121" rendition="Line" xml:id="facs_22_tr_1_tl_1">
               <zone points="1108,1296 1108,1356 1796,1356 1796,1296" type="word" xml:id="facs_22_tr_1_tl_1_w1"/>
               <zone points="1898,1286 1898,1346 1993,1346 1993,1286" type="word" xml:id="facs_22_tr_1_tl_1_w2"/>
               <zone points="2070,1280 2070,1340 2165,1340 2165,1280" type="word" xml:id="facs_22_tr_1_tl_1_w3"/>
               <zone points="2245,1280 2245,1340 2537,1340 2537,1280" type="word" xml:id="facs_22_tr_1_tl_1_w4"/>
               <zone points="2590,1280 2590,1340 2783,1340 2783,1280" type="word" xml:id="facs_22_tr_1_tl_1_w5"/>
               <zone points="2863,1278 2863,1338 3106,1338 3106,1278" type="word" xml:id="facs_22_tr_1_tl_1_w6"/>
               <zone points="3183,1288 3183,1348 3327,1348 3327,1288" type="word" xml:id="facs_22_tr_1_tl_1_w7"/>
               <zone points="3380,1287 3380,1347 3798,1347 3798,1287" type="word" xml:id="facs_22_tr_1_tl_1_w8"/>
               <zone points="3899,1294 3899,1354 3921,1354 3921,1294" type="word" xml:id="facs_22_tr_1_tl_1_w9"/>
               <zone points="3973,1303 3973,1363 4268,1363 4268,1303" type="word" xml:id="facs_22_tr_1_tl_1_w10"/>
               <zone points="4345,1307 4345,1367 4539,1367 4539,1307" type="word" xml:id="facs_22_tr_1_tl_1_w11"/>
            </zone>
            <zone points="1082,1572 1218,1546 1292,1590 1489,1542 1603,1586 1721,1529 2186,1581 2492,1537 2970,1568 3079,1529 3298,1599 3438,1520 3622,1581 3868,1533 3924,1572 4200,1546 4319,1599 4581,1603 4581,1428 4481,1388 4200,1410 4047,1367 3995,1410 3819,1349 3600,1402 3307,1332 3180,1402 3110,1353 2873,1397 2742,1345 2374,1393 2212,1349 2076,1393 2024,1349 1581,1402 1388,1367 1345,1402 1248,1367 1082,1397" rendition="Line" xml:id="facs_22_tr_1_tl_2">
               <zone points="1116,1483 1116,1543 1580,1543 1580,1483" type="word" xml:id="facs_22_tr_1_tl_2_w1"/>
               <zone points="1672,1474 1672,1534 1714,1534 1714,1474" type="word" xml:id="facs_22_tr_1_tl_2_w2"/>
               <zone points="1761,1477 1761,1537 1936,1537 1936,1477" type="word" xml:id="facs_22_tr_1_tl_2_w3"/>
               <zone points="2005,1471 2005,1531 2358,1531 2358,1471" type="word" xml:id="facs_22_tr_1_tl_2_w4"/>
               <zone points="2450,1471 2450,1531 2828,1531 2828,1471" type="word" xml:id="facs_22_tr_1_tl_2_w5"/>
               <zone points="2920,1475 2920,1535 3562,1535 3562,1475" type="word" xml:id="facs_22_tr_1_tl_2_w6"/>
               <zone points="3632,1481 3632,1541 4029,1541 4029,1481" type="word" xml:id="facs_22_tr_1_tl_2_w7"/>
               <zone points="4099,1495 4099,1555 4540,1555 4540,1495" type="word" xml:id="facs_22_tr_1_tl_2_w8"/>
            </zone>
            <zone points="1077,1761 1314,1721 1507,1770 1651,1726 1778,1778 1826,1734 2444,1765 3101,1721 3434,1787 3522,1726 3631,1783 3749,1734 3907,1778 4472,1734 4568,1770 4568,1599 4130,1551 3916,1577 3863,1533 3627,1581 3438,1524 3250,1607 3079,1529 2965,1577 2497,1533 2387,1581 2343,1546 2124,1581 2041,1537 1774,1529 1660,1581 1494,1537 1358,1594 1077,1564" rendition="Line" xml:id="facs_22_tr_1_tl_3">
               <zone points="1134,1673 1134,1733 1648,1733 1648,1673" type="word" xml:id="facs_22_tr_1_tl_3_w1"/>
               <zone points="1741,1667 1741,1727 2030,1727 2030,1667" type="word" xml:id="facs_22_tr_1_tl_3_w2"/>
               <zone points="2078,1666 2078,1726 2120,1726 2120,1666" type="word" xml:id="facs_22_tr_1_tl_3_w3"/>
               <zone points="2145,1667 2145,1727 2345,1727 2345,1667" type="word" xml:id="facs_22_tr_1_tl_3_w4"/>
               <zone points="2437,1666 2437,1726 2727,1726 2727,1666" type="word" xml:id="facs_22_tr_1_tl_3_w5"/>
               <zone points="2822,1663 2822,1723 3201,1723 3201,1663" type="word" xml:id="facs_22_tr_1_tl_3_w6"/>
               <zone points="3271,1665 3271,1725 3696,1725 3696,1665" type="word" xml:id="facs_22_tr_1_tl_3_w7"/>
               <zone points="3766,1686 3766,1746 4482,1746 4482,1686" type="word" xml:id="facs_22_tr_1_tl_3_w8"/>
            </zone>
            <zone points="1130,1945 1603,1914 1695,1958 1918,1910 2129,1975 2216,1936 2391,1962 2497,1910 3092,1962 3329,1905 3430,1949 3714,1923 3955,1967 4113,1918 4187,1989 4314,1945 4485,2032 4568,1989 4568,1774 4503,1748 4227,1752 4157,1805 4100,1761 3929,1791 3780,1734 3631,1783 3543,1730 3465,1791 3390,1748 3285,1778 3105,1721 2444,1765 2168,1730 2028,1774 1967,1734 1800,1787 1713,1734 1130,1770" rendition="Line" xml:id="facs_22_tr_1_tl_4">
               <zone points="1142,1869 1142,1929 1454,1929 1454,1869" type="word" xml:id="facs_22_tr_1_tl_4_w1"/>
               <zone points="1547,1859 1547,1919 2222,1919 2222,1859" type="word" xml:id="facs_22_tr_1_tl_4_w2"/>
               <zone points="2293,1865 2293,1925 2448,1925 2448,1865" type="word" xml:id="facs_22_tr_1_tl_4_w3"/>
               <zone points="2543,1859 2543,1919 3264,1919 3264,1859" type="word" xml:id="facs_22_tr_1_tl_4_w4"/>
               <zone points="3356,1853 3356,1913 3897,1913 3897,1853" type="word" xml:id="facs_22_tr_1_tl_4_w5"/>
               <zone points="3989,1871 3989,1931 4144,1931 4144,1871" type="word" xml:id="facs_22_tr_1_tl_4_w6"/>
               <zone points="4192,1877 4192,1937 4549,1937 4549,1877" type="word" xml:id="facs_22_tr_1_tl_4_w7"/>
            </zone>
            <zone points="1104,2120 1292,2186 1371,2124 1485,2181 1599,2111 1743,2151 1993,2098 2151,2137 2383,2111 2387,1958 2129,1975 1958,1914 1866,1962 1818,1923 1717,1958 1559,1932 1406,1967 1318,1923 1108,1953" rendition="Line" xml:id="facs_22_line_1719402389277_541">
               <zone points="1158,2068 1158,2128 1415,2128 1415,2068" type="word" xml:id="facs_22_line_1719402389277_541_w1"/>
               <zone points="1483,2050 1483,2110 1829,2110 1829,2050" type="word" xml:id="facs_22_line_1719402389277_541_w2"/>
               <zone points="1918,2044 1918,2104 2348,2104 2348,2044" type="word" xml:id="facs_22_line_1719402389277_541_w3"/>
            </zone>
         </zone>
         <zone points="1093,2115 4677,2115 4677,3985 1093,3985" rendition="TextRegion" xml:id="facs_22_TextRegion_1719402393035_545">
            <zone points="1283,2317 1358,2356 1445,2308 1616,2356 1691,2304 1980,2348 2181,2286 2317,2335 2545,2286 2597,2321 3088,2291 3171,2330 3276,2291 3355,2335 3473,2300 3548,2348 3679,2286 3780,2326 3868,2295 4590,2321 4590,2146 4218,2142 4183,2107 4117,2155 3386,2094 3307,2137 3224,2098 2952,2155 2790,2094 2527,2151 2378,2102 2098,2146 1993,2098 1914,2142 1734,2151 1625,2107 1515,2172 1388,2129 1283,2164" rendition="Line" xml:id="facs_22_tr_1_tl_6">
               <zone points="1318,2251 1318,2311 1475,2311 1475,2251" type="word" xml:id="facs_22_tr_1_tl_6_w1"/>
               <zone points="1546,2241 1546,2301 1797,2301 1797,2241" type="word" xml:id="facs_22_tr_1_tl_6_w2"/>
               <zone points="1937,2236 1937,2296 2553,2296 2553,2236" type="word" xml:id="facs_22_tr_1_tl_6_w3"/>
               <zone points="2624,2235 2624,2295 2667,2295 2667,2235" type="word" xml:id="facs_22_tr_1_tl_6_w4"/>
               <zone points="2692,2238 2692,2298 3080,2298 3080,2238" type="word" xml:id="facs_22_tr_1_tl_6_w5"/>
               <zone points="3177,2235 3177,2295 3311,2295 3311,2235" type="word" xml:id="facs_22_tr_1_tl_6_w6"/>
               <zone points="3382,2235 3382,2295 3630,2295 3630,2235" type="word" xml:id="facs_22_tr_1_tl_6_w7"/>
               <zone points="3704,2241 3704,2301 3907,2301 3907,2241" type="word" xml:id="facs_22_tr_1_tl_6_w8"/>
               <zone points="3955,2241 3955,2301 4229,2301 4229,2241" type="word" xml:id="facs_22_tr_1_tl_6_w9"/>
               <zone points="4323,2241 4323,2301 4503,2301 4503,2241" type="word" xml:id="facs_22_tr_1_tl_6_w10"/>
            </zone>
            <zone points="1117,2492 1559,2540 1704,2479 1962,2532 2155,2488 2663,2518 2812,2470 2930,2523 2996,2483 3202,2527 3267,2483 3543,2475 3649,2540 3762,2497 4038,2540 4130,2483 4270,2536 4437,2488 4573,2510 4573,2313 4345,2339 4231,2300 4143,2356 3868,2295 3543,2343 3460,2300 3351,2339 3276,2295 3206,2330 3084,2295 2593,2330 2413,2291 2326,2339 2234,2295 1975,2352 1117,2321" rendition="Line" xml:id="facs_22_tr_1_tl_7">
               <zone points="1149,2441 1149,2501 1445,2501 1445,2441" type="word" xml:id="facs_22_tr_1_tl_7_w1"/>
               <zone points="1533,2432 1533,2492 2021,2492 2021,2432" type="word" xml:id="facs_22_tr_1_tl_7_w2"/>
               <zone points="2130,2414 2130,2474 2533,2474 2533,2414" type="word" xml:id="facs_22_tr_1_tl_7_w3"/>
               <zone points="2642,2422 2642,2482 2895,2482 2895,2422" type="word" xml:id="facs_22_tr_1_tl_7_w4"/>
               <zone points="2962,2429 2962,2489 3855,2489 3855,2429" type="word" xml:id="facs_22_tr_1_tl_7_w5"/>
               <zone points="3985,2427 3985,2487 4068,2487 4068,2427" type="word" xml:id="facs_22_tr_1_tl_7_w6"/>
               <zone points="4177,2432 4177,2492 4495,2492 4495,2432" type="word" xml:id="facs_22_tr_1_tl_7_w7"/>
            </zone>
            <zone points="1117,2711 1200,2746 1428,2681 1612,2729 1805,2681 2129,2729 2264,2672 2361,2720 2409,2672 2510,2702 2545,2667 2698,2707 2742,2672 2786,2707 3009,2672 3298,2707 3368,2659 3578,2711 3666,2672 3964,2711 4012,2672 4091,2707 4371,2667 4441,2716 4503,2676 4581,2720 4581,2536 4446,2492 4354,2540 4135,2483 3938,2545 3828,2497 3640,2536 3548,2475 3381,2532 3316,2483 3193,2532 2992,2483 2926,2527 2812,2470 2667,2518 2435,2483 2348,2527 2168,2488 2019,2532 1708,2488 1564,2545 1117,2514" rendition="Line" xml:id="facs_22_tr_1_tl_8">
               <zone points="1151,2638 1151,2698 1506,2698 1506,2638" type="word" xml:id="facs_22_tr_1_tl_8_w1"/>
               <zone points="1599,2623 1599,2683 1641,2683 1641,2623" type="word" xml:id="facs_22_tr_1_tl_8_w2"/>
               <zone points="1691,2623 1691,2683 2001,2683 2001,2623" type="word" xml:id="facs_22_tr_1_tl_8_w3"/>
               <zone points="2116,2618 2116,2678 2247,2678 2247,2618" type="word" xml:id="facs_22_tr_1_tl_8_w4"/>
               <zone points="2298,2612 2298,2672 2407,2672 2407,2612" type="word" xml:id="facs_22_tr_1_tl_8_w5"/>
               <zone points="2499,2612 2499,2672 2879,2672 2879,2612" type="word" xml:id="facs_22_tr_1_tl_8_w6"/>
               <zone points="2972,2618 2972,2678 3282,2678 3282,2618" type="word" xml:id="facs_22_tr_1_tl_8_w7"/>
               <zone points="3397,2615 3397,2675 3598,2675 3598,2615" type="word" xml:id="facs_22_tr_1_tl_8_w8"/>
               <zone points="3690,2618 3690,2678 4227,2678 4227,2618" type="word" xml:id="facs_22_tr_1_tl_8_w9"/>
               <zone points="4297,2612 4297,2672 4563,2672 4563,2612" type="word" xml:id="facs_22_tr_1_tl_8_w10"/>
            </zone>
            <zone points="1108,2891 1410,2917 1476,2878 1625,2935 1783,2860 1888,2913 1989,2860 2177,2917 2374,2860 2575,2904 2930,2860 3114,2908 3434,2856 3574,2904 3697,2865 3758,2908 3946,2856 4586,2869 4586,2711 4503,2676 4437,2729 4214,2672 4078,2716 4003,2676 3929,2724 3727,2685 3592,2724 3377,2654 3250,2729 3132,2672 2886,2724 2816,2685 2497,2707 2413,2667 2124,2724 1857,2724 1783,2681 1599,2742 1437,2685 1253,2698 1204,2746 1108,2707" rendition="Line" xml:id="facs_22_tr_1_tl_9">
               <zone points="1162,2820 1162,2880 1525,2880 1525,2820" type="word" xml:id="facs_22_tr_1_tl_9_w1"/>
               <zone points="1636,2818 1636,2878 1827,2878 1827,2818" type="word" xml:id="facs_22_tr_1_tl_9_w2"/>
               <zone points="1937,2813 1937,2873 1956,2873 1956,2813" type="word" xml:id="facs_22_tr_1_tl_9_w3"/>
               <zone points="2004,2809 2004,2869 2389,2869 2389,2809" type="word" xml:id="facs_22_tr_1_tl_9_w4"/>
               <zone points="2478,2804 2478,2864 2777,2864 2777,2804" type="word" xml:id="facs_22_tr_1_tl_9_w5"/>
               <zone points="2822,2800 2822,2860 3662,2860 3662,2800" type="word" xml:id="facs_22_tr_1_tl_9_w6"/>
               <zone points="3732,2798 3732,2858 4332,2858 4332,2798" type="word" xml:id="facs_22_tr_1_tl_9_w7"/>
               <zone points="4421,2797 4421,2857 4547,2857 4547,2797" type="word" xml:id="facs_22_tr_1_tl_9_w8"/>
            </zone>
            <zone points="1077,3127 1612,3070 1774,3101 1813,3066 1892,3110 1962,3057 2146,3044 2339,3097 2615,3044 2882,3088 3127,3040 3535,3088 3758,3040 4341,3088 4599,3053 4599,2895 4196,2860 3990,2886 3946,2851 3776,2908 3653,2869 3557,2904 3224,2865 3114,2908 3022,2865 2777,2900 2370,2865 2186,2917 2067,2869 1651,2913 1476,2873 1380,2917 1200,2882 1077,2921" rendition="Line" xml:id="facs_22_tr_1_tl_10">
               <zone points="1134,3003 1134,3063 1600,3063 1600,3003" type="word" xml:id="facs_22_tr_1_tl_10_w1"/>
               <zone points="1670,3003 1670,3063 1779,3063 1779,3003" type="word" xml:id="facs_22_tr_1_tl_10_w2"/>
               <zone points="1872,2994 1872,3054 2274,3054 2274,2994" type="word" xml:id="facs_22_tr_1_tl_10_w3"/>
               <zone points="2322,2994 2322,3054 2386,3054 2386,2994" type="word" xml:id="facs_22_tr_1_tl_10_w4"/>
               <zone points="2478,2998 2478,3058 2565,3058 2565,2998" type="word" xml:id="facs_22_tr_1_tl_10_w5"/>
               <zone points="2680,2993 2680,3053 3079,3053 3079,2993" type="word" xml:id="facs_22_tr_1_tl_10_w6"/>
               <zone points="3127,2994 3127,3054 3619,3054 3619,2994" type="word" xml:id="facs_22_tr_1_tl_10_w7"/>
               <zone points="3711,2994 3711,3054 3731,3054 3731,2994" type="word" xml:id="facs_22_tr_1_tl_10_w8"/>
               <zone points="3778,2993 3778,3053 3977,3053 3977,2993" type="word" xml:id="facs_22_tr_1_tl_10_w9"/>
               <zone points="4024,2987 4024,3047 4491,3047 4491,2987" type="word" xml:id="facs_22_tr_1_tl_10_w10"/>
            </zone>
            <zone points="1121,3272 1791,3254 1949,3298 2479,3241 2545,3285 2777,3250 2829,3298 3048,3228 3097,3263 3320,3272 3434,3228 3701,3276 3964,3228 4262,3285 4590,3224 4595,3066 4433,3057 4143,3092 4052,3048 3758,3040 3421,3101 3364,3057 3289,3084 3132,3040 2900,3101 2610,3044 2356,3101 2146,3044 1975,3057 1901,3114 1813,3070 1533,3119 1231,3079 1126,3127" rendition="Line" xml:id="facs_22_tr_1_tl_11">
               <zone points="1155,3207 1155,3267 1556,3267 1556,3207" type="word" xml:id="facs_22_tr_1_tl_11_w1"/>
               <zone points="1651,3196 1651,3256 1850,3256 1850,3196" type="word" xml:id="facs_22_tr_1_tl_11_w2"/>
               <zone points="1920,3190 1920,3250 2481,3250 2481,3190" type="word" xml:id="facs_22_tr_1_tl_11_w3"/>
               <zone points="2573,3184 2573,3244 2999,3244 2999,3184" type="word" xml:id="facs_22_tr_1_tl_11_w4"/>
               <zone points="3047,3182 3047,3242 3248,3242 3248,3182" type="word" xml:id="facs_22_tr_1_tl_11_w5"/>
               <zone points="3318,3179 3318,3239 3632,3239 3632,3179" type="word" xml:id="facs_22_tr_1_tl_11_w6"/>
               <zone points="3680,3179 3680,3239 3856,3239 3856,3179" type="word" xml:id="facs_22_tr_1_tl_11_w7"/>
               <zone points="3949,3173 3949,3233 4195,3233 4195,3173" type="word" xml:id="facs_22_tr_1_tl_11_w8"/>
               <zone points="4243,3173 4243,3233 4307,3233 4307,3173" type="word" xml:id="facs_22_tr_1_tl_11_w9"/>
               <zone points="4400,3168 4400,3228 4576,3228 4576,3168" type="word" xml:id="facs_22_tr_1_tl_11_w10"/>
            </zone>
            <zone points="1117,3491 1187,3456 1402,3500 2335,3430 2856,3465 2930,3430 3101,3469 3206,3421 3333,3469 3412,3438 3482,3491 3692,3421 4148,3473 4284,3416 4336,3465 4581,3434 4586,3281 4301,3294 3977,3232 3705,3276 3430,3224 3241,3281 3027,3241 2908,3303 2777,3246 2606,3289 2492,3250 1910,3298 1796,3254 1332,3298 1117,3272" rendition="Line" xml:id="facs_22_tr_1_tl_12">
               <zone points="1152,3402 1152,3462 1352,3462 1352,3402" type="word" xml:id="facs_22_tr_1_tl_12_w1"/>
               <zone points="1377,3388 1377,3448 2053,3448 2053,3388" type="word" xml:id="facs_22_tr_1_tl_12_w2"/>
               <zone points="2146,3382 2146,3442 2282,3442 2282,3382" type="word" xml:id="facs_22_tr_1_tl_12_w3"/>
               <zone points="2375,3376 2375,3436 2620,3436 2620,3376" type="word" xml:id="facs_22_tr_1_tl_12_w4"/>
               <zone points="2690,3370 2690,3430 2848,3430 2848,3370" type="word" xml:id="facs_22_tr_1_tl_12_w5"/>
               <zone points="2941,3366 2941,3426 3277,3426 3277,3366" type="word" xml:id="facs_22_tr_1_tl_12_w6"/>
               <zone points="3347,3364 3347,3424 3685,3424 3685,3364" type="word" xml:id="facs_22_tr_1_tl_12_w7"/>
               <zone points="3711,3368 3711,3428 4387,3428 4387,3368" type="word" xml:id="facs_22_tr_1_tl_12_w8"/>
               <zone points="4435,3361 4435,3421 4522,3421 4522,3361" type="word" xml:id="facs_22_tr_1_tl_12_w9"/>
            </zone>
            <zone points="1121,3684 1323,3662 1397,3701 1511,3640 1686,3675 1901,3622 2221,3670 2483,3618 2571,3670 2821,3614 2948,3649 2987,3609 3158,3614 3206,3649 3434,3600 3885,3609 3960,3657 4152,3618 4262,3657 4367,3609 4459,3649 4590,3592 4590,3473 4533,3438 4122,3482 3951,3430 3784,3465 3692,3421 3491,3486 3202,3421 3101,3469 2151,3430 2102,3469 1923,3443 1402,3500 1126,3460" rendition="Line" xml:id="facs_22_tr_1_tl_13">
               <zone points="1154,3592 1154,3652 1348,3652 1348,3592" type="word" xml:id="facs_22_tr_1_tl_13_w1"/>
               <zone points="1438,3576 1438,3636 2067,3636 2067,3576" type="word" xml:id="facs_22_tr_1_tl_13_w2"/>
               <zone points="2114,3569 2114,3629 2133,3629 2133,3569" type="word" xml:id="facs_22_tr_1_tl_13_w3"/>
               <zone points="2157,3568 2157,3628 2460,3628 2460,3568" type="word" xml:id="facs_22_tr_1_tl_13_w4"/>
               <zone points="2550,3560 2550,3620 2678,3620 2678,3560" type="word" xml:id="facs_22_tr_1_tl_13_w5"/>
               <zone points="2746,3549 2746,3609 3397,3609 3397,3549" type="word" xml:id="facs_22_tr_1_tl_13_w6"/>
               <zone points="3466,3553 3466,3613 3550,3613 3550,3553" type="word" xml:id="facs_22_tr_1_tl_13_w7"/>
               <zone points="3640,3555 3640,3615 3855,3615 3855,3555" type="word" xml:id="facs_22_tr_1_tl_13_w8"/>
               <zone points="3945,3553 3945,3613 4030,3613 4030,3553" type="word" xml:id="facs_22_tr_1_tl_13_w9"/>
               <zone points="4120,3539 4120,3599 4553,3599 4553,3539" type="word" xml:id="facs_22_tr_1_tl_13_w10"/>
            </zone>
            <zone points="1130,3837 1511,3832 1564,3872 1743,3828 1958,3868 2383,3837 2488,3872 2777,3811 3092,3802 3180,3846 3386,3793 3447,3837 3968,3806 4012,3846 4095,3789 4279,3850 4476,3793 4577,3841 4581,3653 4402,3609 4209,3662 4152,3622 3960,3657 3859,3614 3197,3649 2987,3614 2571,3675 2470,3618 2291,3679 1743,3631 1686,3670 1520,3640 1402,3701 1134,3684" rendition="Line" xml:id="facs_22_tr_1_tl_14">
               <zone points="1165,3771 1165,3831 1322,3831 1322,3771" type="word" xml:id="facs_22_tr_1_tl_14_w1"/>
               <zone points="1416,3770 1416,3830 1619,3830 1619,3770" type="word" xml:id="facs_22_tr_1_tl_14_w2"/>
               <zone points="1690,3765 1690,3825 1893,3825 1893,3765" type="word" xml:id="facs_22_tr_1_tl_14_w3"/>
               <zone points="1964,3760 1964,3820 2601,3820 2601,3760" type="word" xml:id="facs_22_tr_1_tl_14_w4"/>
               <zone points="2695,3751 2695,3811 3058,3811 3058,3751" type="word" xml:id="facs_22_tr_1_tl_14_w5"/>
               <zone points="3106,3745 3106,3805 3560,3805 3560,3745" type="word" xml:id="facs_22_tr_1_tl_14_w6"/>
               <zone points="3631,3750 3631,3810 3925,3810 3925,3750" type="word" xml:id="facs_22_tr_1_tl_14_w7"/>
               <zone points="4020,3740 4020,3800 4199,3800 4199,3740" type="word" xml:id="facs_22_tr_1_tl_14_w8"/>
               <zone points="4248,3735 4248,3795 4542,3795 4542,3735" type="word" xml:id="facs_22_tr_1_tl_14_w9"/>
            </zone>
            <zone points="1130,4018 2208,4056 2554,3990 2720,4038 2768,4003 3548,3986 3548,3854 3289,3806 3162,3850 3084,3806 2895,3846 2777,3811 2492,3881 2409,3841 1130,3860" rendition="Line" xml:id="facs_22_line_1719402393070_548">
               <zone points="2038,3938 2038,3998 3175,3998 3175,3938" type="word" xml:id="facs_22_line_1719402393070_548_w1"/>
               <zone points="3262,3926 3262,3986 3513,3986 3513,3926" type="word" xml:id="facs_22_line_1719402393070_548_w2"/>
            </zone>
         </zone>
         <zone points="1093,3985 4677,3985 4677,5502 1093,5502" rendition="TextRegion" xml:id="facs_22_TextRegion_1719402395988_552">
            <zone points="1296,4249 1717,4249 1975,4200 2488,4240 2562,4192 2948,4214 3062,4170 3132,4205 3784,4209 4082,4157 4139,4214 4358,4205 4599,4170 4603,4003 4244,3973 3548,4016 3412,3973 3351,4021 3123,3990 2917,4043 2501,3986 2427,4034 2247,4021 2177,4060 2059,4003 1818,4056 1695,4008 1564,4065 1296,4034" rendition="Line" xml:id="facs_22_tr_1_tl_16">
               <zone points="1381,4147 1381,4207 1568,4207 1568,4147" type="word" xml:id="facs_22_tr_1_tl_16_w1"/>
               <zone points="1619,4147 1619,4207 1854,4207 1854,4147" type="word" xml:id="facs_22_tr_1_tl_16_w2"/>
               <zone points="2003,4135 2003,4195 2909,4195 2909,4135" type="word" xml:id="facs_22_tr_1_tl_16_w3"/>
               <zone points="3007,4129 3007,4189 3028,4189 3028,4129" type="word" xml:id="facs_22_tr_1_tl_16_w4"/>
               <zone points="3079,4121 3079,4181 3531,4181 3531,4121" type="word" xml:id="facs_22_tr_1_tl_16_w5"/>
               <zone points="3606,4117 3606,4177 3817,4177 3817,4117" type="word" xml:id="facs_22_tr_1_tl_16_w6"/>
               <zone points="3868,4112 3868,4172 4035,4172 4035,4112" type="word" xml:id="facs_22_tr_1_tl_16_w7"/>
               <zone points="4085,4107 4085,4167 4559,4167 4559,4107" type="word" xml:id="facs_22_tr_1_tl_16_w8"/>
            </zone>
            <zone points="1165,4424 1231,4446 1371,4389 1857,4437 1993,4380 2054,4415 2405,4380 2536,4419 2593,4376 2917,4415 2952,4380 3259,4367 3342,4402 3500,4362 4038,4398 4218,4389 4270,4345 4511,4393 4612,4384 4617,4200 4481,4165 4174,4222 4082,4157 3797,4218 3473,4183 3263,4222 3062,4170 2952,4214 2562,4192 2448,4244 1975,4200 1559,4257 1323,4253 1169,4200" rendition="Line" xml:id="facs_22_tr_1_tl_17">
               <zone points="1200,4342 1200,4402 1679,4402 1679,4342" type="word" xml:id="facs_22_tr_1_tl_17_w1"/>
               <zone points="1750,4334 1750,4394 1839,4394 1839,4334" type="word" xml:id="facs_22_tr_1_tl_17_w2"/>
               <zone points="1911,4332 1911,4392 2094,4392 2094,4332" type="word" xml:id="facs_22_tr_1_tl_17_w3"/>
               <zone points="2166,4326 2166,4386 2255,4386 2255,4326" type="word" xml:id="facs_22_tr_1_tl_17_w4"/>
               <zone points="2326,4322 2326,4382 2644,4382 2644,4322" type="word" xml:id="facs_22_tr_1_tl_17_w5"/>
               <zone points="2716,4314 2716,4374 3335,4374 3335,4314" type="word" xml:id="facs_22_tr_1_tl_17_w6"/>
               <zone points="3429,4307 3429,4367 3773,4367 3773,4307" type="word" xml:id="facs_22_tr_1_tl_17_w7"/>
               <zone points="3844,4299 3844,4359 4162,4359 4162,4299" type="word" xml:id="facs_22_tr_1_tl_17_w8"/>
               <zone points="4234,4296 4234,4356 4254,4356 4254,4296" type="word" xml:id="facs_22_tr_1_tl_17_w9"/>
               <zone points="4280,4296 4280,4356 4575,4356 4575,4296" type="word" xml:id="facs_22_tr_1_tl_17_w10"/>
            </zone>
            <zone points="1152,4630 1371,4586 1459,4634 1813,4568 1910,4608 2124,4573 2212,4617 2413,4568 2488,4621 2904,4564 3180,4599 3570,4555 3697,4599 4078,4542 4249,4577 4621,4546 4625,4389 4279,4345 4218,4393 4038,4398 3907,4362 3828,4398 3622,4362 3346,4402 3202,4367 2913,4415 2597,4376 2536,4419 2396,4380 2159,4437 1989,4398 1664,4437 1616,4393 1524,4441 1367,4389 1156,4476" rendition="Line" xml:id="facs_22_tr_1_tl_18">
               <zone points="1210,4532 1210,4592 1506,4592 1506,4532" type="word" xml:id="facs_22_tr_1_tl_18_w1"/>
               <zone points="1601,4524 1601,4584 1667,4584 1667,4524" type="word" xml:id="facs_22_tr_1_tl_18_w2"/>
               <zone points="1739,4521 1739,4581 2196,4581 2196,4521" type="word" xml:id="facs_22_tr_1_tl_18_w3"/>
               <zone points="2268,4514 2268,4574 2724,4574 2724,4514" type="word" xml:id="facs_22_tr_1_tl_18_w4"/>
               <zone points="2819,4504 2819,4564 3023,4564 3023,4504" type="word" xml:id="facs_22_tr_1_tl_18_w5"/>
               <zone points="3095,4491 3095,4551 4126,4551 4126,4491" type="word" xml:id="facs_22_tr_1_tl_18_w6"/>
               <zone points="4221,4481 4221,4541 4563,4541 4563,4481" type="word" xml:id="facs_22_tr_1_tl_18_w7"/>
            </zone>
            <zone points="1139,4818 1213,4831 1283,4783 1502,4814 1555,4774 2186,4800 2247,4765 2321,4814 2794,4744 3000,4787 3105,4744 3237,4779 3303,4739 3539,4748 3675,4792 3815,4739 4030,4779 4082,4735 4314,4770 4384,4726 4621,4770 4625,4546 4498,4533 3710,4595 3635,4551 3543,4599 2821,4568 2483,4621 2422,4568 2264,4621 2151,4573 1910,4617 1805,4573 1603,4586 1498,4643 1362,4590 1143,4630" rendition="Line" xml:id="facs_22_tr_1_tl_19">
               <zone points="1176,4736 1176,4796 1317,4796 1317,4736" type="word" xml:id="facs_22_tr_1_tl_19_w1"/>
               <zone points="1416,4720 1416,4780 1629,4780 1629,4720" type="word" xml:id="facs_22_tr_1_tl_19_w2"/>
               <zone points="1703,4718 1703,4778 2227,4778 2227,4718" type="word" xml:id="facs_22_tr_1_tl_19_w3"/>
               <zone points="2305,4705 2305,4765 2326,4765 2326,4705" type="word" xml:id="facs_22_tr_1_tl_19_w4"/>
               <zone points="2353,4705 2353,4765 2853,4765 2853,4705" type="word" xml:id="facs_22_tr_1_tl_19_w5"/>
               <zone points="2952,4696 2952,4756 3212,4756 3212,4696" type="word" xml:id="facs_22_tr_1_tl_19_w6"/>
               <zone points="3311,4690 3311,4750 3479,4750 3479,4690" type="word" xml:id="facs_22_tr_1_tl_19_w7"/>
               <zone points="3554,4684 3554,4744 3838,4744 3838,4684" type="word" xml:id="facs_22_tr_1_tl_19_w8"/>
               <zone points="3889,4675 3889,4735 4509,4735 4509,4675" type="word" xml:id="facs_22_tr_1_tl_19_w9"/>
               <zone points="4536,4664 4536,4724 4581,4724 4581,4664" type="word" xml:id="facs_22_tr_1_tl_19_w10"/>
            </zone>
            <zone points="1156,4989 1572,4998 1739,4954 1901,5002 1971,4958 2111,5006 2269,4945 2483,4954 2540,4998 2624,4954 2935,4954 3018,4993 3215,4941 3723,4967 3968,4923 4052,4976 4621,4919 4625,4770 4384,4726 4314,4770 4073,4739 4030,4783 3811,4739 3679,4800 3447,4748 3237,4796 3101,4748 2917,4796 2794,4744 2676,4783 2413,4770 2326,4818 2247,4765 2054,4809 1949,4770 1835,4831 1673,4779 1161,4814" rendition="Line" xml:id="facs_22_tr_1_tl_20">
               <zone points="1194,4911 1194,4971 1431,4971 1431,4911" type="word" xml:id="facs_22_tr_1_tl_20_w1"/>
               <zone points="1506,4906 1506,4966 1815,4966 1815,4906" type="word" xml:id="facs_22_tr_1_tl_20_w2"/>
               <zone points="1890,4901 1890,4961 2007,4961 2007,4901" type="word" xml:id="facs_22_tr_1_tl_20_w3"/>
               <zone points="2082,4899 2082,4959 2175,4959 2175,4899" type="word" xml:id="facs_22_tr_1_tl_20_w4"/>
               <zone points="2250,4899 2250,4959 2440,4959 2440,4899" type="word" xml:id="facs_22_tr_1_tl_20_w5"/>
               <zone points="2515,4888 2515,4948 2947,4948 2947,4888" type="word" xml:id="facs_22_tr_1_tl_20_w6"/>
               <zone points="3022,4885 3022,4945 3067,4945 3067,4885" type="word" xml:id="facs_22_tr_1_tl_20_w7"/>
               <zone points="3094,4885 3094,4945 3187,4945 3187,4885" type="word" xml:id="facs_22_tr_1_tl_20_w8"/>
               <zone points="3238,4882 3238,4942 3451,4942 3451,4882" type="word" xml:id="facs_22_tr_1_tl_20_w9"/>
               <zone points="3503,4871 3503,4931 3908,4931 3908,4871" type="word" xml:id="facs_22_tr_1_tl_20_w10"/>
               <zone points="3983,4864 3983,4924 4532,4924 4532,4864" type="word" xml:id="facs_22_tr_1_tl_20_w11"/>
            </zone>
            <zone points="1165,5168 1463,5190 1721,5138 1796,5177 2194,5177 2374,5142 2505,5182 3289,5120 3482,5168 3727,5116 3973,5138 4200,5098 4314,5151 4406,5094 4669,5107 4673,4914 4415,4963 4297,4923 4209,4976 4034,4976 3986,4932 3565,4976 3508,4932 3092,4989 2733,4993 2654,4949 2540,4998 2264,4945 2129,5002 2054,4963 1883,5002 1813,4958 1169,4998" rendition="Line" xml:id="facs_22_tr_1_tl_21">
               <zone points="1202,5108 1202,5168 1364,5168 1364,5108" type="word" xml:id="facs_22_tr_1_tl_21_w1"/>
               <zone points="1462,5100 1462,5160 1482,5160 1482,5100" type="word" xml:id="facs_22_tr_1_tl_21_w2"/>
               <zone points="1509,5096 1509,5156 1648,5156 1648,5096" type="word" xml:id="facs_22_tr_1_tl_21_w3"/>
               <zone points="1698,5087 1698,5147 3046,5147 3046,5087" type="word" xml:id="facs_22_tr_1_tl_21_w4"/>
               <zone points="3119,5073 3119,5133 3140,5133 3140,5073" type="word" xml:id="facs_22_tr_1_tl_21_w5"/>
               <zone points="3167,5073 3167,5133 3353,5133 3353,5073" type="word" xml:id="facs_22_tr_1_tl_21_w6"/>
               <zone points="3450,5067 3450,5127 3589,5127 3589,5067" type="word" xml:id="facs_22_tr_1_tl_21_w7"/>
               <zone points="3639,5063 3639,5123 3849,5123 3849,5063" type="word" xml:id="facs_22_tr_1_tl_21_w8"/>
               <zone points="3899,5055 3899,5115 4180,5115 4180,5055" type="word" xml:id="facs_22_tr_1_tl_21_w9"/>
               <zone points="4230,5049 4230,5109 4558,5109 4558,5049" type="word" xml:id="facs_22_tr_1_tl_21_w10"/>
               <zone points="4632,5039 4632,5099 4653,5099 4653,5039" type="word" xml:id="facs_22_tr_1_tl_21_w11"/>
            </zone>
            <zone points="1169,5357 2273,5335 2413,5383 2606,5322 2873,5330 3044,5387 3140,5322 3675,5313 3946,5357 4122,5295 4218,5348 4332,5348 4402,5295 4485,5370 4617,5348 4621,5116 4533,5094 4398,5094 4292,5155 4192,5111 3811,5142 3732,5111 3486,5168 3434,5125 3303,5160 3114,5125 2694,5190 2378,5142 1932,5195 1721,5138 1568,5142 1485,5195 1174,5168" rendition="Line" xml:id="facs_22_tr_1_tl_22">
               <zone points="1206,5296 1206,5356 1416,5356 1416,5296" type="word" xml:id="facs_22_tr_1_tl_22_w1"/>
               <zone points="1491,5284 1491,5344 2033,5344 2033,5284" type="word" xml:id="facs_22_tr_1_tl_22_w2"/>
               <zone points="2107,5280 2107,5340 2392,5340 2392,5280" type="word" xml:id="facs_22_tr_1_tl_22_w3"/>
               <zone points="2466,5276 2466,5336 2700,5336 2700,5276" type="word" xml:id="facs_22_tr_1_tl_22_w4"/>
               <zone points="2798,5270 2798,5330 3222,5330 3222,5270" type="word" xml:id="facs_22_tr_1_tl_22_w5"/>
               <zone points="3320,5251 3320,5311 4221,5311 4221,5251" type="word" xml:id="facs_22_tr_1_tl_22_w6"/>
               <zone points="4295,5240 4295,5300 4577,5300 4577,5240" type="word" xml:id="facs_22_tr_1_tl_22_w7"/>
            </zone>
            <zone points="1187,5532 2229,5523 2256,5536 2273,5523 2383,5514 2383,5379 2356,5379 2326,5357 2300,5361 2273,5335 2247,5352 2199,5348 1187,5357" rendition="Line" xml:id="facs_22_line_1719402396017_555">
               <zone points="2207,5461 2207,5521 2356,5521 2356,5461" type="word" xml:id="facs_22_line_1719402396017_555_w1"/>
            </zone>
         </zone>
         <zone points="1093,5502 4677,5502 4677,6470 1093,6470" rendition="TextRegion" xml:id="facs_22_TextRegion_1719402395988_551">
            <zone points="1301,5733 1494,5764 1555,5720 1682,5760 2208,5716 2448,5760 2667,5694 2917,5773 2983,5725 3176,5707 3828,5690 3881,5725 4104,5681 4165,5729 4235,5698 4319,5729 4433,5681 4647,5694 4652,5479 4560,5453 4446,5493 4398,5457 4314,5506 4231,5475 3933,5514 3872,5471 3688,5519 3605,5475 3513,5528 3197,5484 2821,5554 2584,5510 1862,5571 1664,5523 1594,5576 1542,5541 1301,5606" rendition="Line" xml:id="facs_22_tr_1_tl_24">
               <zone points="1389,5666 1389,5726 1582,5726 1582,5666" type="word" xml:id="facs_22_tr_1_tl_24_w1"/>
               <zone points="1634,5662 1634,5722 1852,5722 1852,5662" type="word" xml:id="facs_22_tr_1_tl_24_w2"/>
               <zone points="2003,5652 2003,5712 2835,5712 2835,5652" type="word" xml:id="facs_22_tr_1_tl_24_w3"/>
               <zone points="2912,5650 2912,5710 2933,5710 2933,5650" type="word" xml:id="facs_22_tr_1_tl_24_w4"/>
               <zone points="2988,5642 2988,5702 3550,5702 3550,5642" type="word" xml:id="facs_22_tr_1_tl_24_w5"/>
               <zone points="3602,5632 3602,5692 3869,5692 3869,5632" type="word" xml:id="facs_22_tr_1_tl_24_w6"/>
               <zone points="3946,5623 3946,5683 4189,5683 4189,5623" type="word" xml:id="facs_22_tr_1_tl_24_w7"/>
               <zone points="4265,5611 4265,5671 4582,5671 4582,5611" type="word" xml:id="facs_22_tr_1_tl_24_w8"/>
            </zone>
            <zone points="1196,5944 1791,5909 1953,5957 2028,5904 2229,5891 2571,5935 2659,5887 2764,5922 3005,5891 3145,5935 3338,5882 3447,5931 3543,5874 3754,5895 3828,5856 4174,5891 4288,5860 4520,5909 4643,5847 4643,5698 4599,5685 4279,5729 4249,5698 4157,5729 4104,5681 3920,5729 3776,5690 3570,5729 3351,5698 3276,5742 3171,5703 2917,5773 2724,5712 2571,5764 2518,5725 2475,5764 2203,5716 1200,5751" rendition="Line" xml:id="facs_22_tr_1_tl_25">
               <zone points="1231,5856 1231,5916 1318,5916 1318,5856" type="word" xml:id="facs_22_tr_1_tl_25_w1"/>
               <zone points="1389,5861 1389,5921 1454,5921 1454,5861" type="word" xml:id="facs_22_tr_1_tl_25_w2"/>
               <zone points="1547,5849 1547,5909 2178,5909 2178,5849" type="word" xml:id="facs_22_tr_1_tl_25_w3"/>
               <zone points="2271,5843 2271,5903 2563,5903 2563,5843" type="word" xml:id="facs_22_tr_1_tl_25_w4"/>
               <zone points="2633,5849 2633,5909 2676,5909 2676,5849" type="word" xml:id="facs_22_tr_1_tl_25_w5"/>
               <zone points="2724,5847 2724,5907 2879,5907 2879,5847" type="word" xml:id="facs_22_tr_1_tl_25_w6"/>
               <zone points="2930,5834 2930,5894 3199,5894 3199,5834" type="word" xml:id="facs_22_tr_1_tl_25_w7"/>
               <zone points="3270,5827 3270,5887 3584,5887 3584,5827" type="word" xml:id="facs_22_tr_1_tl_25_w8"/>
               <zone points="3632,5816 3632,5876 4127,5876 4127,5816" type="word" xml:id="facs_22_tr_1_tl_25_w9"/>
               <zone points="4197,5803 4197,5863 4602,5863 4602,5803" type="word" xml:id="facs_22_tr_1_tl_25_w10"/>
            </zone>
            <zone points="1187,6150 1318,6106 1770,6123 1826,6088 2159,6123 2698,6079 2843,6132 2948,6075 3162,6128 3456,6071 3714,6110 3903,6058 4038,6097 4122,6049 4301,6093 4402,6049 4665,6044 4669,5900 3688,5869 3543,5874 3460,5926 3390,5887 3311,5939 3241,5887 3136,5944 2926,5887 2571,5935 2229,5891 1984,5970 1791,5909 1187,5952" rendition="Line" xml:id="facs_22_tr_1_tl_26">
               <zone points="1223,6048 1223,6108 1404,6108 1404,6048" type="word" xml:id="facs_22_tr_1_tl_26_w1"/>
               <zone points="1476,6046 1476,6106 1519,6106 1519,6046" type="word" xml:id="facs_22_tr_1_tl_26_w2"/>
               <zone points="1545,6045 1545,6105 1910,6105 1910,6045" type="word" xml:id="facs_22_tr_1_tl_26_w3"/>
               <zone points="2005,6035 2005,6095 2393,6095 2393,6035" type="word" xml:id="facs_22_tr_1_tl_26_w4"/>
               <zone points="2488,6034 2488,6094 2669,6094 2669,6034" type="word" xml:id="facs_22_tr_1_tl_26_w5"/>
               <zone points="2741,6025 2741,6085 3063,6085 3063,6025" type="word" xml:id="facs_22_tr_1_tl_26_w6"/>
               <zone points="3135,6022 3135,6082 3155,6082 3155,6022" type="word" xml:id="facs_22_tr_1_tl_26_w7"/>
               <zone points="3181,6022 3181,6082 3270,6082 3270,6022" type="word" xml:id="facs_22_tr_1_tl_26_w8"/>
               <zone points="3342,6010 3342,6070 3914,6070 3914,6010" type="word" xml:id="facs_22_tr_1_tl_26_w9"/>
               <zone points="4009,6005 4009,6065 4121,6065 4121,6005" type="word" xml:id="facs_22_tr_1_tl_26_w10"/>
               <zone points="4193,5995 4193,6055 4604,6055 4604,5995" type="word" xml:id="facs_22_tr_1_tl_26_w11"/>
            </zone>
            <zone points="1196,6294 1415,6307 1651,6408 1704,6369 1778,6395 1862,6320 1936,6390 2190,6338 2580,6390 2790,6281 3057,6395 3228,6316 3451,6351 3557,6303 3924,6395 4012,6329 4314,6312 4398,6250 4459,6294 4665,6277 4669,6044 4634,6040 4266,6101 4126,6053 3701,6114 3456,6075 3154,6132 2908,6079 2843,6132 2646,6084 2501,6119 2317,6084 2177,6128 1997,6097 1945,6132 1826,6088 1599,6132 1305,6110 1200,6158" rendition="Line" xml:id="facs_22_tr_1_tl_27">
               <zone points="1237,6246 1237,6306 1924,6306 1924,6246" type="word" xml:id="facs_22_tr_1_tl_27_w1"/>
               <zone points="2059,6242 2059,6302 2107,6302 2107,6242" type="word" xml:id="facs_22_tr_1_tl_27_w2"/>
               <zone points="2161,6230 2161,6290 2721,6290 2721,6230" type="word" xml:id="facs_22_tr_1_tl_27_w3"/>
               <zone points="2826,6227 2826,6287 3031,6287 3031,6227" type="word" xml:id="facs_22_tr_1_tl_27_w4"/>
               <zone points="3137,6213 3137,6273 3773,6273 3773,6213" type="word" xml:id="facs_22_tr_1_tl_27_w5"/>
               <zone points="3882,6204 3882,6264 4211,6264 4211,6204" type="word" xml:id="facs_22_tr_1_tl_27_w6"/>
               <zone points="4291,6195 4291,6255 4339,6255 4339,6195" type="word" xml:id="facs_22_tr_1_tl_27_w7"/>
               <zone points="4368,6185 4368,6245 4595,6245 4595,6185" type="word" xml:id="facs_22_tr_1_tl_27_w8"/>
            </zone>
         </zone>
      </surface>
      <surface lrx="5503" lry="8255" ulx="0" uly="0" xml:id="facs_23">
         <!--<graphic height="8255px" url="69062835.jpg" width="5503px"/>-->
         <graphic height="8255px" url="https://files.transkribus.eu/Get?id=UDNKGKCKSYVAHBQVAFTJUZXR&amp;fileType=view" width="5503px"/>
         <zone points="919,1208 4479,1208 4479,4229 919,4229" rendition="TextRegion" xml:id="facs_23_TextRegion_1719402469950_611">
            <zone points="889,1862 1731,1818 2014,1818 2088,1857 2254,1805 2433,1857 2585,1788 3222,1822 3327,1770 3427,1818 3532,1766 3628,1801 3763,1770 3806,1809 4033,1748 4159,1788 4377,1735 4386,1517 4238,1557 4146,1517 3989,1574 3802,1513 3588,1600 3501,1561 3440,1596 3109,1469 3013,1539 2812,1517 2664,1596 2424,1539 2354,1604 2176,1561 2032,1622 1875,1530 1635,1644 1365,1666 1260,1600 1116,1666 898,1539" rendition="Line" xml:id="facs_23_tr_1_tl_6">
               <zone points="931,1769 931,1829 1447,1829 1447,1769" type="word" xml:id="facs_23_tr_1_tl_6_w1"/>
               <zone points="1477,1758 1477,1818 1681,1818 1681,1758" type="word" xml:id="facs_23_tr_1_tl_6_w2"/>
               <zone points="1789,1751 1789,1811 2435,1811 2435,1751" type="word" xml:id="facs_23_tr_1_tl_6_w3"/>
               <zone points="2517,1741 2517,1801 2699,1801 2699,1741" type="word" xml:id="facs_23_tr_1_tl_6_w4"/>
               <zone points="2754,1734 2754,1794 3011,1794 3011,1734" type="word" xml:id="facs_23_tr_1_tl_6_w5"/>
               <zone points="3066,1731 3066,1791 3167,1791 3167,1731" type="word" xml:id="facs_23_tr_1_tl_6_w6"/>
               <zone points="3248,1720 3248,1780 3635,1780 3635,1720" type="word" xml:id="facs_23_tr_1_tl_6_w7"/>
               <zone points="3690,1709 3690,1769 3739,1769 3739,1709" type="word" xml:id="facs_23_tr_1_tl_6_w8"/>
               <zone points="3768,1701 3768,1761 4051,1761 4051,1701" type="word" xml:id="facs_23_tr_1_tl_6_w9"/>
               <zone points="4106,1686 4106,1746 4337,1746 4337,1686" type="word" xml:id="facs_23_tr_1_tl_6_w10"/>
            </zone>
            <zone points="907,2045 1121,2067 1221,2014 1391,2010 1652,2054 1853,2001 2054,2036 2171,1984 2293,2027 2328,1993 2607,2019 2647,1979 2860,1962 3000,2014 3244,1975 3292,2023 3671,1953 3976,1993 4203,1914 4373,1971 4347,1731 4247,1792 4033,1753 3941,1805 3754,1770 3606,1818 3414,1814 3375,1770 3235,1818 2677,1796 2407,1866 2254,1805 2093,1857 2014,1814 1168,1888 1112,1849 911,1857" rendition="Line" xml:id="facs_23_tr_1_tl_7">
               <zone points="949,1971 949,2031 1209,2031 1209,1971" type="word" xml:id="facs_23_tr_1_tl_7_w1"/>
               <zone points="1291,1954 1291,2014 1685,2014 1685,1954" type="word" xml:id="facs_23_tr_1_tl_7_w2"/>
               <zone points="1741,1938 1741,1998 2451,1998 2451,1938" type="word" xml:id="facs_23_tr_1_tl_7_w3"/>
               <zone points="2559,1926 2559,1986 2822,1986 2822,1926" type="word" xml:id="facs_23_tr_1_tl_7_w4"/>
               <zone points="2878,1913 2878,1973 3588,1973 3588,1913" type="word" xml:id="facs_23_tr_1_tl_7_w5"/>
               <zone points="3696,1897 3696,1957 3880,1957 3880,1897" type="word" xml:id="facs_23_tr_1_tl_7_w6"/>
               <zone points="3963,1875 3963,1935 4327,1935 4327,1875" type="word" xml:id="facs_23_tr_1_tl_7_w7"/>
            </zone>
            <zone points="911,2228 1190,2215 1251,2254 1465,2197 1522,2254 1631,2206 1949,2237 2272,2167 2328,2202 2795,2167 2934,2202 3030,2158 3087,2211 3226,2158 3588,2193 3680,2136 3798,2184 4016,2119 4386,2158 4391,1971 4273,1940 3968,1997 3898,1958 3715,1993 3667,1953 3309,2027 3253,1984 3004,2014 2891,1979 2786,2032 2546,1984 2328,2036 2171,1988 1648,2058 1604,2019 1448,2054 1391,2010 916,2071" rendition="Line" xml:id="facs_23_tr_1_tl_8">
               <zone points="951,2156 951,2216 1151,2216 1151,2156" type="word" xml:id="facs_23_tr_1_tl_8_w1"/>
               <zone points="1231,2142 1231,2202 1739,2202 1739,2142" type="word" xml:id="facs_23_tr_1_tl_8_w2"/>
               <zone points="1768,2135 1768,2195 2072,2195 2072,2135" type="word" xml:id="facs_23_tr_1_tl_8_w3"/>
               <zone points="2126,2128 2126,2188 2250,2188 2250,2128" type="word" xml:id="facs_23_tr_1_tl_8_w4"/>
               <zone points="2304,2127 2304,2187 2555,2187 2555,2127" type="word" xml:id="facs_23_tr_1_tl_8_w5"/>
               <zone points="2635,2112 2635,2172 3016,2172 3016,2112" type="word" xml:id="facs_23_tr_1_tl_8_w6"/>
               <zone points="3070,2098 3070,2158 3425,2158 3425,2098" type="word" xml:id="facs_23_tr_1_tl_8_w7"/>
               <zone points="3479,2097 3479,2157 3527,2157 3527,2097" type="word" xml:id="facs_23_tr_1_tl_8_w8"/>
               <zone points="3556,2078 3556,2138 4038,2138 4038,2078" type="word" xml:id="facs_23_tr_1_tl_8_w9"/>
               <zone points="4118,2068 4118,2128 4318,2128 4318,2068" type="word" xml:id="facs_23_tr_1_tl_8_w10"/>
            </zone>
            <zone points="924,2442 1339,2381 1495,2415 1914,2381 1971,2424 2145,2376 2250,2402 2324,2354 2633,2398 2808,2350 4282,2341 4373,2320 4377,2149 3989,2128 3867,2171 3702,2136 3593,2193 3357,2154 3091,2211 3035,2163 2934,2202 2799,2163 2694,2228 2620,2163 2538,2211 2420,2171 2293,2219 2067,2184 1940,2241 1631,2206 1522,2254 1413,2202 1256,2250 929,2224" rendition="Line" xml:id="facs_23_tr_1_tl_9">
               <zone points="963,2335 963,2395 1402,2395 1402,2335" type="word" xml:id="facs_23_tr_1_tl_9_w1"/>
               <zone points="1454,2316 1454,2376 2314,2376 2314,2316" type="word" xml:id="facs_23_tr_1_tl_9_w2"/>
               <zone points="2366,2304 2366,2364 2830,2364 2830,2304" type="word" xml:id="facs_23_tr_1_tl_9_w3"/>
               <zone points="2906,2295 2906,2355 3026,2355 3026,2295" type="word" xml:id="facs_23_tr_1_tl_9_w4"/>
               <zone points="3127,2290 3127,2350 3324,2350 3324,2290" type="word" xml:id="facs_23_tr_1_tl_9_w5"/>
               <zone points="3401,2283 3401,2343 3643,2343 3643,2283" type="word" xml:id="facs_23_tr_1_tl_9_w6"/>
               <zone points="3745,2271 3745,2331 3889,2331 3889,2271" type="word" xml:id="facs_23_tr_1_tl_9_w7"/>
               <zone points="3941,2259 3941,2319 4307,2319 4307,2259" type="word" xml:id="facs_23_tr_1_tl_9_w8"/>
            </zone>
            <zone points="920,2590 1530,2568 1822,2607 1953,2559 2306,2551 2612,2594 3096,2516 3335,2572 3414,2524 3684,2559 3789,2516 4364,2524 4369,2341 2825,2359 2738,2424 2673,2381 2407,2398 2350,2359 1975,2424 1578,2381 1509,2420 1321,2389 924,2437" rendition="Line" xml:id="facs_23_tr_1_tl_10">
               <zone points="959,2523 959,2583 1153,2583 1153,2523" type="word" xml:id="facs_23_tr_1_tl_10_w1"/>
               <zone points="1230,2520 1230,2580 1402,2580 1402,2520" type="word" xml:id="facs_23_tr_1_tl_10_w2"/>
               <zone points="1479,2510 1479,2570 1697,2570 1697,2510" type="word" xml:id="facs_23_tr_1_tl_10_w3"/>
               <zone points="1750,2504 1750,2564 2045,2564 2045,2504" type="word" xml:id="facs_23_tr_1_tl_10_w4"/>
               <zone points="2122,2498 2122,2558 2492,2558 2492,2498" type="word" xml:id="facs_23_tr_1_tl_10_w5"/>
               <zone points="2593,2487 2593,2547 2664,2547 2664,2487" type="word" xml:id="facs_23_tr_1_tl_10_w6"/>
               <zone points="2766,2480 2766,2540 3209,2540 3209,2480" type="word" xml:id="facs_23_tr_1_tl_10_w7"/>
               <zone points="3261,2478 3261,2538 3307,2538 3307,2478" type="word" xml:id="facs_23_tr_1_tl_10_w8"/>
               <zone points="3335,2477 3335,2537 3434,2537 3434,2477" type="word" xml:id="facs_23_tr_1_tl_10_w9"/>
               <zone points="3510,2464 3510,2524 4003,2524 4003,2464" type="word" xml:id="facs_23_tr_1_tl_10_w10"/>
               <zone points="4055,2448 4055,2508 4077,2508 4077,2448" type="word" xml:id="facs_23_tr_1_tl_10_w11"/>
               <zone points="4129,2441 4129,2501 4323,2501 4323,2441" type="word" xml:id="facs_23_tr_1_tl_10_w12"/>
            </zone>
            <zone points="924,2782 1709,2808 1796,2747 1971,2786 2306,2734 3096,2760 3152,2716 3492,2738 3566,2694 3776,2756 3963,2703 4391,2699 4395,2511 4277,2551 3994,2516 3484,2564 3405,2533 3366,2568 3104,2516 2939,2577 2681,2555 2524,2594 2154,2559 2006,2599 1953,2559 1822,2612 1182,2572 929,2629" rendition="Line" xml:id="facs_23_tr_1_tl_11">
               <zone points="985,2713 985,2773 1221,2773 1221,2713" type="word" xml:id="facs_23_tr_1_tl_11_w1"/>
               <zone points="1296,2701 1296,2761 1723,2761 1723,2701" type="word" xml:id="facs_23_tr_1_tl_11_w2"/>
               <zone points="1798,2689 1798,2749 2010,2749 2010,2689" type="word" xml:id="facs_23_tr_1_tl_11_w3"/>
               <zone points="2085,2677 2085,2737 2608,2737 2608,2677" type="word" xml:id="facs_23_tr_1_tl_11_w4"/>
               <zone points="2659,2676 2659,2736 2704,2736 2704,2676" type="word" xml:id="facs_23_tr_1_tl_11_w5"/>
               <zone points="2731,2672 2731,2732 2871,2732 2871,2672" type="word" xml:id="facs_23_tr_1_tl_11_w6"/>
               <zone points="2922,2664 2922,2724 3230,2724 3230,2664" type="word" xml:id="facs_23_tr_1_tl_11_w7"/>
               <zone points="3329,2657 3329,2717 3517,2717 3517,2657" type="word" xml:id="facs_23_tr_1_tl_11_w8"/>
               <zone points="3592,2647 3592,2707 3923,2707 3923,2647" type="word" xml:id="facs_23_tr_1_tl_11_w9"/>
               <zone points="3998,2633 3998,2693 4330,2693 4330,2633" type="word" xml:id="facs_23_tr_1_tl_11_w10"/>
            </zone>
            <zone points="924,2956 1055,3004 1308,2934 1430,2982 1709,2939 2006,2982 2062,2926 2254,2917 2503,2952 2860,2917 2917,2952 3392,2899 3444,2943 3566,2904 3880,2934 3950,2886 4068,2926 4251,2878 4395,2917 4373,2686 4290,2721 3955,2703 3828,2756 3706,2712 3575,2747 3401,2712 3148,2716 3026,2764 2965,2725 2620,2769 2555,2729 2306,2738 2149,2795 2036,2751 1979,2803 1796,2747 1713,2812 929,2786" rendition="Line" xml:id="facs_23_tr_1_tl_12">
               <zone points="988,2892 988,2952 1359,2952 1359,2892" type="word" xml:id="facs_23_tr_1_tl_12_w1"/>
               <zone points="1437,2883 1437,2943 1908,2943 1908,2883" type="word" xml:id="facs_23_tr_1_tl_12_w2"/>
               <zone points="2011,2870 2011,2930 2058,2930 2058,2870" type="word" xml:id="facs_23_tr_1_tl_12_w3"/>
               <zone points="2111,2864 2111,2924 2357,2924 2357,2864" type="word" xml:id="facs_23_tr_1_tl_12_w4"/>
               <zone points="2435,2864 2435,2924 2532,2924 2532,2864" type="word" xml:id="facs_23_tr_1_tl_12_w5"/>
               <zone points="2634,2857 2634,2917 3105,2917 3105,2857" type="word" xml:id="facs_23_tr_1_tl_12_w6"/>
               <zone points="3208,2845 3208,2905 3529,2905 3529,2845" type="word" xml:id="facs_23_tr_1_tl_12_w7"/>
               <zone points="3657,2828 3657,2888 4327,2888 4327,2828" type="word" xml:id="facs_23_tr_1_tl_12_w8"/>
            </zone>
            <zone points="924,3126 1121,3157 1208,3122 1273,3178 1604,3122 1936,3148 2468,3109 2599,3148 2690,3100 2734,3135 2834,3096 3065,3135 3135,3083 3575,3083 3689,3126 3850,3074 3924,3109 4364,3091 4369,2908 4255,2878 4002,2939 3924,2904 2917,2952 2860,2917 2507,2952 2258,2917 2136,2960 2062,2930 1997,2987 1748,2943 1613,2982 1526,2952 1461,2995 929,2978" rendition="Line" xml:id="facs_23_tr_1_tl_13">
               <zone points="985,3078 985,3138 1411,3138 1411,3078" type="word" xml:id="facs_23_tr_1_tl_13_w1"/>
               <zone points="1486,3076 1486,3136 1507,3136 1507,3076" type="word" xml:id="facs_23_tr_1_tl_13_w2"/>
               <zone points="1558,3073 1558,3133 1626,3133 1626,3073" type="word" xml:id="facs_23_tr_1_tl_13_w3"/>
               <zone points="1725,3065 1725,3125 2103,3125 2103,3065" type="word" xml:id="facs_23_tr_1_tl_13_w4"/>
               <zone points="2178,3054 2178,3114 2223,3114 2223,3054" type="word" xml:id="facs_23_tr_1_tl_13_w5"/>
               <zone points="2249,3049 2249,3109 2655,3109 2655,3049" type="word" xml:id="facs_23_tr_1_tl_13_w6"/>
               <zone points="2729,3040 2729,3100 3108,3100 3108,3040" type="word" xml:id="facs_23_tr_1_tl_13_w7"/>
               <zone points="3159,3033 3159,3093 3991,3093 3991,3033" type="word" xml:id="facs_23_tr_1_tl_13_w8"/>
               <zone points="4065,3005 4065,3065 4349,3065 4349,3005" type="word" xml:id="facs_23_tr_1_tl_13_w9"/>
            </zone>
            <zone points="920,3357 1199,3314 1426,3340 1500,3296 1687,3348 1897,3305 2154,3305 2189,3340 2381,3287 2686,3331 3087,3283 3283,3340 3414,3279 4142,3248 4282,3309 4386,3287 4391,3096 4264,3065 4116,3113 3994,3078 3710,3126 3580,3083 3279,3087 3148,3152 2943,3104 2599,3144 2211,3109 2010,3161 1604,3126 1273,3174 924,3126" rendition="Line" xml:id="facs_23_tr_1_tl_14">
               <zone points="957,3263 957,3323 1166,3323 1166,3263" type="word" xml:id="facs_23_tr_1_tl_14_w1"/>
               <zone points="1239,3261 1239,3321 1425,3321 1425,3261" type="word" xml:id="facs_23_tr_1_tl_14_w2"/>
               <zone points="1498,3250 1498,3310 2013,3310 2013,3250" type="word" xml:id="facs_23_tr_1_tl_14_w3"/>
               <zone points="2063,3245 2063,3305 2578,3305 2578,3245" type="word" xml:id="facs_23_tr_1_tl_14_w4"/>
               <zone points="2655,3228 2655,3288 2699,3288 2699,3228" type="word" xml:id="facs_23_tr_1_tl_14_w5"/>
               <zone points="2726,3228 2726,3288 2840,3288 2840,3228" type="word" xml:id="facs_23_tr_1_tl_14_w6"/>
               <zone points="2890,3224 2890,3284 3406,3284 3406,3224" type="word" xml:id="facs_23_tr_1_tl_14_w7"/>
               <zone points="3479,3220 3479,3280 3665,3280 3665,3220" type="word" xml:id="facs_23_tr_1_tl_14_w8"/>
               <zone points="3738,3211 3738,3271 4088,3271 4088,3211" type="word" xml:id="facs_23_tr_1_tl_14_w9"/>
               <zone points="4162,3192 4162,3252 4371,3252 4371,3192" type="word" xml:id="facs_23_tr_1_tl_14_w10"/>
            </zone>
            <zone points="933,3532 1609,3527 1644,3492 1814,3527 1975,3479 2084,3532 2163,3479 2289,3532 2381,3484 2590,3514 2673,3466 2860,3527 3078,3471 3192,3510 3257,3471 3632,3497 3915,3453 4020,3510 4220,3510 4408,3471 4408,3270 4295,3309 4142,3244 3880,3309 3832,3270 3405,3283 3270,3344 2860,3283 2764,3331 1853,3309 1687,3348 1561,3305 937,3357" rendition="Line" xml:id="facs_23_tr_1_tl_15">
               <zone points="970,3447 970,3507 1745,3507 1745,3447" type="word" xml:id="facs_23_tr_1_tl_15_w1"/>
               <zone points="1842,3434 1842,3494 1863,3494 1863,3434" type="word" xml:id="facs_23_tr_1_tl_15_w2"/>
               <zone points="1913,3428 1913,3488 2526,3488 2526,3428" type="word" xml:id="facs_23_tr_1_tl_15_w3"/>
               <zone points="2623,3422 2623,3482 2668,3482 2668,3422" type="word" xml:id="facs_23_tr_1_tl_15_w4"/>
               <zone points="2694,3416 2694,3476 3186,3476 3186,3416" type="word" xml:id="facs_23_tr_1_tl_15_w5"/>
               <zone points="3310,3412 3310,3472 3354,3472 3354,3412" type="word" xml:id="facs_23_tr_1_tl_15_w6"/>
               <zone points="3405,3410 3405,3470 3590,3470 3590,3410" type="word" xml:id="facs_23_tr_1_tl_15_w7"/>
               <zone points="3688,3401 3688,3461 3944,3461 3944,3401" type="word" xml:id="facs_23_tr_1_tl_15_w8"/>
               <zone points="4018,3389 4018,3449 4368,3449 4368,3389" type="word" xml:id="facs_23_tr_1_tl_15_w9"/>
            </zone>
            <zone points="937,3719 1138,3737 1251,3684 1286,3723 1748,3667 2280,3710 2394,3671 2568,3693 2620,3649 2790,3702 2904,3662 3069,3697 3148,3654 3348,3654 3410,3706 3641,3641 3697,3680 3872,3654 3955,3689 4168,3628 4260,3680 4404,3649 4408,3475 4360,3457 4234,3514 3863,3457 3662,3492 3379,3462 3183,3514 3000,3479 2899,3527 2690,3475 2546,3523 2376,3484 2276,3532 2158,3479 2040,3540 1888,3492 1735,3527 1692,3488 1591,3540 1134,3505 942,3545" rendition="Line" xml:id="facs_23_tr_1_tl_16">
               <zone points="972,3640 972,3700 1443,3700 1443,3640" type="word" xml:id="facs_23_tr_1_tl_16_w1"/>
               <zone points="1559,3609 1559,3669 2055,3669 2055,3609" type="word" xml:id="facs_23_tr_1_tl_16_w2"/>
               <zone points="2171,3615 2171,3675 2374,3675 2374,3615" type="word" xml:id="facs_23_tr_1_tl_16_w3"/>
               <zone points="2467,3609 2467,3669 3122,3669 3122,3609" type="word" xml:id="facs_23_tr_1_tl_16_w4"/>
               <zone points="3215,3595 3215,3655 3780,3655 3780,3595" type="word" xml:id="facs_23_tr_1_tl_16_w5"/>
               <zone points="3828,3581 3828,3641 4118,3641 4118,3581" type="word" xml:id="facs_23_tr_1_tl_16_w6"/>
               <zone points="4211,3574 4211,3634 4344,3634 4344,3574" type="word" xml:id="facs_23_tr_1_tl_16_w7"/>
            </zone>
            <zone points="933,3889 1099,3872 1238,3920 1304,3867 1670,3915 1897,3876 2054,3915 2128,3872 2176,3911 2354,3907 2446,3859 2773,3850 3309,3889 3396,3828 3649,3885 3889,3837 3972,3872 4098,3824 4399,3828 4404,3632 4107,3693 3697,3680 3641,3641 3427,3728 3375,3680 3209,3662 2873,3680 2803,3732 2616,3654 2572,3693 2341,3706 1578,3671 1461,3723 1251,3689 1112,3741 933,3732" rendition="Line" xml:id="facs_23_tr_1_tl_17">
               <zone points="966,3822 966,3882 1226,3882 1226,3822" type="word" xml:id="facs_23_tr_1_tl_17_w1"/>
               <zone points="1317,3806 1317,3866 1949,3866 1949,3806" type="word" xml:id="facs_23_tr_1_tl_17_w2"/>
               <zone points="2018,3800 2018,3860 2412,3860 2412,3800" type="word" xml:id="facs_23_tr_1_tl_17_w3"/>
               <zone points="2480,3803 2480,3863 2675,3863 2675,3803" type="word" xml:id="facs_23_tr_1_tl_17_w4"/>
               <zone points="2809,3793 2809,3853 3291,3853 3291,3793" type="word" xml:id="facs_23_tr_1_tl_17_w5"/>
               <zone points="3425,3774 3425,3834 4364,3834 4364,3774" type="word" xml:id="facs_23_tr_1_tl_17_w6"/>
            </zone>
            <zone points="933,4103 1216,4050 1578,4046 1618,4085 2180,4042 2280,4085 2629,4046 2891,4085 3296,4037 3580,4146 3654,4085 3719,4125 3889,4011 4050,4072 4111,4020 4308,4037 4399,3989 4399,3824 4351,3819 3710,3880 3593,3846 3497,3885 3383,3837 3305,3889 3235,3854 3109,3889 3074,3854 2860,3885 2647,3854 2594,3889 2455,3854 2250,3915 2128,3872 2045,3915 1469,3876 1360,3920 1308,3880 937,3920" rendition="Line" xml:id="facs_23_tr_1_tl_18">
               <zone points="992,4005 992,4065 1173,4065 1173,4005" type="word" xml:id="facs_23_tr_1_tl_18_w1"/>
               <zone points="1291,4000 1291,4060 1820,4060 1820,4000" type="word" xml:id="facs_23_tr_1_tl_18_w2"/>
               <zone points="1869,3991 1869,4051 2303,4051 2303,3991" type="word" xml:id="facs_23_tr_1_tl_18_w3"/>
               <zone points="2398,3991 2398,4051 2441,4051 2441,3991" type="word" xml:id="facs_23_tr_1_tl_18_w4"/>
               <zone points="2467,3991 2467,4051 2789,4051 2789,3991" type="word" xml:id="facs_23_tr_1_tl_18_w5"/>
               <zone points="2884,3981 2884,4041 3134,4041 3134,3981" type="word" xml:id="facs_23_tr_1_tl_18_w6"/>
               <zone points="3206,3985 3206,4045 3433,4045 3433,3985" type="word" xml:id="facs_23_tr_1_tl_18_w7"/>
               <zone points="3505,3979 3505,4039 3828,4039 3828,3979" type="word" xml:id="facs_23_tr_1_tl_18_w8"/>
               <zone points="3922,3962 3922,4022 4058,4022 4058,3962" type="word" xml:id="facs_23_tr_1_tl_18_w9"/>
               <zone points="4083,3950 4083,4010 4380,4010 4380,3950" type="word" xml:id="facs_23_tr_1_tl_18_w10"/>
            </zone>
            <zone points="920,4273 959,4268 990,4282 1042,4277 1068,4286 3281,4236 3277,4044 1112,4090 1094,4072 1064,4077 1046,4064 998,4111 916,4111" rendition="Line" xml:id="facs_23_line_1719402469979_614">
               <zone points="962,4183 962,4243 1045,4243 1045,4183" type="word" xml:id="facs_23_line_1719402469979_614_w1"/>
            </zone>
         </zone>
         <zone points="919,4229 4479,4229 4479,5566 919,5566" rendition="TextRegion" xml:id="facs_23_TextRegion_1719402473932_618">
            <zone points="1121,4447 1304,4430 1465,4478 1517,4425 1727,4421 1809,4478 2141,4438 2455,4478 2616,4425 2769,4460 3026,4412 3165,4465 3226,4430 3292,4478 3457,4408 3540,4447 3636,4408 3937,4452 4033,4404 4203,4456 4421,4408 4425,4177 4277,4155 4151,4203 4068,4155 3754,4220 3545,4155 3152,4264 2908,4234 2040,4277 1801,4247 1718,4282 1448,4242 1334,4299 1121,4273" rendition="Line" xml:id="facs_23_tr_1_tl_20">
               <zone points="1159,4381 1159,4441 1328,4441 1328,4381" type="word" xml:id="facs_23_tr_1_tl_20_w1"/>
               <zone points="1404,4375 1404,4435 1622,4435 1622,4375" type="word" xml:id="facs_23_tr_1_tl_20_w2"/>
               <zone points="1750,4374 1750,4434 2681,4434 2681,4374" type="word" xml:id="facs_23_tr_1_tl_20_w3"/>
               <zone points="2757,4364 2757,4424 2806,4424 2806,4364" type="word" xml:id="facs_23_tr_1_tl_20_w4"/>
               <zone points="2858,4364 2858,4424 3149,4424 3149,4364" type="word" xml:id="facs_23_tr_1_tl_20_w5"/>
               <zone points="3225,4360 3225,4420 3544,4420 3544,4360" type="word" xml:id="facs_23_tr_1_tl_20_w6"/>
               <zone points="3645,4353 3645,4413 3939,4413 3939,4353" type="word" xml:id="facs_23_tr_1_tl_20_w7"/>
               <zone points="3991,4340 3991,4400 4355,4400 4355,4340" type="word" xml:id="facs_23_tr_1_tl_20_w8"/>
            </zone>
            <zone points="924,4643 1251,4635 1312,4670 1504,4617 1596,4661 1670,4604 1805,4639 2001,4604 2058,4643 2224,4604 2289,4639 2808,4648 2912,4595 3200,4643 3566,4595 3745,4652 3802,4600 4417,4600 4421,4412 4098,4465 4029,4399 3898,4452 3636,4408 3536,4460 3401,4430 3287,4478 3226,4434 3170,4469 2873,4421 2790,4486 2145,4438 1905,4452 1840,4495 1727,4491 1644,4425 1517,4425 1448,4482 1382,4438 1099,4456 1020,4395 929,4443" rendition="Line" xml:id="facs_23_tr_1_tl_21">
               <zone points="958,4568 958,4628 1067,4628 1067,4568" type="word" xml:id="facs_23_tr_1_tl_21_w1"/>
               <zone points="1159,4555 1159,4615 1985,4615 1985,4555" type="word" xml:id="facs_23_tr_1_tl_21_w2"/>
               <zone points="2055,4559 2055,4619 2365,4619 2365,4559" type="word" xml:id="facs_23_tr_1_tl_21_w3"/>
               <zone points="2435,4559 2435,4619 2521,4619 2521,4559" type="word" xml:id="facs_23_tr_1_tl_21_w4"/>
               <zone points="2613,4553 2613,4613 3261,4613 3261,4553" type="word" xml:id="facs_23_tr_1_tl_21_w5"/>
               <zone points="3331,4548 3331,4608 3350,4608 3350,4548" type="word" xml:id="facs_23_tr_1_tl_21_w6"/>
               <zone points="3398,4547 3398,4607 3576,4607 3576,4547" type="word" xml:id="facs_23_tr_1_tl_21_w7"/>
               <zone points="3668,4541 3668,4601 3889,4601 3889,4541" type="word" xml:id="facs_23_tr_1_tl_21_w8"/>
               <zone points="3959,4532 3959,4592 4380,4592 4380,4532" type="word" xml:id="facs_23_tr_1_tl_21_w9"/>
            </zone>
            <zone points="924,4818 1413,4857 1535,4805 1705,4857 1818,4809 2019,4853 2197,4805 2333,4835 2712,4800 2773,4844 3287,4783 3680,4835 4002,4783 4111,4848 4173,4792 4417,4792 4417,4604 4377,4587 4085,4591 4011,4639 3928,4591 3754,4643 3562,4600 3161,4652 2917,4595 2751,4665 2664,4622 2616,4665 2564,4622 2115,4652 1670,4604 1596,4661 1504,4617 1317,4670 1055,4626 924,4670" rendition="Line" xml:id="facs_23_tr_1_tl_22">
               <zone points="958,4756 958,4816 1383,4816 1383,4756" type="word" xml:id="facs_23_tr_1_tl_22_w1"/>
               <zone points="1498,4746 1498,4806 1967,4806 1967,4746" type="word" xml:id="facs_23_tr_1_tl_22_w2"/>
               <zone points="2038,4747 2038,4807 2125,4807 2125,4747" type="word" xml:id="facs_23_tr_1_tl_22_w3"/>
               <zone points="2218,4750 2218,4810 2597,4810 2597,4750" type="word" xml:id="facs_23_tr_1_tl_22_w4"/>
               <zone points="2715,4742 2715,4802 3184,4802 3184,4742" type="word" xml:id="facs_23_tr_1_tl_22_w5"/>
               <zone points="3277,4739 3277,4799 3679,4799 3679,4739" type="word" xml:id="facs_23_tr_1_tl_22_w6"/>
               <zone points="3727,4742 3727,4802 3746,4802 3746,4742" type="word" xml:id="facs_23_tr_1_tl_22_w7"/>
               <zone points="3794,4734 3794,4794 3949,4794 3949,4734" type="word" xml:id="facs_23_tr_1_tl_22_w8"/>
               <zone points="3997,4723 3997,4783 4331,4783 4331,4723" type="word" xml:id="facs_23_tr_1_tl_22_w9"/>
            </zone>
            <zone points="942,5031 1116,4992 1160,5036 1360,4997 1639,5040 1766,4992 2040,5045 2106,4992 2306,4992 2437,5045 2494,5001 2664,4983 2825,5027 2969,4979 3113,5031 3314,4979 3427,4979 3497,5040 3562,4988 3719,4975 4273,5010 4438,4975 4443,4774 4207,4827 4173,4796 4120,4840 3863,4800 3667,4835 3436,4787 2969,4809 2930,4848 2712,4800 2415,4844 2197,4800 2019,4853 1884,4809 1709,4853 1530,4805 1443,4848 1199,4805 942,4822" rendition="Line" xml:id="facs_23_tr_1_tl_23">
               <zone points="976,4943 976,5003 1176,5003 1176,4943" type="word" xml:id="facs_23_tr_1_tl_23_w1"/>
               <zone points="1246,4941 1246,5001 1400,5001 1400,4941" type="word" xml:id="facs_23_tr_1_tl_23_w2"/>
               <zone points="1493,4935 1493,4995 1965,4995 1965,4935" type="word" xml:id="facs_23_tr_1_tl_23_w3"/>
               <zone points="2035,4935 2035,4995 2077,4995 2077,4935" type="word" xml:id="facs_23_tr_1_tl_23_w4"/>
               <zone points="2105,4935 2105,4995 2327,4995 2327,4935" type="word" xml:id="facs_23_tr_1_tl_23_w5"/>
               <zone points="2420,4935 2420,4995 2552,4995 2552,4935" type="word" xml:id="facs_23_tr_1_tl_23_w6"/>
               <zone points="2622,4936 2622,4996 2936,4996 2936,4936" type="word" xml:id="facs_23_tr_1_tl_23_w7"/>
               <zone points="3051,4933 3051,4993 3591,4993 3591,4933" type="word" xml:id="facs_23_tr_1_tl_23_w8"/>
               <zone points="3638,4927 3638,4987 3885,4987 3885,4927" type="word" xml:id="facs_23_tr_1_tl_23_w9"/>
               <zone points="3956,4917 3956,4977 4402,4977 4402,4917" type="word" xml:id="facs_23_tr_1_tl_23_w10"/>
            </zone>
            <zone points="946,5210 1692,5210 1897,5167 1993,5219 2171,5171 2219,5210 2341,5171 2424,5219 2769,5175 2917,5206 2952,5171 3052,5223 3292,5171 3588,5232 3819,5171 4107,5206 4417,5175 4421,4988 3593,4983 3501,5040 3431,4979 3200,4988 3122,5036 3017,4997 2821,5036 2756,4997 2581,5031 2498,4997 2433,5040 2215,4988 2106,4992 2036,5049 1953,5005 1818,5031 1696,4997 1465,5045 1352,5001 1225,5040 946,5018" rendition="Line" xml:id="facs_23_tr_1_tl_24">
               <zone points="979,5133 979,5193 1151,5193 1151,5133" type="word" xml:id="facs_23_tr_1_tl_24_w1"/>
               <zone points="1262,5125 1262,5185 1826,5185 1826,5125" type="word" xml:id="facs_23_tr_1_tl_24_w2"/>
               <zone points="1916,5121 1916,5181 2112,5181 2112,5121" type="word" xml:id="facs_23_tr_1_tl_24_w3"/>
               <zone points="2202,5126 2202,5186 2831,5186 2831,5126" type="word" xml:id="facs_23_tr_1_tl_24_w4"/>
               <zone points="2900,5120 2900,5180 2940,5180 2940,5120" type="word" xml:id="facs_23_tr_1_tl_24_w5"/>
               <zone points="2965,5120 2965,5180 3246,5180 3246,5120" type="word" xml:id="facs_23_tr_1_tl_24_w6"/>
               <zone points="3316,5118 3316,5178 3749,5178 3749,5118" type="word" xml:id="facs_23_tr_1_tl_24_w7"/>
               <zone points="3796,5108 3796,5168 4403,5168 4403,5108" type="word" xml:id="facs_23_tr_1_tl_24_w8"/>
            </zone>
            <zone points="933,5385 1212,5402 1256,5367 1339,5406 1404,5363 1509,5411 1679,5380 1740,5419 1822,5372 1940,5411 1997,5376 2149,5406 2777,5372 2978,5415 3222,5363 3340,5415 3632,5358 3710,5419 3776,5372 3972,5358 4090,5367 4190,5454 4417,5419 4417,5158 4111,5206 3824,5175 3593,5232 3327,5171 3161,5236 3122,5201 3013,5223 2952,5171 2895,5223 2703,5180 2546,5236 2468,5184 2237,5228 2184,5175 2014,5219 1905,5167 1687,5219 1530,5184 1469,5232 1225,5180 933,5215" rendition="Line" xml:id="facs_23_tr_1_tl_25">
               <zone points="991,5317 991,5377 1263,5377 1263,5317" type="word" xml:id="facs_23_tr_1_tl_25_w1"/>
               <zone points="1312,5317 1312,5377 2064,5377 2064,5317" type="word" xml:id="facs_23_tr_1_tl_25_w2"/>
               <zone points="2135,5317 2135,5377 2178,5377 2178,5317" type="word" xml:id="facs_23_tr_1_tl_25_w3"/>
               <zone points="2204,5317 2204,5377 2384,5377 2384,5317" type="word" xml:id="facs_23_tr_1_tl_25_w4"/>
               <zone points="2456,5317 2456,5377 2567,5377 2567,5317" type="word" xml:id="facs_23_tr_1_tl_25_w5"/>
               <zone points="2662,5313 2662,5373 2979,5373 2979,5313" type="word" xml:id="facs_23_tr_1_tl_25_w6"/>
               <zone points="3028,5315 3028,5375 3185,5375 3185,5315" type="word" xml:id="facs_23_tr_1_tl_25_w7"/>
               <zone points="3257,5312 3257,5372 3574,5372 3574,5312" type="word" xml:id="facs_23_tr_1_tl_25_w8"/>
               <zone points="3646,5310 3646,5370 4123,5370 4123,5310" type="word" xml:id="facs_23_tr_1_tl_25_w9"/>
               <zone points="4172,5305 4172,5365 4352,5365 4352,5305" type="word" xml:id="facs_23_tr_1_tl_25_w10"/>
            </zone>
            <zone points="990,5616 1129,5559 1264,5611 1491,5546 1674,5585 1814,5546 2014,5585 2398,5546 2559,5616 2712,5563 2786,5616 2851,5563 2960,5607 3048,5559 3383,5555 3471,5616 3566,5555 3776,5563 3776,5402 3702,5415 3632,5358 3340,5415 3222,5363 2978,5415 2782,5372 1923,5419 1840,5372 1740,5419 1465,5380 1386,5415 1256,5367 1212,5402 990,5385" rendition="Line" xml:id="facs_23_line_1719402473963_621">
               <zone points="1001,5509 1001,5569 1616,5569 1616,5509" type="word" xml:id="facs_23_line_1719402473963_621_w1"/>
               <zone points="1685,5500 1685,5560 1726,5560 1726,5500" type="word" xml:id="facs_23_line_1719402473963_621_w2"/>
               <zone points="1751,5508 1751,5568 2435,5568 2435,5508" type="word" xml:id="facs_23_line_1719402473963_621_w3"/>
               <zone points="2481,5505 2481,5565 2676,5565 2676,5505" type="word" xml:id="facs_23_line_1719402473963_621_w4"/>
               <zone points="2767,5508 2767,5568 3363,5568 3363,5508" type="word" xml:id="facs_23_line_1719402473963_621_w5"/>
               <zone points="3453,5507 3453,5567 3736,5567 3736,5507" type="word" xml:id="facs_23_line_1719402473963_621_w6"/>
            </zone>
         </zone>
         <zone points="919,5566 4479,5566 4479,6966 919,6966" rendition="TextRegion" xml:id="facs_23_TextRegion_1719402473932_617">
            <zone points="1160,5738 1221,5768 1439,5725 1509,5794 1731,5738 1958,5773 2298,5742 2520,5794 2712,5738 2860,5799 2939,5729 3004,5777 3083,5733 3279,5773 3492,5738 3545,5790 3610,5746 3898,5794 3972,5746 4037,5794 4151,5746 4229,5790 4282,5746 4425,5773 4425,5533 4268,5559 4020,5498 3885,5568 3832,5524 3492,5620 3383,5555 3157,5563 3078,5607 3030,5563 2956,5607 2847,5555 2786,5611 2708,5563 2647,5616 2263,5555 1727,5555 1648,5607 1491,5546 1160,5598" rendition="Line" xml:id="facs_23_tr_1_tl_27">
               <zone points="1196,5685 1196,5745 1380,5745 1380,5685" type="word" xml:id="facs_23_tr_1_tl_27_w1"/>
               <zone points="1476,5685 1476,5745 1706,5745 1706,5685" type="word" xml:id="facs_23_tr_1_tl_27_w2"/>
               <zone points="1872,5684 1872,5744 2871,5744 2871,5684" type="word" xml:id="facs_23_tr_1_tl_27_w3"/>
               <zone points="2990,5690 2990,5750 3034,5750 3034,5690" type="word" xml:id="facs_23_tr_1_tl_27_w4"/>
               <zone points="3107,5696 3107,5756 3383,5756 3383,5696" type="word" xml:id="facs_23_tr_1_tl_27_w5"/>
               <zone points="3479,5694 3479,5754 4338,5754 4338,5694" type="word" xml:id="facs_23_tr_1_tl_27_w6"/>
            </zone>
            <zone points="968,5934 1304,5947 1369,5986 1482,5930 1796,5956 1836,5917 1962,5969 2581,5930 2952,5986 3161,5938 4430,5956 4430,5768 4369,5751 4242,5803 4151,5742 3968,5808 3863,5760 3815,5799 3610,5746 3532,5799 3453,5742 3279,5773 3083,5733 2860,5803 2769,5746 2607,5738 2503,5799 2245,5742 1822,5781 1766,5738 1513,5799 1434,5720 1216,5764 1151,5733 1094,5777 968,5729" rendition="Line" xml:id="facs_23_tr_1_tl_28">
               <zone points="1025,5879 1025,5939 1272,5939 1272,5879" type="word" xml:id="facs_23_tr_1_tl_28_w1"/>
               <zone points="1343,5876 1343,5936 1796,5936 1796,5876" type="word" xml:id="facs_23_tr_1_tl_28_w2"/>
               <zone points="1867,5873 1867,5933 2045,5933 2045,5873" type="word" xml:id="facs_23_tr_1_tl_28_w3"/>
               <zone points="2139,5882 2139,5942 3184,5942 3184,5882" type="word" xml:id="facs_23_tr_1_tl_28_w4"/>
               <zone points="3301,5891 3301,5951 4026,5951 4026,5891" type="word" xml:id="facs_23_tr_1_tl_28_w5"/>
               <zone points="4119,5885 4119,5945 4139,5945 4139,5885" type="word" xml:id="facs_23_tr_1_tl_28_w6"/>
               <zone points="4165,5884 4165,5944 4366,5944 4366,5884" type="word" xml:id="facs_23_tr_1_tl_28_w7"/>
            </zone>
            <zone points="968,6139 1216,6148 1347,6104 1844,6135 2001,6095 2197,6161 2306,6117 2529,6174 2668,6113 2926,6126 3004,6187 3209,6126 3331,6165 3580,6126 3675,6178 3750,6126 3994,6126 4207,6191 4290,6139 4434,6148 4399,5947 4159,5934 4103,5969 3994,5930 3784,5995 3697,5943 3030,5943 2817,5991 2559,5930 1962,5969 1836,5921 1740,5973 1583,5917 1365,5986 1299,5947 1190,5973 964,5934" rendition="Line" xml:id="facs_23_tr_1_tl_29">
               <zone points="998,6064 998,6124 1283,6124 1283,6064" type="word" xml:id="facs_23_tr_1_tl_29_w1"/>
               <zone points="1419,6057 1419,6117 2217,6117 2217,6057" type="word" xml:id="facs_23_tr_1_tl_29_w2"/>
               <zone points="2241,6063 2241,6123 2438,6123 2438,6063" type="word" xml:id="facs_23_tr_1_tl_29_w3"/>
               <zone points="2507,6070 2507,6130 2638,6130 2638,6070" type="word" xml:id="facs_23_tr_1_tl_29_w4"/>
               <zone points="2710,6072 2710,6132 2773,6132 2773,6072" type="word" xml:id="facs_23_tr_1_tl_29_w5"/>
               <zone points="2865,6076 2865,6136 3172,6136 3172,6076" type="word" xml:id="facs_23_tr_1_tl_29_w6"/>
               <zone points="3241,6082 3241,6142 3862,6142 3862,6082" type="word" xml:id="facs_23_tr_1_tl_29_w7"/>
               <zone points="3931,6081 3931,6141 4349,6141 4349,6081" type="word" xml:id="facs_23_tr_1_tl_29_w8"/>
            </zone>
            <zone points="955,6326 1299,6300 1570,6344 1639,6305 1735,6344 1997,6300 2054,6344 2193,6305 2472,6339 2524,6300 2760,6348 3392,6322 3492,6383 3815,6318 4373,6348 4452,6335 4447,6139 4290,6135 4199,6187 3933,6121 3719,6196 3571,6135 3004,6187 2926,6126 2729,6152 2677,6113 2529,6174 2306,6117 2206,6156 1914,6108 1709,6148 1456,6108 1356,6148 950,6135" rendition="Line" xml:id="facs_23_tr_1_tl_30">
               <zone points="985,6249 985,6309 2109,6309 2109,6249" type="word" xml:id="facs_23_tr_1_tl_30_w1"/>
               <zone points="2226,6261 2226,6321 2501,6321 2501,6261" type="word" xml:id="facs_23_tr_1_tl_30_w2"/>
               <zone points="2573,6272 2573,6332 3238,6332 3238,6272" type="word" xml:id="facs_23_tr_1_tl_30_w3"/>
               <zone points="3332,6273 3332,6333 3673,6333 3673,6273" type="word" xml:id="facs_23_tr_1_tl_30_w4"/>
               <zone points="3794,6274 3794,6334 3814,6334 3814,6274" type="word" xml:id="facs_23_tr_1_tl_30_w5"/>
               <zone points="3863,6276 3863,6336 4066,6336 4066,6276" type="word" xml:id="facs_23_tr_1_tl_30_w6"/>
               <zone points="4161,6280 4161,6340 4364,6340 4364,6280" type="word" xml:id="facs_23_tr_1_tl_30_w7"/>
            </zone>
            <zone points="950,6492 1269,6540 1330,6501 1587,6540 1648,6496 1718,6557 2149,6505 2328,6553 2468,6492 2790,6514 2895,6571 2952,6527 3052,6575 3183,6518 3558,6553 3614,6514 3754,6562 3981,6523 4042,6579 4438,6514 4434,6339 4033,6318 3920,6357 3819,6318 3488,6387 3423,6326 3200,6313 2655,6361 2516,6300 2298,6366 2197,6305 1757,6357 1639,6305 1509,6348 1177,6300 946,6326" rendition="Line" xml:id="facs_23_tr_1_tl_31">
               <zone points="1008,6440 1008,6500 1832,6500 1832,6440" type="word" xml:id="facs_23_tr_1_tl_31_w1"/>
               <zone points="1908,6444 1908,6504 2248,6504 2248,6444" type="word" xml:id="facs_23_tr_1_tl_31_w2"/>
               <zone points="2299,6451 2299,6511 2393,6511 2393,6451" type="word" xml:id="facs_23_tr_1_tl_31_w3"/>
               <zone points="2472,6453 2472,6513 2663,6513 2663,6453" type="word" xml:id="facs_23_tr_1_tl_31_w4"/>
               <zone points="2738,6466 2738,6526 3272,6526 3272,6466" type="word" xml:id="facs_23_tr_1_tl_31_w5"/>
               <zone points="3396,6468 3396,6528 3469,6528 3469,6468" type="word" xml:id="facs_23_tr_1_tl_31_w6"/>
               <zone points="3569,6468 3569,6528 4005,6528 4005,6468" type="word" xml:id="facs_23_tr_1_tl_31_w7"/>
               <zone points="4105,6468 4105,6528 4417,6528 4417,6468" type="word" xml:id="facs_23_tr_1_tl_31_w8"/>
            </zone>
            <zone points="972,6749 1195,6697 1243,6745 1509,6789 1565,6732 1687,6714 1866,6793 2001,6741 2250,6802 2686,6701 2969,6719 3157,6797 3283,6745 3427,6806 3675,6784 3789,6850 4016,6723 4264,6762 4456,6723 4456,6536 4308,6514 4037,6584 3937,6527 3754,6562 3601,6514 3549,6557 3348,6509 3052,6575 2960,6527 2895,6571 2594,6509 2429,6509 2381,6557 2258,6514 2176,6562 1866,6509 1718,6557 1635,6505 1561,6540 1343,6501 1269,6540 1081,6492 972,6540" rendition="Line" xml:id="facs_23_tr_1_tl_32">
               <zone points="1008,6639 1008,6699 1799,6699 1799,6639" type="word" xml:id="facs_23_tr_1_tl_32_w1"/>
               <zone points="1895,6645 1895,6705 2148,6705 2148,6645" type="word" xml:id="facs_23_tr_1_tl_32_w2"/>
               <zone points="2221,6647 2221,6707 2639,6707 2639,6647" type="word" xml:id="facs_23_tr_1_tl_32_w3"/>
               <zone points="2735,6657 2735,6717 3340,6717 3340,6657" type="word" xml:id="facs_23_tr_1_tl_32_w4"/>
               <zone points="3436,6663 3436,6723 3480,6723 3480,6663" type="word" xml:id="facs_23_tr_1_tl_32_w5"/>
               <zone points="3529,6670 3529,6730 3736,6730 3736,6670" type="word" xml:id="facs_23_tr_1_tl_32_w6"/>
               <zone points="3834,6662 3834,6722 3994,6722 3994,6662" type="word" xml:id="facs_23_tr_1_tl_32_w7"/>
               <zone points="4044,6665 4044,6725 4390,6725 4390,6665" type="word" xml:id="facs_23_tr_1_tl_32_w8"/>
            </zone>
         </zone>
      </surface>
      <surface lrx="5503" lry="8255" ulx="0" uly="0" xml:id="facs_24">
         <!--<graphic height="8255px" url="69062597.jpg" width="5503px"/>-->
         <graphic height="8255px" url="https://files.transkribus.eu/Get?id=PFOIYITUKTDSSSKBBDYSFXPA&amp;fileType=view" width="5503px"/>
         <zone points="1033,1218 4557,1218 4557,2485 1033,2485" rendition="TextRegion" xml:id="facs_24_TextRegion_1719402565468_672">
            <zone points="1051,1348 1208,1378 1278,1335 1500,1361 1587,1326 1766,1374 2019,1335 2277,1400 2416,1365 2608,1396 2660,1348 2817,1391 2992,1391 3044,1348 3144,1391 4073,1365 4191,1426 4361,1369 4453,1422 4544,1391 4540,1125 4431,1191 4213,1108 3899,1178 3820,1116 3694,1160 3581,1073 3406,1182 3249,1108 3118,1156 3027,1086 2769,1173 2687,1130 2586,1178 2386,1121 2298,1156 2050,1108 1880,1178 1705,1103 1470,1151 1378,1090 1239,1116 1047,1073" rendition="Line" xml:id="facs_24_tr_1_tl_1">
               <zone points="1086,1268 1086,1328 1429,1328 1429,1268" type="word" xml:id="facs_24_tr_1_tl_1_w1"/>
               <zone points="1531,1268 1531,1328 1997,1328 1997,1268" type="word" xml:id="facs_24_tr_1_tl_1_w2"/>
               <zone points="2074,1273 2074,1333 2395,1333 2395,1273" type="word" xml:id="facs_24_tr_1_tl_1_w3"/>
               <zone points="2472,1283 2472,1343 2519,1343 2519,1283" type="word" xml:id="facs_24_tr_1_tl_1_w4"/>
               <zone points="2546,1286 2546,1346 2741,1346 2741,1286" type="word" xml:id="facs_24_tr_1_tl_1_w5"/>
               <zone points="2793,1292 2793,1352 2889,1352 2889,1292" type="word" xml:id="facs_24_tr_1_tl_1_w6"/>
               <zone points="2991,1292 2991,1352 3136,1352 3136,1292" type="word" xml:id="facs_24_tr_1_tl_1_w7"/>
               <zone points="3164,1301 3164,1361 3782,1361 3782,1301" type="word" xml:id="facs_24_tr_1_tl_1_w8"/>
               <zone points="3834,1309 3834,1369 3979,1369 3979,1309" type="word" xml:id="facs_24_tr_1_tl_1_w9"/>
               <zone points="4032,1309 4032,1369 4498,1369 4498,1309" type="word" xml:id="facs_24_tr_1_tl_1_w10"/>
            </zone>
            <zone points="1051,1535 1164,1509 1287,1553 1526,1509 1579,1557 1784,1535 1884,1579 2534,1526 2787,1583 3524,1540 3620,1574 3764,1548 3829,1596 4261,1557 4348,1609 4514,1605 4510,1413 4230,1391 4191,1426 4073,1361 3441,1391 3336,1352 3136,1396 3066,1352 3009,1396 2883,1356 2822,1396 2700,1348 2377,1400 2028,1339 1766,1374 1618,1321 1540,1378 1343,1335 1204,1383 1047,1348" rendition="Line" xml:id="facs_24_tr_1_tl_2">
               <zone points="1082,1466 1082,1526 1513,1526 1513,1466" type="word" xml:id="facs_24_tr_1_tl_2_w1"/>
               <zone points="1587,1464 1587,1524 1903,1524 1903,1464" type="word" xml:id="facs_24_tr_1_tl_2_w2"/>
               <zone points="1975,1468 1975,1528 2339,1528 2339,1468" type="word" xml:id="facs_24_tr_1_tl_2_w3"/>
               <zone points="2411,1476 2411,1536 2799,1536 2799,1476" type="word" xml:id="facs_24_tr_1_tl_2_w4"/>
               <zone points="2870,1483 2870,1543 3212,1543 3212,1483" type="word" xml:id="facs_24_tr_1_tl_2_w5"/>
               <zone points="3306,1489 3306,1549 3349,1549 3349,1489" type="word" xml:id="facs_24_tr_1_tl_2_w6"/>
               <zone points="3397,1489 3397,1549 3557,1549 3557,1489" type="word" xml:id="facs_24_tr_1_tl_2_w7"/>
               <zone points="3628,1496 3628,1556 4472,1556 4472,1496" type="word" xml:id="facs_24_tr_1_tl_2_w8"/>
            </zone>
            <zone points="1021,1749 1383,1714 1627,1771 1984,1714 2355,1779 2503,1731 2970,1771 3232,1740 3293,1779 3506,1736 3594,1779 3772,1731 3851,1788 4039,1736 4209,1788 4335,1749 4475,1788 4527,1771 4523,1592 4344,1609 4126,1557 4060,1601 3995,1561 3842,1605 3768,1548 3685,1583 3528,1540 3149,1548 3001,1596 2547,1540 2368,1574 1949,1548 1888,1583 1788,1535 1579,1561 1452,1509 1308,1553 1160,1509 1016,1557" rendition="Line" xml:id="facs_24_tr_1_tl_3">
               <zone points="1052,1656 1052,1716 1563,1716 1563,1656" type="word" xml:id="facs_24_tr_1_tl_3_w1"/>
               <zone points="1613,1649 1613,1709 1656,1709 1656,1649" type="word" xml:id="facs_24_tr_1_tl_3_w2"/>
               <zone points="1706,1656 1706,1716 2310,1716 2310,1656" type="word" xml:id="facs_24_tr_1_tl_3_w3"/>
               <zone points="2383,1657 2383,1717 2825,1717 2825,1657" type="word" xml:id="facs_24_tr_1_tl_3_w4"/>
               <zone points="2921,1674 2921,1734 3737,1734 3737,1674" type="word" xml:id="facs_24_tr_1_tl_3_w5"/>
               <zone points="3833,1681 3833,1741 4066,1741 4066,1681" type="word" xml:id="facs_24_tr_1_tl_3_w6"/>
               <zone points="4162,1686 4162,1746 4438,1746 4438,1686" type="word" xml:id="facs_24_tr_1_tl_3_w7"/>
            </zone>
            <zone points="1047,1954 1291,1919 1439,1958 1692,1906 1771,1954 2085,1910 2207,1954 2368,1906 2530,1958 3031,1919 3515,1976 3960,1919 3999,1954 4331,1923 4518,1967 4518,1766 4322,1749 4204,1788 4030,1740 3847,1784 3707,1736 3624,1788 3502,1736 3306,1779 3227,1740 2966,1775 2673,1740 2390,1784 1989,1714 1766,1766 1483,1762 1383,1714 1042,1749" rendition="Line" xml:id="facs_24_tr_1_tl_4">
               <zone points="1074,1853 1074,1913 1642,1913 1642,1853" type="word" xml:id="facs_24_tr_1_tl_4_w1"/>
               <zone points="1729,1837 1729,1897 1811,1897 1811,1837" type="word" xml:id="facs_24_tr_1_tl_4_w2"/>
               <zone points="1898,1835 1898,1895 2406,1895 2406,1835" type="word" xml:id="facs_24_tr_1_tl_4_w3"/>
               <zone points="2493,1847 2493,1907 2702,1907 2702,1847" type="word" xml:id="facs_24_tr_1_tl_4_w4"/>
               <zone points="2789,1853 2789,1913 2871,1913 2871,1853" type="word" xml:id="facs_24_tr_1_tl_4_w5"/>
               <zone points="2958,1859 2958,1919 3613,1919 3613,1859" type="word" xml:id="facs_24_tr_1_tl_4_w6"/>
               <zone points="3700,1864 3700,1924 3719,1924 3719,1864" type="word" xml:id="facs_24_tr_1_tl_4_w7"/>
               <zone points="3764,1864 3764,1924 3909,1924 3909,1864" type="word" xml:id="facs_24_tr_1_tl_4_w8"/>
               <zone points="3975,1867 3975,1927 4417,1927 4417,1867" type="word" xml:id="facs_24_tr_1_tl_4_w9"/>
               <zone points="4461,1866 4461,1926 4480,1926 4480,1866" type="word" xml:id="facs_24_tr_1_tl_4_w10"/>
            </zone>
            <zone points="1025,2106 1243,2128 1391,2085 1609,2146 1775,2067 1880,2133 2041,2115 2120,2154 2351,2089 2625,2150 2909,2102 3868,2154 4052,2111 4213,2159 4435,2106 4510,2154 4510,1967 4344,1928 3999,1954 3951,1915 3825,1967 3515,1976 3358,1936 3101,1971 3031,1919 2516,1967 2368,1910 2202,1954 2098,1906 1993,1958 1915,1919 1771,1954 1540,1915 1417,1971 1273,1923 1025,1954" rendition="Line" xml:id="facs_24_tr_1_tl_5">
               <zone points="1057,2038 1057,2098 1309,2098 1309,2038" type="word" xml:id="facs_24_tr_1_tl_5_w1"/>
               <zone points="1439,2038 1439,2098 1691,2098 1691,2038" type="word" xml:id="facs_24_tr_1_tl_5_w2"/>
               <zone points="1800,2030 1800,2090 1882,2090 1882,2030" type="word" xml:id="facs_24_tr_1_tl_5_w3"/>
               <zone points="2012,2035 2012,2095 2583,2095 2583,2035" type="word" xml:id="facs_24_tr_1_tl_5_w4"/>
               <zone points="2713,2044 2713,2104 3156,2104 3156,2044" type="word" xml:id="facs_24_tr_1_tl_5_w5"/>
               <zone points="3286,2044 3286,2104 3304,2104 3304,2044" type="word" xml:id="facs_24_tr_1_tl_5_w6"/>
               <zone points="3392,2050 3392,2110 4090,2110 4090,2050" type="word" xml:id="facs_24_tr_1_tl_5_w7"/>
               <zone points="4177,2055 4177,2115 4451,2115 4451,2055" type="word" xml:id="facs_24_tr_1_tl_5_w8"/>
            </zone>
            <zone points="1038,2303 1178,2346 1282,2298 1391,2329 1444,2285 1531,2333 1710,2290 1762,2325 2368,2294 2434,2329 2551,2277 2691,2333 2782,2294 3236,2346 3611,2303 3929,2364 4056,2325 4348,2359 4505,2311 4505,2124 4435,2106 4213,2154 3502,2115 3044,2154 2905,2102 2625,2150 2355,2085 2124,2154 2041,2115 1867,2137 1775,2072 1609,2141 1038,2106" rendition="Line" xml:id="facs_24_tr_1_tl_6">
               <zone points="1072,2229 1072,2289 1586,2289 1586,2229" type="word" xml:id="facs_24_tr_1_tl_6_w1"/>
               <zone points="1656,2220 1656,2280 1698,2280 1698,2220" type="word" xml:id="facs_24_tr_1_tl_6_w2"/>
               <zone points="1746,2211 1746,2271 2262,2271 2262,2211" type="word" xml:id="facs_24_tr_1_tl_6_w3"/>
               <zone points="2287,2225 2287,2285 3025,2285 3025,2225" type="word" xml:id="facs_24_tr_1_tl_6_w4"/>
               <zone points="3117,2235 3117,2295 3317,2295 3317,2235" type="word" xml:id="facs_24_tr_1_tl_6_w5"/>
               <zone points="3412,2241 3412,2301 4240,2301 4240,2241" type="word" xml:id="facs_24_tr_1_tl_6_w6"/>
               <zone points="4310,2246 4310,2306 4329,2306 4329,2246" type="word" xml:id="facs_24_tr_1_tl_6_w7"/>
               <zone points="4377,2247 4377,2307 4442,2307 4442,2247" type="word" xml:id="facs_24_tr_1_tl_6_w8"/>
            </zone>
            <zone points="1038,2516 1212,2495 1444,2551 1548,2464 1779,2530 1967,2464 2128,2503 2250,2464 2368,2525 2569,2464 2852,2521 3236,2486 3236,2329 3062,2342 2939,2294 2695,2338 2556,2277 2255,2333 1762,2325 1710,2290 1596,2342 1448,2285 1396,2329 1287,2294 1182,2346 1038,2303" rendition="Line" xml:id="facs_24_tr_1_tl_7">
               <zone points="1073,2426 1073,2486 1588,2486 1588,2426" type="word" xml:id="facs_24_tr_1_tl_7_w1"/>
               <zone points="1659,2408 1659,2468 1839,2468 1839,2408" type="word" xml:id="facs_24_tr_1_tl_7_w2"/>
               <zone points="1932,2403 1932,2463 1974,2463 1974,2403" type="word" xml:id="facs_24_tr_1_tl_7_w3"/>
               <zone points="2000,2409 2000,2469 2200,2469 2200,2409" type="word" xml:id="facs_24_tr_1_tl_7_w4"/>
               <zone points="2293,2409 2293,2469 2721,2469 2721,2409" type="word" xml:id="facs_24_tr_1_tl_7_w5"/>
               <zone points="2814,2416 2814,2476 3217,2476 3217,2416" type="word" xml:id="facs_24_tr_1_tl_7_w6"/>
            </zone>
         </zone>
         <zone points="1033,2485 4557,2485 4557,3985 1026,3985 1025,3468 1715,3452 1713,3090 1721,2693 1033,2689" rendition="TextRegion" xml:id="facs_24_TextRegion_1719402569571_677">
            <zone points="1212,2708 1697,2721 1779,2656 1997,2704 2473,2673 2547,2713 2796,2660 2844,2708 2961,2656 3031,2695 3136,2669 3585,2726 3772,2665 3956,2713 4370,2678 4501,2713 4501,2503 4448,2530 4274,2468 3991,2530 3943,2490 3598,2512 3502,2468 3349,2512 3088,2482 2852,2521 2569,2464 2277,2534 2229,2486 1971,2464 1845,2521 1662,2521 1535,2468 1444,2551 1212,2525" rendition="Line" xml:id="facs_24_tr_1_tl_8">
               <zone points="1270,2612 1270,2672 1473,2672 1473,2612" type="word" xml:id="facs_24_tr_1_tl_8_w1"/>
               <zone points="1544,2608 1544,2668 1773,2668 1773,2608" type="word" xml:id="facs_24_tr_1_tl_8_w2"/>
               <zone points="1913,2599 1913,2659 2967,2659 2967,2599" type="word" xml:id="facs_24_tr_1_tl_8_w3"/>
               <zone points="3062,2606 3062,2666 3082,2666 3082,2606" type="word" xml:id="facs_24_tr_1_tl_8_w4"/>
               <zone points="3130,2606 3130,2666 3405,2666 3405,2606" type="word" xml:id="facs_24_tr_1_tl_8_w5"/>
               <zone points="3476,2609 3476,2669 3793,2669 3793,2609" type="word" xml:id="facs_24_tr_1_tl_8_w6"/>
               <zone points="3910,2611 3910,2671 4162,2671 4162,2611" type="word" xml:id="facs_24_tr_1_tl_8_w7"/>
               <zone points="4233,2611 4233,2671 4436,2671 4436,2611" type="word" xml:id="facs_24_tr_1_tl_8_w8"/>
            </zone>
            <zone points="1714,2887 1902,2896 2024,2852 2172,2896 2224,2844 2429,2896 3262,2844 3406,2905 3533,2861 3781,2900 3929,2857 4078,2896 4169,2857 4222,2900 4305,2857 4479,2874 4479,2700 4405,2682 4021,2721 3777,2669 3576,2713 3192,2673 3057,2708 2961,2652 2844,2708 2791,2660 2700,2717 2473,2673 2229,2717 2085,2669 1984,2717 1784,2656 1714,2687" rendition="Line" xml:id="facs_24_tr_1_tl_9">
               <zone points="1747,2791 1747,2851 2070,2851 2070,2791" type="word" xml:id="facs_24_tr_1_tl_9_w1"/>
               <zone points="2160,2790 2160,2850 2375,2850 2375,2790" type="word" xml:id="facs_24_tr_1_tl_9_w2"/>
               <zone points="2464,2787 2464,2847 2527,2847 2527,2787" type="word" xml:id="facs_24_tr_1_tl_9_w3"/>
               <zone points="2616,2791 2616,2851 3070,2851 3070,2791" type="word" xml:id="facs_24_tr_1_tl_9_w4"/>
               <zone points="3160,2794 3160,2854 3331,2854 3331,2794" type="word" xml:id="facs_24_tr_1_tl_9_w5"/>
               <zone points="3399,2796 3399,2856 3418,2856 3418,2796" type="word" xml:id="facs_24_tr_1_tl_9_w6"/>
               <zone points="3464,2797 3464,2857 3527,2857 3527,2797" type="word" xml:id="facs_24_tr_1_tl_9_w7"/>
               <zone points="3616,2797 3616,2857 4244,2857 4244,2797" type="word" xml:id="facs_24_tr_1_tl_9_w8"/>
               <zone points="4312,2797 4312,2857 4461,2857 4461,2797" type="word" xml:id="facs_24_tr_1_tl_9_w9"/>
            </zone>
            <zone points="1705,3066 2050,3088 2377,3018 2460,3070 2739,3040 2878,3083 3166,3027 3511,3079 3799,3044 4143,3070 4182,3031 4514,3079 4514,2874 4305,2857 4239,2900 3938,2857 3829,2900 3690,2861 3402,2900 3275,2848 3162,2887 3022,2852 2543,2900 2316,2848 2224,2900 2032,2848 1963,2905 1705,2887" rendition="Line" xml:id="facs_24_tr_1_tl_10">
               <zone points="1738,2975 1738,3035 1908,3035 1908,2975" type="word" xml:id="facs_24_tr_1_tl_10_w1"/>
               <zone points="1975,2972 1975,3032 2404,3032 2404,2972" type="word" xml:id="facs_24_tr_1_tl_10_w2"/>
               <zone points="2472,2970 2472,3030 2772,3030 2772,2970" type="word" xml:id="facs_24_tr_1_tl_10_w3"/>
               <zone points="2861,2981 2861,3041 3333,3041 3333,2981" type="word" xml:id="facs_24_tr_1_tl_10_w4"/>
               <zone points="3401,2985 3401,3045 3614,3045 3614,2985" type="word" xml:id="facs_24_tr_1_tl_10_w5"/>
               <zone points="3703,2975 3703,3035 4132,3035 4132,2975" type="word" xml:id="facs_24_tr_1_tl_10_w6"/>
               <zone points="4221,2976 4221,3036 4456,3036 4456,2976" type="word" xml:id="facs_24_tr_1_tl_10_w7"/>
            </zone>
            <zone points="1710,3249 1993,3271 2124,3210 2224,3262 2464,3232 2508,3275 2617,3236 2791,3271 2896,3223 2935,3262 3083,3223 3319,3267 3476,3223 3598,3258 3685,3219 3864,3258 3995,3219 4510,3240 4510,3079 4379,3040 3982,3079 3467,3053 3415,3088 3175,3031 2883,3092 2211,3035 2041,3088 1710,3079" rendition="Line" xml:id="facs_24_tr_1_tl_12">
               <zone points="1743,3157 1743,3217 2221,3217 2221,3157" type="word" xml:id="facs_24_tr_1_tl_12_w1"/>
               <zone points="2311,3160 2311,3220 2942,3220 2942,3160" type="word" xml:id="facs_24_tr_1_tl_12_w2"/>
               <zone points="3032,3161 3032,3221 3073,3221 3073,3161" type="word" xml:id="facs_24_tr_1_tl_12_w3"/>
               <zone points="3097,3161 3097,3221 3488,3221 3488,3161" type="word" xml:id="facs_24_tr_1_tl_12_w4"/>
               <zone points="3556,3166 3556,3226 3881,3226 3881,3166" type="word" xml:id="facs_24_tr_1_tl_12_w5"/>
               <zone points="3927,3163 3927,3223 4165,3223 4165,3163" type="word" xml:id="facs_24_tr_1_tl_12_w6"/>
               <zone points="4255,3159 4255,3219 4470,3219 4470,3159" type="word" xml:id="facs_24_tr_1_tl_12_w7"/>
            </zone>
            <zone points="1718,3445 1845,3454 1945,3393 2050,3450 2111,3410 2181,3450 2399,3424 2556,3463 2900,3397 2953,3445 3175,3454 3258,3415 3380,3441 3437,3393 3498,3445 3746,3441 3825,3397 4082,3454 4134,3415 4510,3432 4510,3236 4448,3214 4148,3267 3999,3219 3646,3271 3520,3232 2935,3258 2896,3223 2791,3271 2560,3275 2468,3232 2346,3271 2137,3210 1963,3280 1806,3232 1718,3253" rendition="Line" xml:id="facs_24_tr_1_tl_14">
               <zone points="1752,3351 1752,3411 1992,3411 1992,3351" type="word" xml:id="facs_24_tr_1_tl_14_w1"/>
               <zone points="2061,3349 2061,3409 2701,3409 2701,3349" type="word" xml:id="facs_24_tr_1_tl_14_w2"/>
               <zone points="2770,3350 2770,3410 3385,3410 3385,3350" type="word" xml:id="facs_24_tr_1_tl_14_w3"/>
               <zone points="3476,3347 3476,3407 3518,3407 3518,3347" type="word" xml:id="facs_24_tr_1_tl_14_w4"/>
               <zone points="3565,3346 3565,3406 3808,3406 3808,3346" type="word" xml:id="facs_24_tr_1_tl_14_w5"/>
               <zone points="3899,3348 3899,3408 4293,3408 4293,3348" type="word" xml:id="facs_24_tr_1_tl_14_w6"/>
               <zone points="4340,3343 4340,3403 4448,3403 4448,3343" type="word" xml:id="facs_24_tr_1_tl_14_w7"/>
            </zone>
            <zone points="1021,3646 1321,3646 1430,3589 1740,3646 1819,3581 1958,3633 2019,3589 2181,3646 2272,3615 2599,3646 2669,3602 3018,3655 3236,3581 3550,3633 4021,3585 4213,3650 4492,3594 4492,3428 4405,3419 3943,3458 3820,3397 3725,3454 3511,3454 3458,3410 3371,3454 3288,3397 3179,3458 2987,3450 2896,3397 2848,3437 2551,3463 2106,3406 2045,3445 1936,3393 1792,3458 1548,3424 1356,3458 1130,3450 1021,3397" rendition="Line" xml:id="facs_24_tr_1_tl_15">
               <zone points="1053,3543 1053,3603 1346,3603 1346,3543" type="word" xml:id="facs_24_tr_1_tl_15_w1"/>
               <zone points="1454,3537 1454,3597 1726,3597 1726,3537" type="word" xml:id="facs_24_tr_1_tl_15_w2"/>
               <zone points="1834,3537 1834,3597 2277,3597 2277,3537" type="word" xml:id="facs_24_tr_1_tl_15_w3"/>
               <zone points="2385,3532 2385,3592 2573,3592 2573,3532" type="word" xml:id="facs_24_tr_1_tl_15_w4"/>
               <zone points="2660,3531 2660,3591 3100,3591 3100,3531" type="word" xml:id="facs_24_tr_1_tl_15_w5"/>
               <zone points="3209,3526 3209,3586 3990,3586 3990,3526" type="word" xml:id="facs_24_tr_1_tl_15_w6"/>
               <zone points="4077,3531 4077,3591 4454,3591 4454,3531" type="word" xml:id="facs_24_tr_1_tl_15_w7"/>
            </zone>
            <zone points="1007,3842 1099,3794 1496,3772 1862,3842 1963,3781 2111,3777 2316,3855 2621,3799 2939,3860 3083,3820 3637,3829 3707,3786 3969,3851 4065,3790 4143,3834 4514,3781 4514,3611 4217,3650 3964,3576 3738,3646 3646,3611 3506,3646 3245,3581 3018,3650 2665,3602 2599,3646 2355,3611 2198,3650 2015,3598 1932,3633 1871,3585 1723,3650 1492,3594 1417,3642 1007,3646" rendition="Line" xml:id="facs_24_tr_1_tl_16">
               <zone points="1040,3737 1040,3797 1191,3797 1191,3737" type="word" xml:id="facs_24_tr_1_tl_16_w1"/>
               <zone points="1303,3734 1303,3794 1497,3794 1497,3734" type="word" xml:id="facs_24_tr_1_tl_16_w2"/>
               <zone points="1588,3729 1588,3789 1650,3789 1650,3729" type="word" xml:id="facs_24_tr_1_tl_16_w3"/>
               <zone points="1741,3729 1741,3789 2417,3789 2417,3729" type="word" xml:id="facs_24_tr_1_tl_16_w4"/>
               <zone points="2507,3729 2507,3789 3073,3789 3073,3729" type="word" xml:id="facs_24_tr_1_tl_16_w5"/>
               <zone points="3164,3728 3164,3788 3467,3788 3467,3728" type="word" xml:id="facs_24_tr_1_tl_16_w6"/>
               <zone points="3536,3727 3536,3787 3577,3787 3577,3727" type="word" xml:id="facs_24_tr_1_tl_16_w7"/>
               <zone points="3623,3728 3623,3788 3818,3788 3818,3728" type="word" xml:id="facs_24_tr_1_tl_16_w8"/>
               <zone points="3908,3723 3908,3783 4036,3783 4036,3723" type="word" xml:id="facs_24_tr_1_tl_16_w9"/>
               <zone points="4105,3718 4105,3778 4190,3778 4190,3718" type="word" xml:id="facs_24_tr_1_tl_16_w10"/>
               <zone points="4258,3722 4258,3782 4430,3782 4430,3722" type="word" xml:id="facs_24_tr_1_tl_16_w11"/>
            </zone>
            <zone points="1051,4034 1465,4034 1570,3960 1714,4030 1854,4030 1980,3960 2054,4012 2207,3986 2346,4021 2346,3847 2111,3777 1858,3842 1500,3772 1051,3799" rendition="Line" xml:id="facs_24_line_1719402569625_680">
               <zone points="1088,3920 1088,3980 1694,3980 1694,3920" type="word" xml:id="facs_24_line_1719402569625_680_w1"/>
               <zone points="1795,3916 1795,3976 2326,3976 2326,3916" type="word" xml:id="facs_24_line_1719402569625_680_w2"/>
            </zone>
         </zone>
         <zone points="1026,3985 4557,3985 4557,6427 1033,6427" rendition="TextRegion" xml:id="facs_24_TextRegion_1719402569571_676">
            <zone points="1212,4174 1570,4209 1670,4161 1766,4217 1827,4165 1976,4161 2045,4213 2089,4178 2355,4226 2582,4143 2687,4209 2813,4156 2996,4213 3101,4156 3301,4204 3563,4196 3624,4156 3772,4196 3855,4148 3943,4209 4065,4148 4422,4148 4488,4187 4492,3925 4095,4004 3986,3951 3838,3991 3746,3934 3615,4004 3441,4021 3184,3829 2996,3829 2922,3886 2830,3855 2482,4004 2381,3964 2290,4034 2202,3986 2050,4008 1993,3960 1854,4030 1653,4021 1574,3960 1422,4039 1212,4025" rendition="Line" xml:id="facs_24_tr_1_tl_18">
               <zone points="1274,4113 1274,4173 1441,4173 1441,4113" type="word" xml:id="facs_24_tr_1_tl_18_w1"/>
               <zone points="1516,4108 1516,4168 1756,4168 1756,4108" type="word" xml:id="facs_24_tr_1_tl_18_w2"/>
               <zone points="1904,4105 1904,4165 2749,4165 2749,4105" type="word" xml:id="facs_24_tr_1_tl_18_w3"/>
               <zone points="2876,4103 2876,4163 2897,4163 2897,4103" type="word" xml:id="facs_24_tr_1_tl_18_w4"/>
               <zone points="2973,4099 2973,4159 3357,4159 3357,4099" type="word" xml:id="facs_24_tr_1_tl_18_w5"/>
               <zone points="3457,4098 3457,4158 3672,4158 3672,4098" type="word" xml:id="facs_24_tr_1_tl_18_w6"/>
               <zone points="3748,4090 3748,4150 4084,4150 4084,4090" type="word" xml:id="facs_24_tr_1_tl_18_w7"/>
               <zone points="4184,4082 4184,4142 4374,4142 4374,4082" type="word" xml:id="facs_24_tr_1_tl_18_w8"/>
               <zone points="4426,4076 4426,4136 4471,4136 4471,4076" type="word" xml:id="facs_24_tr_1_tl_18_w9"/>
            </zone>
            <zone points="1034,4361 1160,4414 1570,4353 1662,4414 1884,4370 2045,4409 2250,4339 2303,4392 2516,4405 2586,4370 2643,4401 2700,4353 2970,4392 3101,4339 3149,4387 3275,4392 3524,4331 3611,4374 3838,4331 3908,4370 4056,4335 4143,4392 4200,4339 4527,4361 4531,4200 4322,4196 4226,4148 3943,4209 3851,4143 3768,4196 3629,4156 3284,4217 3096,4165 3001,4213 2817,4156 2735,4213 2577,4143 2355,4226 2041,4204 1967,4161 1871,4226 1806,4187 1727,4213 1679,4165 1622,4209 1387,4217 1326,4169 1156,4235 1038,4165" rendition="Line" xml:id="facs_24_tr_1_tl_19">
               <zone points="1092,4308 1092,4368 1339,4368 1339,4308" type="word" xml:id="facs_24_tr_1_tl_19_w1"/>
               <zone points="1455,4299 1455,4359 1841,4359 1841,4299" type="word" xml:id="facs_24_tr_1_tl_19_w2"/>
               <zone points="1889,4296 1889,4356 2253,4356 2253,4296" type="word" xml:id="facs_24_tr_1_tl_19_w3"/>
               <zone points="2392,4293 2392,4353 2434,4353 2434,4293" type="word" xml:id="facs_24_tr_1_tl_19_w4"/>
               <zone points="2483,4287 2483,4347 3348,4347 3348,4287" type="word" xml:id="facs_24_tr_1_tl_19_w5"/>
               <zone points="3465,4285 3465,4345 3669,4345 3669,4285" type="word" xml:id="facs_24_tr_1_tl_19_w6"/>
               <zone points="3785,4267 3785,4327 4444,4327 4444,4267" type="word" xml:id="facs_24_tr_1_tl_19_w7"/>
            </zone>
            <zone points="1038,4588 1230,4597 1317,4536 1452,4605 1566,4592 1627,4531 1884,4588 2002,4588 2072,4536 2246,4592 2394,4579 2468,4523 2735,4592 2970,4518 3096,4566 3367,4562 3498,4505 3646,4571 4043,4501 4209,4571 4527,4531 4527,4374 4278,4379 4200,4339 4143,4392 4056,4335 3790,4383 3528,4335 3389,4396 3349,4361 3144,4383 3096,4335 2804,4405 2704,4353 2643,4396 2303,4392 2220,4339 2054,4405 1888,4366 1727,4414 1583,4353 1387,4396 1308,4370 1243,4414 1042,4366" rendition="Line" xml:id="facs_24_tr_1_tl_20">
               <zone points="1074,4498 1074,4558 1605,4558 1605,4498" type="word" xml:id="facs_24_tr_1_tl_20_w1"/>
               <zone points="1677,4484 1677,4544 1744,4544 1744,4484" type="word" xml:id="facs_24_tr_1_tl_20_w2"/>
               <zone points="1840,4481 1840,4541 1860,4541 1860,4481" type="word" xml:id="facs_24_tr_1_tl_20_w3"/>
               <zone points="1886,4481 1886,4541 2069,4541 2069,4481" type="word" xml:id="facs_24_tr_1_tl_20_w4"/>
               <zone points="2164,4476 2164,4536 2301,4536 2301,4476" type="word" xml:id="facs_24_tr_1_tl_20_w5"/>
               <zone points="2350,4479 2350,4539 2533,4539 2533,4479" type="word" xml:id="facs_24_tr_1_tl_20_w6"/>
               <zone points="2652,4470 2652,4530 2953,4530 2953,4470" type="word" xml:id="facs_24_tr_1_tl_20_w7"/>
               <zone points="3002,4463 3002,4523 3533,4523 3533,4463" type="word" xml:id="facs_24_tr_1_tl_20_w8"/>
               <zone points="3606,4461 3606,4521 3904,4521 3904,4461" type="word" xml:id="facs_24_tr_1_tl_20_w9"/>
               <zone points="3977,4445 3977,4505 4415,4505 4415,4445" type="word" xml:id="facs_24_tr_1_tl_20_w10"/>
            </zone>
            <zone points="1021,4749 1784,4793 1906,4715 2028,4780 2093,4728 2307,4780 2394,4715 2564,4719 2625,4771 2721,4771 2778,4719 2861,4767 3293,4715 3437,4754 4056,4701 4113,4749 4527,4719 4527,4527 4165,4571 3973,4527 3934,4566 3799,4540 3716,4575 3489,4505 3371,4566 3144,4536 3053,4575 2953,4523 2743,4592 2508,4523 2364,4592 2137,4588 2089,4540 2006,4588 1788,4584 1635,4536 1457,4601 1313,4536 1221,4605 1021,4588" rendition="Line" xml:id="facs_24_tr_1_tl_21">
               <zone points="1057,4685 1057,4745 1171,4745 1171,4685" type="word" xml:id="facs_24_tr_1_tl_21_w1"/>
               <zone points="1244,4678 1244,4738 1545,4738 1545,4678" type="word" xml:id="facs_24_tr_1_tl_21_w2"/>
               <zone points="1618,4673 1618,4733 2105,4733 2105,4673" type="word" xml:id="facs_24_tr_1_tl_21_w3"/>
               <zone points="2178,4668 2178,4728 2198,4728 2198,4668" type="word" xml:id="facs_24_tr_1_tl_21_w4"/>
               <zone points="2248,4668 2248,4728 2479,4728 2479,4668" type="word" xml:id="facs_24_tr_1_tl_21_w5"/>
               <zone points="2528,4662 2528,4722 2829,4722 2829,4662" type="word" xml:id="facs_24_tr_1_tl_21_w6"/>
               <zone points="2902,4655 2902,4715 3273,4715 3273,4655" type="word" xml:id="facs_24_tr_1_tl_21_w7"/>
               <zone points="3346,4656 3346,4716 3366,4716 3366,4656" type="word" xml:id="facs_24_tr_1_tl_21_w8"/>
               <zone points="3392,4655 3392,4715 3693,4715 3693,4655" type="word" xml:id="facs_24_tr_1_tl_21_w9"/>
               <zone points="3743,4648 3743,4708 4183,4708 4183,4648" type="word" xml:id="facs_24_tr_1_tl_21_w10"/>
               <zone points="4233,4642 4233,4702 4487,4702 4487,4642" type="word" xml:id="facs_24_tr_1_tl_21_w11"/>
            </zone>
            <zone points="1051,4994 1278,4924 1422,4976 1701,4976 1806,4902 1871,4959 2076,4985 2307,4902 2525,4898 2630,4946 2695,4898 2878,4959 3293,4898 3354,4937 3437,4906 3550,4946 3637,4898 3956,4950 4073,4902 4361,4893 4414,4937 4492,4919 4496,4710 4130,4754 4047,4710 3781,4754 3637,4715 3445,4771 3301,4715 3062,4776 2787,4723 2739,4762 2564,4723 2508,4758 2390,4715 2307,4780 2176,4728 2032,4776 1867,4732 1697,4797 1055,4745" rendition="Line" xml:id="facs_24_tr_1_tl_22">
               <zone points="1088,4869 1088,4929 1749,4929 1749,4869" type="word" xml:id="facs_24_tr_1_tl_22_w1"/>
               <zone points="1847,4864 1847,4924 1915,4924 1915,4864" type="word" xml:id="facs_24_tr_1_tl_22_w2"/>
               <zone points="2012,4862 2012,4922 2269,4922 2269,4862" type="word" xml:id="facs_24_tr_1_tl_22_w3"/>
               <zone points="2343,4850 2343,4910 2981,4910 2981,4850" type="word" xml:id="facs_24_tr_1_tl_22_w4"/>
               <zone points="3055,4844 3055,4904 3099,4904 3099,4844" type="word" xml:id="facs_24_tr_1_tl_22_w5"/>
               <zone points="3153,4847 3153,4907 3362,4907 3362,4847" type="word" xml:id="facs_24_tr_1_tl_22_w6"/>
               <zone points="3483,4840 3483,4900 3740,4900 3740,4840" type="word" xml:id="facs_24_tr_1_tl_22_w7"/>
               <zone points="3817,4839 3817,4899 4169,4899 4169,4839" type="word" xml:id="facs_24_tr_1_tl_22_w8"/>
               <zone points="4243,4827 4243,4887 4452,4887 4452,4827" type="word" xml:id="facs_24_tr_1_tl_22_w9"/>
            </zone>
            <zone points="1047,5133 1391,5103 1465,5142 1614,5107 1902,5146 1954,5107 2037,5155 2120,5107 2368,5159 2482,5090 2599,5090 2721,5151 2787,5103 2887,5138 3005,5081 3232,5138 3367,5103 4518,5107 4523,4919 4409,4937 4353,4889 3834,4954 3742,4911 3546,4946 3297,4902 3188,4950 3127,4919 2861,4967 2700,4902 2617,4946 2521,4893 2412,4963 2220,4906 2098,4998 1801,4906 1705,4976 1422,4976 1339,4933 1212,4994 1051,4989" rendition="Line" xml:id="facs_24_tr_1_tl_23">
               <zone points="1083,5062 1083,5122 1497,5122 1497,5062" type="word" xml:id="facs_24_tr_1_tl_23_w1"/>
               <zone points="1593,5051 1593,5111 2080,5111 2080,5051" type="word" xml:id="facs_24_tr_1_tl_23_w2"/>
               <zone points="2153,5053 2153,5113 2338,5113 2338,5053" type="word" xml:id="facs_24_tr_1_tl_23_w3"/>
               <zone points="2434,5043 2434,5103 2593,5103 2593,5043" type="word" xml:id="facs_24_tr_1_tl_23_w4"/>
               <zone points="2642,5046 2642,5106 2944,5106 2944,5046" type="word" xml:id="facs_24_tr_1_tl_23_w5"/>
               <zone points="3063,5035 3063,5095 3315,5095 3315,5035" type="word" xml:id="facs_24_tr_1_tl_23_w6"/>
               <zone points="3390,5031 3390,5091 3782,5091 3782,5031" type="word" xml:id="facs_24_tr_1_tl_23_w7"/>
               <zone points="3831,5020 3831,5080 4434,5080 4434,5020" type="word" xml:id="facs_24_tr_1_tl_23_w8"/>
            </zone>
            <zone points="1055,5347 2150,5281 2303,5343 2451,5303 2608,5334 2673,5277 2756,5334 2852,5286 2896,5325 3140,5321 3219,5268 3297,5329 3402,5268 3489,5303 3563,5273 3620,5325 3838,5277 3960,5312 4130,5255 4405,5255 4470,5299 4501,5098 3367,5107 3253,5142 2953,5081 2887,5138 2743,5155 2486,5090 2364,5164 2120,5107 2041,5155 1984,5111 1906,5151 1788,5107 1631,5146 1570,5107 1461,5146 1374,5103 1291,5155 1060,5129" rendition="Line" xml:id="facs_24_tr_1_tl_24">
               <zone points="1092,5257 1092,5317 1278,5317 1278,5257" type="word" xml:id="facs_24_tr_1_tl_24_w1"/>
               <zone points="1351,5250 1351,5310 1396,5310 1396,5250" type="word" xml:id="facs_24_tr_1_tl_24_w2"/>
               <zone points="1422,5249 1422,5309 1658,5309 1658,5249" type="word" xml:id="facs_24_tr_1_tl_24_w3"/>
               <zone points="1732,5238 1732,5298 2204,5298 2204,5238" type="word" xml:id="facs_24_tr_1_tl_24_w4"/>
               <zone points="2254,5237 2254,5297 2487,5297 2487,5237" type="word" xml:id="facs_24_tr_1_tl_24_w5"/>
               <zone points="2540,5228 2540,5288 2820,5288 2820,5228" type="word" xml:id="facs_24_tr_1_tl_24_w6"/>
               <zone points="2918,5222 2918,5282 3319,5282 3319,5222" type="word" xml:id="facs_24_tr_1_tl_24_w7"/>
               <zone points="3416,5211 3416,5271 4127,5271 4127,5211" type="word" xml:id="facs_24_tr_1_tl_24_w8"/>
               <zone points="4201,5198 4201,5258 4221,5258 4221,5198" type="word" xml:id="facs_24_tr_1_tl_24_w9"/>
               <zone points="4272,5195 4272,5255 4457,5255 4457,5195" type="word" xml:id="facs_24_tr_1_tl_24_w10"/>
            </zone>
            <zone points="1063,5537 4503,5453 4503,5327 1063,5411" rendition="Line" xml:id="facs_24_tr_1_tl_25">
               <zone points="1069,5449 1069,5509 1284,5509 1284,5449" type="word" xml:id="facs_24_tr_1_tl_25_w1"/>
               <zone points="4044,5394 4044,5454 4075,5454 4075,5394" type="word" xml:id="facs_24_tr_1_tl_25_w2"/>
               <zone points="4094,5390 4094,5450 4475,5450 4475,5390" type="word" xml:id="facs_24_tr_1_tl_25_w3"/>
            </zone>
            <zone points="1057,5716 4515,5644 4515,5518 1057,5590" rendition="Line" xml:id="facs_24_tr_1_tl_26">
               <zone points="1081,5634 1081,5694 1318,5694 1318,5634" type="word" xml:id="facs_24_tr_1_tl_26_w1"/>
               <zone points="1355,5629 1355,5689 1387,5689 1387,5629" type="word" xml:id="facs_24_tr_1_tl_26_w2"/>
               <zone points="1423,5627 1423,5687 1627,5687 1627,5627" type="word" xml:id="facs_24_tr_1_tl_26_w3"/>
               <zone points="1697,5616 1697,5676 2466,5676 2466,5616" type="word" xml:id="facs_24_tr_1_tl_26_w4"/>
               <zone points="2553,5604 2553,5664 2654,5664 2654,5604" type="word" xml:id="facs_24_tr_1_tl_26_w5"/>
               <zone points="2742,5592 2742,5652 4007,5652 4007,5592" type="word" xml:id="facs_24_tr_1_tl_26_w6"/>
            </zone>
            <zone points="1063,5913 4509,5824 4509,5698 1063,5787" rendition="Line" xml:id="facs_24_tr_1_tl_27">
               <zone points="1088,5825 1088,5885 1354,5885 1354,5825" type="word" xml:id="facs_24_tr_1_tl_27_w1"/>
               <zone points="1428,5817 1428,5877 1643,5877 1643,5817" type="word" xml:id="facs_24_tr_1_tl_27_w2"/>
               <zone points="2164,5801 2164,5861 2343,5861 2343,5801" type="word" xml:id="facs_24_tr_1_tl_27_w3"/>
               <zone points="2417,5791 2417,5851 2593,5851 2593,5791" type="word" xml:id="facs_24_tr_1_tl_27_w4"/>
               <zone points="2774,5794 2774,5854 2828,5854 2828,5794" type="word" xml:id="facs_24_tr_1_tl_27_w5"/>
               <zone points="3512,5782 3512,5842 3814,5842 3814,5782" type="word" xml:id="facs_24_tr_1_tl_27_w6"/>
               <zone points="4176,5761 4176,5821 4210,5821 4210,5761" type="word" xml:id="facs_24_tr_1_tl_27_w7"/>
               <zone points="4248,5754 4248,5814 4389,5814 4389,5754" type="word" xml:id="facs_24_tr_1_tl_27_w8"/>
            </zone>
            <zone points="1081,6098 4521,6021 4521,5895 1081,5972" rendition="Line" xml:id="facs_24_tr_1_tl_28">
               <zone points="1105,6009 1105,6069 1452,6069 1452,6009" type="word" xml:id="facs_24_tr_1_tl_28_w1"/>
               <zone points="1489,5998 1489,6058 1626,6058 1626,5998" type="word" xml:id="facs_24_tr_1_tl_28_w2"/>
               <zone points="1698,5991 1698,6051 2571,6051 2571,5991" type="word" xml:id="facs_24_tr_1_tl_28_w3"/>
               <zone points="2677,5975 2677,6035 2902,6035 2902,5975" type="word" xml:id="facs_24_tr_1_tl_28_w4"/>
               <zone points="2991,5975 2991,6035 3757,6035 3757,5975" type="word" xml:id="facs_24_tr_1_tl_28_w5"/>
               <zone points="3866,5964 3866,6024 3882,6024 3882,5964" type="word" xml:id="facs_24_tr_1_tl_28_w6"/>
               <zone points="3919,5959 3919,6019 4004,6019 4004,5959" type="word" xml:id="facs_24_tr_1_tl_28_w7"/>
               <zone points="4110,5951 4110,6011 4474,6011 4474,5951" type="word" xml:id="facs_24_tr_1_tl_28_w8"/>
            </zone>
            <zone points="1087,6307 4527,6212 4527,6086 1087,6181" rendition="Line" xml:id="facs_24_tr_1_tl_29">
               <zone points="1109,6215 1109,6275 1287,6275 1287,6215" type="word" xml:id="facs_24_tr_1_tl_29_w1"/>
               <zone points="1486,6204 1486,6264 1517,6264 1517,6204" type="word" xml:id="facs_24_tr_1_tl_29_w2"/>
               <zone points="2616,6184 2616,6244 2647,6244 2647,6184" type="word" xml:id="facs_24_tr_1_tl_29_w3"/>
               <zone points="2682,6177 2682,6237 3501,6237 3501,6177" type="word" xml:id="facs_24_tr_1_tl_29_w4"/>
               <zone points="3634,6160 3634,6220 3664,6220 3664,6160" type="word" xml:id="facs_24_tr_1_tl_29_w5"/>
               <zone points="3683,6148 3683,6208 4319,6208 4319,6148" type="word" xml:id="facs_24_tr_1_tl_29_w6"/>
               <zone points="4453,6132 4453,6192 4483,6192 4483,6132" type="word" xml:id="facs_24_tr_1_tl_29_w7"/>
            </zone>
         </zone>
         <zone points="1048,2736 1702,2736 1702,3376 1048,3376" rendition="TextRegion" xml:id="facs_24_region_1714054363421_1682">
            <zone points="1057,2806 1694,2795 1695,2845 1058,2856" rendition="Line" xml:id="facs_24_line_1714054377934_1686">
               <zone points="1069,2796 1069,2856 1636,2856 1636,2796" type="word" xml:id="facs_24_line_1714054377934_1686_w1"/>
            </zone>
            <zone points="1061,2922 1691,2917 1691,2967 1061,2972" rendition="Line" xml:id="facs_24_line_1714054400459_1692">
               <zone points="1058,2924 1058,2984 1619,2984 1619,2924" type="word" xml:id="facs_24_line_1714054400459_1692_w1"/>
            </zone>
            <zone points="1057,3056 1693,3051 1693,3101 1057,3106" rendition="Line" xml:id="facs_24_line_1714054407092_1697">
               <zone points="1062,3058 1062,3118 1663,3118 1663,3058" type="word" xml:id="facs_24_line_1714054407092_1697_w1"/>
            </zone>
            <zone points="1061,3172 1693,3163 1694,3213 1062,3222" rendition="Line" xml:id="facs_24_line_1714054413058_1702">
               <zone points="1067,3172 1067,3232 1622,3232 1622,3172" type="word" xml:id="facs_24_line_1714054413058_1702_w1"/>
            </zone>
            <zone points="1055,3295 1340,3302 1339,3352 1054,3345" rendition="Line" xml:id="facs_24_line_1714054418774_1707">
               <zone points="1058,3302 1058,3362 1281,3362 1281,3302" type="word" xml:id="facs_24_line_1714054418774_1707_w1"/>
            </zone>
         </zone>
      </surface>
      <surface lrx="5503" lry="8255" ulx="0" uly="0" xml:id="facs_25">
         <!--<graphic height="8255px" url="69063511.jpg" width="5503px"/>-->
         <graphic height="8255px" url="https://files.transkribus.eu/Get?id=CDMNRREANHBDOOTIOVPFGMYD&amp;fileType=view" width="5503px"/>
         <zone points="915,1596 4422,1596 4426,2377 919,2377" rendition="TextRegion" xml:id="facs_25_TextRegion_1719402639348_722">
            <zone points="944,1914 1298,1865 1892,1896 1979,1844 2163,1883 2224,1831 2503,1874 2805,1831 2910,1874 3159,1861 3198,1822 3464,1870 3574,1813 3836,1813 3888,1852 3984,1800 4290,1852 4373,1817 4377,1533 4338,1516 4281,1555 4181,1512 4063,1529 3949,1608 3897,1568 3648,1573 3582,1520 3408,1581 3351,1533 3220,1603 3058,1525 2813,1616 2669,1625 2626,1581 2569,1621 2438,1568 2110,1634 2001,1612 1953,1656 1638,1560 1494,1656 1166,1590 952,1625" rendition="Line" xml:id="facs_25_tr_1_tl_6">
               <zone points="987,1805 987,1865 2072,1865 2072,1805" type="word" xml:id="facs_25_tr_1_tl_6_w1"/>
               <zone points="2182,1788 2182,1848 2205,1848 2205,1788" type="word" xml:id="facs_25_tr_1_tl_6_w2"/>
               <zone points="2262,1791 2262,1851 2444,1851 2444,1791" type="word" xml:id="facs_25_tr_1_tl_6_w3"/>
               <zone points="2527,1779 2527,1839 3294,1839 3294,1779" type="word" xml:id="facs_25_tr_1_tl_6_w4"/>
               <zone points="3377,1768 3377,1828 3427,1828 3427,1768" type="word" xml:id="facs_25_tr_1_tl_6_w5"/>
               <zone points="3457,1749 3457,1809 4250,1809 4250,1749" type="word" xml:id="facs_25_tr_1_tl_6_w6"/>
               <zone points="4307,1738 4307,1798 4357,1798 4357,1738" type="word" xml:id="facs_25_tr_1_tl_6_w7"/>
            </zone>
            <zone points="926,2106 1149,2053 1634,2080 1796,2023 1953,2036 2027,2093 2219,2031 2346,2066 2560,2023 2700,2075 3172,2005 3346,2053 3517,2001 3678,2045 3740,1997 4054,2023 4281,1979 4391,2018 4395,1831 4281,1848 4142,1791 4028,1848 3770,1809 3526,1826 3460,1870 3202,1826 2901,1879 2538,1839 2302,1857 2254,1900 1988,1852 1896,1896 1581,1857 931,1914" rendition="Line" xml:id="facs_25_tr_1_tl_7">
               <zone points="964,2002 964,2062 1231,2062 1231,2002" type="word" xml:id="facs_25_tr_1_tl_7_w1"/>
               <zone points="1307,1993 1307,2053 1720,2053 1720,1993" type="word" xml:id="facs_25_tr_1_tl_7_w2"/>
               <zone points="1800,1984 1800,2044 1870,2044 1870,1984" type="word" xml:id="facs_25_tr_1_tl_7_w3"/>
               <zone points="1971,1968 1971,2028 2409,2028 2409,1968" type="word" xml:id="facs_25_tr_1_tl_7_w4"/>
               <zone points="2461,1976 2461,2036 2482,2036 2482,1976" type="word" xml:id="facs_25_tr_1_tl_7_w5"/>
               <zone points="2535,1972 2535,2032 3024,2032 3024,1972" type="word" xml:id="facs_25_tr_1_tl_7_w6"/>
               <zone points="3101,1960 3101,2020 3122,2020 3122,1960" type="word" xml:id="facs_25_tr_1_tl_7_w7"/>
               <zone points="3174,1955 3174,2015 3391,2015 3391,1955" type="word" xml:id="facs_25_tr_1_tl_7_w8"/>
               <zone points="3468,1944 3468,2004 4031,2004 4031,1944" type="word" xml:id="facs_25_tr_1_tl_7_w9"/>
               <zone points="4108,1925 4108,1985 4300,1985 4300,1925" type="word" xml:id="facs_25_tr_1_tl_7_w10"/>
            </zone>
            <zone points="931,2237 1254,2250 1319,2302 1481,2237 1817,2276 2045,2237 2128,2285 2416,2211 2455,2250 2564,2224 2626,2285 2687,2259 2853,2398 3010,2342 3076,2381 3508,2355 3569,2394 3674,2346 3862,2390 4120,2333 4351,2368 4360,1983 3849,2053 3578,2014 3346,2053 3150,2005 3097,2045 2984,2018 2927,2062 2796,2036 2704,2080 2547,2014 2495,2058 2211,2031 2053,2088 1791,2027 1590,2088 1280,2053 935,2097" rendition="Line" xml:id="facs_25_tr_1_tl_8">
               <zone points="972,2188 972,2248 1223,2248 1223,2188" type="word" xml:id="facs_25_tr_1_tl_8_w1"/>
               <zone points="1303,2182 1303,2242 1427,2242 1427,2182" type="word" xml:id="facs_25_tr_1_tl_8_w2"/>
               <zone points="1507,2176 1507,2236 1988,2236 1988,2176" type="word" xml:id="facs_25_tr_1_tl_8_w3"/>
               <zone points="2068,2169 2068,2229 2498,2229 2498,2169" type="word" xml:id="facs_25_tr_1_tl_8_w4"/>
               <zone points="2604,2164 2604,2224 2706,2224 2706,2164" type="word" xml:id="facs_25_tr_1_tl_8_w5"/>
               <zone points="2785,2151 2785,2211 3318,2211 3318,2151" type="word" xml:id="facs_25_tr_1_tl_8_w6"/>
               <zone points="3397,2143 3397,2203 3598,2203 3598,2143" type="word" xml:id="facs_25_tr_1_tl_8_w7"/>
               <zone points="3678,2127 3678,2187 4338,2187 4338,2127" type="word" xml:id="facs_25_tr_1_tl_8_w8"/>
            </zone>
            <zone points="973,2331 1343,2319 1343,2377 973,2377" rendition="Line" xml:id="facs_25_line_1719402639383_725">
               <zone points="980,2308 980,2368 1305,2368 1305,2308" type="word" xml:id="facs_25_line_1719402639383_725_w1"/>
            </zone>
         </zone>
         <zone points="919,2377 4426,2377 4448,5755 941,5755" rendition="TextRegion" xml:id="facs_25_TextRegion_1719402647940_730">
            <zone points="1128,2629 4408,2569 4408,2439 1128,2499" rendition="Line" xml:id="facs_25_tr_1_tl_10">
               <zone points="1152,2546 1152,2606 1343,2606 1343,2546" type="word" xml:id="facs_25_tr_1_tl_10_w1"/>
               <zone points="1415,2546 1415,2606 1657,2606 1657,2546" type="word" xml:id="facs_25_tr_1_tl_10_w2"/>
               <zone points="1802,2535 1802,2595 2693,2595 2693,2535" type="word" xml:id="facs_25_tr_1_tl_10_w3"/>
               <zone points="2785,2528 2785,2588 2818,2588 2818,2528" type="word" xml:id="facs_25_tr_1_tl_10_w4"/>
               <zone points="2837,2526 2837,2586 3272,2586 3272,2526" type="word" xml:id="facs_25_tr_1_tl_10_w5"/>
               <zone points="3364,2516 3364,2576 3554,2576 3554,2516" type="word" xml:id="facs_25_tr_1_tl_10_w6"/>
               <zone points="3626,2511 3626,2571 3782,2571 3782,2511" type="word" xml:id="facs_25_tr_1_tl_10_w7"/>
               <zone points="3961,2490 3961,2550 4343,2550 4343,2490" type="word" xml:id="facs_25_tr_1_tl_10_w8"/>
            </zone>
            <zone points="979,2821 4420,2755 4420,2623 979,2689" rendition="Line" xml:id="facs_25_tr_1_tl_11">
               <zone points="1003,2732 1003,2792 1361,2792 1361,2732" type="word" xml:id="facs_25_tr_1_tl_11_w1"/>
               <zone points="1466,2727 1466,2787 1672,2787 1672,2727" type="word" xml:id="facs_25_tr_1_tl_11_w2"/>
               <zone points="1794,2719 1794,2779 2635,2779 2635,2719" type="word" xml:id="facs_25_tr_1_tl_11_w3"/>
               <zone points="2759,2712 2759,2772 2791,2772 2791,2712" type="word" xml:id="facs_25_tr_1_tl_11_w4"/>
               <zone points="2845,2707 2845,2767 3342,2767 3342,2707" type="word" xml:id="facs_25_tr_1_tl_11_w5"/>
               <zone points="3413,2700 3413,2760 3962,2760 3962,2700" type="word" xml:id="facs_25_tr_1_tl_11_w6"/>
               <zone points="4016,2678 4016,2738 4408,2738 4408,2678" type="word" xml:id="facs_25_tr_1_tl_11_w7"/>
            </zone>
            <zone points="991,3018 4408,2941 4408,2809 991,2886" rendition="Line" xml:id="facs_25_tr_1_tl_12">
               <zone points="1015,2925 1015,2985 1376,2985 1376,2925" type="word" xml:id="facs_25_tr_1_tl_12_w1"/>
               <zone points="2794,2898 2794,2958 2809,2958 2809,2898" type="word" xml:id="facs_25_tr_1_tl_12_w2"/>
            </zone>
            <zone points="979,3196 4408,3119 4408,2990 979,3067" rendition="Line" xml:id="facs_25_tr_1_tl_13">
               <zone points="1003,3106 1003,3166 1369,3166 1369,3106" type="word" xml:id="facs_25_tr_1_tl_13_w1"/>
               <zone points="1441,3088 1441,3148 2244,3148 2244,3088" type="word" xml:id="facs_25_tr_1_tl_13_w2"/>
               <zone points="2333,3086 2333,3146 2558,3146 2558,3086" type="word" xml:id="facs_25_tr_1_tl_13_w3"/>
               <zone points="2613,3078 2613,3138 3311,3138 3311,3078" type="word" xml:id="facs_25_tr_1_tl_13_w4"/>
               <zone points="3733,3068 3733,3128 3853,3128 3853,3068" type="word" xml:id="facs_25_tr_1_tl_13_w5"/>
               <zone points="3908,3054 3908,3114 4361,3114 4361,3054" type="word" xml:id="facs_25_tr_1_tl_13_w6"/>
            </zone>
            <zone points="991,3382 4402,3316 4402,3187 991,3253" rendition="Line" xml:id="facs_25_tr_1_tl_14">
               <zone points="1013,3293 1013,3353 1523,3353 1523,3293" type="word" xml:id="facs_25_tr_1_tl_14_w1"/>
               <zone points="2487,3274 2487,3334 2581,3334 2581,3274" type="word" xml:id="facs_25_tr_1_tl_14_w2"/>
               <zone points="4329,3236 4329,3296 4375,3296 4375,3236" type="word" xml:id="facs_25_tr_1_tl_14_w3"/>
            </zone>
            <zone points="985,3562 4396,3502 4396,3370 985,3430" rendition="Line" xml:id="facs_25_tr_1_tl_15">
               <zone points="1009,3478 1009,3538 1197,3538 1197,3478" type="word" xml:id="facs_25_tr_1_tl_15_w1"/>
               <zone points="1302,3474 1302,3534 1475,3534 1475,3474" type="word" xml:id="facs_25_tr_1_tl_15_w2"/>
               <zone points="1580,3467 1580,3527 1647,3527 1647,3467" type="word" xml:id="facs_25_tr_1_tl_15_w3"/>
               <zone points="1736,3462 1736,3522 2046,3522 2046,3462" type="word" xml:id="facs_25_tr_1_tl_15_w4"/>
               <zone points="2135,3460 2135,3520 2497,3520 2497,3460" type="word" xml:id="facs_25_tr_1_tl_15_w5"/>
               <zone points="2723,3457 2723,3517 2773,3517 2773,3457" type="word" xml:id="facs_25_tr_1_tl_15_w6"/>
               <zone points="2810,3452 2810,3512 3396,3512 3396,3452" type="word" xml:id="facs_25_tr_1_tl_15_w7"/>
               <zone points="3470,3444 3470,3504 3726,3504 3726,3444" type="word" xml:id="facs_25_tr_1_tl_15_w8"/>
               <zone points="3832,3431 3832,3491 4384,3491 4384,3431" type="word" xml:id="facs_25_tr_1_tl_15_w9"/>
            </zone>
            <zone points="985,3752 4420,3680 4420,3550 985,3622" rendition="Line" xml:id="facs_25_tr_1_tl_16">
               <zone points="992,3659 992,3719 1396,3719 1396,3659" type="word" xml:id="facs_25_tr_1_tl_16_w1"/>
               <zone points="1471,3653 1471,3713 1839,3713 1839,3653" type="word" xml:id="facs_25_tr_1_tl_16_w2"/>
               <zone points="1912,3648 1912,3708 2000,3708 2000,3648" type="word" xml:id="facs_25_tr_1_tl_16_w3"/>
               <zone points="2073,3645 2073,3705 2388,3705 2388,3645" type="word" xml:id="facs_25_tr_1_tl_16_w4"/>
               <zone points="2480,3645 2480,3705 3168,3705 3168,3645" type="word" xml:id="facs_25_tr_1_tl_16_w5"/>
               <zone points="3259,3640 3259,3700 3292,3700 3292,3640" type="word" xml:id="facs_25_tr_1_tl_16_w6"/>
               <zone points="3329,3637 3329,3697 3876,3697 3876,3637" type="word" xml:id="facs_25_tr_1_tl_16_w7"/>
               <zone points="3914,3628 3914,3688 4108,3688 4108,3628" type="word" xml:id="facs_25_tr_1_tl_16_w8"/>
               <zone points="4163,3612 4163,3672 4390,3672 4390,3612" type="word" xml:id="facs_25_tr_1_tl_16_w9"/>
            </zone>
            <zone points="991,3931 4426,3871 4426,3741 991,3801" rendition="Line" xml:id="facs_25_tr_1_tl_17">
               <zone points="998,3848 998,3908 1203,3908 1203,3848" type="word" xml:id="facs_25_tr_1_tl_17_w1"/>
               <zone points="1257,3838 1257,3898 2067,3898 2067,3838" type="word" xml:id="facs_25_tr_1_tl_17_w2"/>
               <zone points="2172,3832 2172,3892 2429,3892 2429,3832" type="word" xml:id="facs_25_tr_1_tl_17_w3"/>
               <zone points="2449,3834 2449,3894 2671,3894 2671,3834" type="word" xml:id="facs_25_tr_1_tl_17_w4"/>
               <zone points="2743,3824 2743,3884 3362,3884 3362,3824" type="word" xml:id="facs_25_tr_1_tl_17_w5"/>
               <zone points="3451,3822 3451,3882 3466,3882 3466,3822" type="word" xml:id="facs_25_tr_1_tl_17_w6"/>
               <zone points="3503,3819 3503,3879 3691,3879 3691,3819" type="word" xml:id="facs_25_tr_1_tl_17_w7"/>
               <zone points="3779,3817 3779,3877 4088,3877 4088,3817" type="word" xml:id="facs_25_tr_1_tl_17_w8"/>
               <zone points="4159,3804 4159,3864 4382,3864 4382,3804" type="word" xml:id="facs_25_tr_1_tl_17_w9"/>
            </zone>
            <zone points="1009,4117 4420,4063 4420,3931 1009,3985" rendition="Line" xml:id="facs_25_tr_1_tl_18">
               <zone points="1016,4033 1016,4093 1257,4093 1257,4033" type="word" xml:id="facs_25_tr_1_tl_18_w1"/>
               <zone points="1329,4021 1329,4081 2146,4081 2146,4021" type="word" xml:id="facs_25_tr_1_tl_18_w2"/>
               <zone points="2235,4018 2235,4078 2685,4078 2685,4018" type="word" xml:id="facs_25_tr_1_tl_18_w3"/>
               <zone points="2774,4015 2774,4075 3067,4075 3067,4015" type="word" xml:id="facs_25_tr_1_tl_18_w4"/>
               <zone points="3139,4014 3139,4074 3660,4074 3660,4014" type="word" xml:id="facs_25_tr_1_tl_18_w5"/>
               <zone points="3784,4005 3784,4065 3817,4065 3817,4005" type="word" xml:id="facs_25_tr_1_tl_18_w6"/>
               <zone points="3854,3999 3854,4059 4147,4059 4147,3999" type="word" xml:id="facs_25_tr_1_tl_18_w7"/>
               <zone points="4219,3984 4219,4044 4373,4044 4373,3984" type="word" xml:id="facs_25_tr_1_tl_18_w8"/>
            </zone>
            <zone points="973,4301 4426,4254 4426,4124 973,4171" rendition="Line" xml:id="facs_25_tr_1_tl_19">
               <zone points="997,4217 997,4277 1465,4277 1465,4217" type="word" xml:id="facs_25_tr_1_tl_19_w1"/>
               <zone points="1554,4206 1554,4266 1674,4266 1674,4206" type="word" xml:id="facs_25_tr_1_tl_19_w2"/>
               <zone points="1746,4202 1746,4262 2077,4262 2077,4202" type="word" xml:id="facs_25_tr_1_tl_19_w3"/>
               <zone points="2166,4200 2166,4260 2723,4260 2723,4200" type="word" xml:id="facs_25_tr_1_tl_19_w4"/>
               <zone points="2812,4200 2812,4260 3245,4260 3245,4200" type="word" xml:id="facs_25_tr_1_tl_19_w5"/>
               <zone points="3334,4200 3334,4260 3419,4260 3419,4200" type="word" xml:id="facs_25_tr_1_tl_19_w6"/>
               <zone points="3491,4196 3491,4256 3822,4256 3822,4196" type="word" xml:id="facs_25_tr_1_tl_19_w7"/>
               <zone points="3894,4194 3894,4254 3909,4254 3909,4194" type="word" xml:id="facs_25_tr_1_tl_19_w8"/>
               <zone points="3928,4189 3928,4249 4170,4249 4170,4189" type="word" xml:id="facs_25_tr_1_tl_19_w9"/>
               <zone points="4242,4182 4242,4242 4274,4242 4274,4182" type="word" xml:id="facs_25_tr_1_tl_19_w10"/>
            </zone>
            <zone points="985,4481 4414,4457 4414,4328 4242,4322 985,4352" rendition="Line" xml:id="facs_25_tr_1_tl_20">
               <zone points="1009,4399 1009,4459 1162,4459 1162,4399" type="word" xml:id="facs_25_tr_1_tl_20_w1"/>
               <zone points="1251,4398 1251,4458 1716,4458 1716,4398" type="word" xml:id="facs_25_tr_1_tl_20_w2"/>
               <zone points="1822,4380 1822,4440 2374,4440 2374,4380" type="word" xml:id="facs_25_tr_1_tl_20_w3"/>
               <zone points="2446,4375 2446,4435 3017,4435 3017,4375" type="word" xml:id="facs_25_tr_1_tl_20_w4"/>
               <zone points="3088,4383 3088,4443 3172,4443 3172,4383" type="word" xml:id="facs_25_tr_1_tl_20_w5"/>
               <zone points="3261,4381 3261,4441 3761,4441 3761,4381" type="word" xml:id="facs_25_tr_1_tl_20_w6"/>
               <zone points="3867,4380 3867,4440 3899,4440 3899,4380" type="word" xml:id="facs_25_tr_1_tl_20_w7"/>
               <zone points="3938,4380 3938,4440 3988,4440 3988,4380" type="word" xml:id="facs_25_tr_1_tl_20_w8"/>
               <zone points="4128,4368 4128,4428 4402,4428 4402,4368" type="word" xml:id="facs_25_tr_1_tl_20_w9"/>
            </zone>
            <zone points="985,4678 4414,4636 4414,4507 985,4549" rendition="Line" xml:id="facs_25_tr_1_tl_21">
               <zone points="991,4589 991,4649 1291,4649 1291,4589" type="word" xml:id="facs_25_tr_1_tl_21_w1"/>
               <zone points="1361,4583 1361,4643 1795,4643 1795,4583" type="word" xml:id="facs_25_tr_1_tl_21_w2"/>
               <zone points="1883,4576 1883,4636 2519,4636 2519,4576" type="word" xml:id="facs_25_tr_1_tl_21_w3"/>
               <zone points="2621,4573 2621,4633 3075,4633 3075,4573" type="word" xml:id="facs_25_tr_1_tl_21_w4"/>
               <zone points="3127,4568 3127,4628 3326,4628 3326,4568" type="word" xml:id="facs_25_tr_1_tl_21_w5"/>
               <zone points="3396,4560 3396,4620 3983,4620 3983,4560" type="word" xml:id="facs_25_tr_1_tl_21_w6"/>
               <zone points="4086,4559 4086,4619 4285,4619 4285,4559" type="word" xml:id="facs_25_tr_1_tl_21_w7"/>
               <zone points="4354,4554 4354,4614 4386,4614 4386,4554" type="word" xml:id="facs_25_tr_1_tl_21_w8"/>
            </zone>
            <zone points="976,4863 4444,4815 4444,4686 976,4734" rendition="Line" xml:id="facs_25_tr_1_tl_22">
               <zone points="982,4774 982,4834 1300,4834 1300,4774" type="word" xml:id="facs_25_tr_1_tl_22_w1"/>
               <zone points="1369,4768 1369,4828 1384,4828 1384,4768" type="word" xml:id="facs_25_tr_1_tl_22_w2"/>
               <zone points="1420,4767 1420,4827 1636,4827 1636,4767" type="word" xml:id="facs_25_tr_1_tl_22_w3"/>
               <zone points="1706,4764 1706,4824 2496,4824 2496,4764" type="word" xml:id="facs_25_tr_1_tl_22_w4"/>
               <zone points="2565,4756 2565,4816 3001,4816 3001,4756" type="word" xml:id="facs_25_tr_1_tl_22_w5"/>
               <zone points="3087,4756 3087,4816 3289,4816 3289,4756" type="word" xml:id="facs_25_tr_1_tl_22_w6"/>
               <zone points="3442,4755 3442,4815 3726,4815 3726,4755" type="word" xml:id="facs_25_tr_1_tl_22_w7"/>
               <zone points="3829,4743 3829,4803 4416,4803 4416,4743" type="word" xml:id="facs_25_tr_1_tl_22_w8"/>
            </zone>
            <zone points="991,5033 4438,5012 4438,4883 991,4904" rendition="Line" xml:id="facs_25_tr_1_tl_23">
               <zone points="1015,4947 1015,5007 1430,5007 1430,4947" type="word" xml:id="facs_25_tr_1_tl_23_w1"/>
               <zone points="1519,4949 1519,5009 1970,5009 1970,4949" type="word" xml:id="facs_25_tr_1_tl_23_w2"/>
               <zone points="2025,4947 2025,5007 2876,5007 2876,4947" type="word" xml:id="facs_25_tr_1_tl_23_w3"/>
               <zone points="2947,4944 2947,5004 3468,5004 3468,4944" type="word" xml:id="facs_25_tr_1_tl_23_w4"/>
               <zone points="3557,4946 3557,5006 3590,5006 3590,4946" type="word" xml:id="facs_25_tr_1_tl_23_w5"/>
               <zone points="3627,4947 3627,5007 3712,5007 3712,4947" type="word" xml:id="facs_25_tr_1_tl_23_w6"/>
               <zone points="3820,4945 3820,5005 4096,5005 4096,4945" type="word" xml:id="facs_25_tr_1_tl_23_w7"/>
               <zone points="4167,4933 4167,4993 4426,4993 4426,4933" type="word" xml:id="facs_25_tr_1_tl_23_w8"/>
            </zone>
            <zone points="985,5227 4426,5197 4426,5067 985,5097" rendition="Line" xml:id="facs_25_tr_1_tl_24">
               <zone points="1009,5142 1009,5202 1128,5202 1128,5142" type="word" xml:id="facs_25_tr_1_tl_24_w1"/>
               <zone points="1216,5138 1216,5198 1577,5198 1577,5138" type="word" xml:id="facs_25_tr_1_tl_24_w2"/>
               <zone points="1683,5128 1683,5188 1888,5188 1888,5128" type="word" xml:id="facs_25_tr_1_tl_24_w3"/>
               <zone points="1994,5126 1994,5186 2702,5186 2702,5126" type="word" xml:id="facs_25_tr_1_tl_24_w4"/>
               <zone points="2773,5132 2773,5192 3082,5192 3082,5132" type="word" xml:id="facs_25_tr_1_tl_24_w5"/>
               <zone points="3188,5129 3188,5189 3585,5189 3585,5129" type="word" xml:id="facs_25_tr_1_tl_24_w6"/>
               <zone points="3691,5128 3691,5188 3723,5188 3723,5128" type="word" xml:id="facs_25_tr_1_tl_24_w7"/>
               <zone points="3742,5130 3742,5190 3965,5190 3965,5130" type="word" xml:id="facs_25_tr_1_tl_24_w8"/>
               <zone points="4036,5128 4036,5188 4328,5188 4328,5128" type="word" xml:id="facs_25_tr_1_tl_24_w9"/>
            </zone>
            <zone points="991,5406 4432,5389 4432,5259 991,5276" rendition="Line" xml:id="facs_25_tr_1_tl_25">
               <zone points="1014,5323 1014,5383 1497,5383 1497,5323" type="word" xml:id="facs_25_tr_1_tl_25_w1"/>
               <zone points="1549,5317 1549,5377 1763,5377 1763,5317" type="word" xml:id="facs_25_tr_1_tl_25_w2"/>
               <zone points="1848,5317 1848,5377 2700,5377 2700,5317" type="word" xml:id="facs_25_tr_1_tl_25_w3"/>
               <zone points="2802,5317 2802,5377 3201,5377 3201,5317" type="word" xml:id="facs_25_tr_1_tl_25_w4"/>
               <zone points="3320,5312 3320,5372 3334,5372 3334,5312" type="word" xml:id="facs_25_tr_1_tl_25_w5"/>
               <zone points="3420,5317 3420,5377 3636,5377 3636,5317" type="word" xml:id="facs_25_tr_1_tl_25_w6"/>
               <zone points="3721,5323 3721,5383 3955,5383 3955,5323" type="word" xml:id="facs_25_tr_1_tl_25_w7"/>
               <zone points="4023,5319 4023,5379 4337,5379 4337,5319" type="word" xml:id="facs_25_tr_1_tl_25_w8"/>
            </zone>
            <zone points="985,5599 4432,5587 4432,5455 985,5467" rendition="Line" xml:id="facs_25_tr_1_tl_26">
               <zone points="1007,5515 1007,5575 1199,5575 1199,5515" type="word" xml:id="facs_25_tr_1_tl_26_w1"/>
               <zone points="1281,5500 1281,5560 3305,5560 3305,5500" type="word" xml:id="facs_25_tr_1_tl_26_w2"/>
            </zone>
            <zone points="1009,5658 1971,5640 1971,5755 1009,5755" rendition="Line" xml:id="facs_25_line_1719402647971_733">
               <zone points="1014,5688 1014,5748 1931,5748 1931,5688" type="word" xml:id="facs_25_line_1719402647971_733_w1"/>
            </zone>
         </zone>
         <zone points="941,5755 4448,5755 4456,6946 949,6946" rendition="TextRegion" xml:id="facs_25_TextRegion_1719402647940_729">
            <zone points="1152,5963 4426,5951 4426,5819 1152,5831" rendition="Line" xml:id="facs_25_tr_1_tl_28">
               <zone points="1195,5879 1195,5939 1299,5939 1299,5879" type="word" xml:id="facs_25_tr_1_tl_28_w1"/>
               <zone points="1854,5878 1854,5938 2617,5938 2617,5878" type="word" xml:id="facs_25_tr_1_tl_28_w2"/>
               <zone points="2743,5879 2743,5939 2776,5939 2776,5879" type="word" xml:id="facs_25_tr_1_tl_28_w3"/>
               <zone points="2814,5881 2814,5941 3042,5941 3042,5881" type="word" xml:id="facs_25_tr_1_tl_28_w4"/>
               <zone points="3136,5887 3136,5947 3311,5947 3311,5887" type="word" xml:id="facs_25_tr_1_tl_28_w5"/>
            </zone>
            <zone points="979,6136 4450,6160 4450,6028 979,6004" rendition="Line" xml:id="facs_25_tr_1_tl_29">
               <zone points="1002,6058 1002,6118 1387,6118 1387,6058" type="word" xml:id="facs_25_tr_1_tl_29_w1"/>
               <zone points="1440,6064 1440,6124 1926,6124 1926,6064" type="word" xml:id="facs_25_tr_1_tl_29_w2"/>
               <zone points="2029,6058 2029,6118 2433,6118 2433,6058" type="word" xml:id="facs_25_tr_1_tl_29_w3"/>
               <zone points="2503,6064 2503,6124 3005,6124 3005,6064" type="word" xml:id="facs_25_tr_1_tl_29_w4"/>
               <zone points="3075,6070 3075,6130 3630,6130 3630,6070" type="word" xml:id="facs_25_tr_1_tl_29_w5"/>
               <zone points="3868,6082 3868,6142 3900,6142 3900,6082" type="word" xml:id="facs_25_tr_1_tl_29_w6"/>
            </zone>
            <zone points="953,6338 4450,6350 4450,6221 953,6209" rendition="Line" xml:id="facs_25_tr_1_tl_30"/>
            <zone points="973,6517 4456,6523 4456,6394 973,6388" rendition="Line" xml:id="facs_25_tr_1_tl_31">
               <zone points="1013,6438 1013,6498 1197,6498 1197,6438" type="word" xml:id="facs_25_tr_1_tl_31_w1"/>
               <zone points="1267,6439 1267,6499 1772,6499 1772,6439" type="word" xml:id="facs_25_tr_1_tl_31_w2"/>
               <zone points="1842,6440 1842,6500 1941,6500 1941,6440" type="word" xml:id="facs_25_tr_1_tl_31_w3"/>
               <zone points="2028,6436 2028,6496 2330,6496 2330,6436" type="word" xml:id="facs_25_tr_1_tl_31_w4"/>
               <zone points="2417,6441 2417,6501 2449,6501 2449,6441" type="word" xml:id="facs_25_tr_1_tl_31_w5"/>
               <zone points="2485,6441 2485,6501 2736,6501 2736,6441" type="word" xml:id="facs_25_tr_1_tl_31_w6"/>
               <zone points="2789,6440 2789,6500 2973,6500 2973,6440" type="word" xml:id="facs_25_tr_1_tl_31_w7"/>
               <zone points="3060,6440 3060,6500 3193,6500 3193,6440" type="word" xml:id="facs_25_tr_1_tl_31_w8"/>
               <zone points="3263,6450 3263,6510 3497,6510 3497,6450" type="word" xml:id="facs_25_tr_1_tl_31_w9"/>
               <zone points="3567,6449 3567,6509 4089,6509 4089,6449" type="word" xml:id="facs_25_tr_1_tl_31_w10"/>
               <zone points="4125,6452 4125,6512 4343,6512 4343,6452" type="word" xml:id="facs_25_tr_1_tl_31_w11"/>
            </zone>
            <zone points="1027,6716 4444,6722 4444,6590 1027,6584" rendition="Line" xml:id="facs_25_tr_1_tl_32">
               <zone points="1033,6623 1033,6683 1999,6683 1999,6623" type="word" xml:id="facs_25_tr_1_tl_32_w1"/>
               <zone points="2100,6632 2100,6692 2514,6692 2514,6632" type="word" xml:id="facs_25_tr_1_tl_32_w2"/>
               <zone points="2650,6638 2650,6698 2664,6698 2664,6638" type="word" xml:id="facs_25_tr_1_tl_32_w3"/>
               <zone points="2735,6633 2735,6693 2999,6693 2999,6633" type="word" xml:id="facs_25_tr_1_tl_32_w4"/>
               <zone points="3051,6639 3051,6699 3182,6699 3182,6639" type="word" xml:id="facs_25_tr_1_tl_32_w5"/>
               <zone points="3985,6646 3985,6706 4383,6706 4383,6646" type="word" xml:id="facs_25_tr_1_tl_32_w6"/>
            </zone>
         </zone>
      </surface>
      <surface lrx="5503" lry="8255" ulx="0" uly="0" xml:id="facs_26">
         <!--<graphic height="8255px" url="69062598.jpg" width="5503px"/>-->
         <graphic height="8255px" url="https://files.transkribus.eu/Get?id=JEJTDMSMCBSGBGLGMVMDKTYW&amp;fileType=view" width="5503px"/>
         <zone points="1069,1250 4629,1250 4629,2305 1069,2305" rendition="TextRegion" xml:id="facs_26_TextRegion_1719402710028_786">
            <zone points="1045,1389 1572,1354 1707,1402 1803,1367 1847,1407 2077,1350 2160,1407 3001,1367 3040,1407 3240,1372 3327,1407 3924,1389 3994,1424 4098,1385 4494,1442 4490,1132 4446,1111 4181,1211 4050,1119 3911,1180 3784,1137 3728,1180 3366,1150 3310,1202 3053,1080 2953,1106 2879,1071 2722,1163 2635,1119 2469,1163 2426,1128 2269,1211 2077,1084 1999,1163 1864,1115 1502,1198 1328,1093 1246,1132 1045,1097" rendition="Line" xml:id="facs_26_tr_1_tl_1">
               <zone points="1084,1300 1084,1360 1620,1360 1620,1300" type="word" xml:id="facs_26_tr_1_tl_1_w1"/>
               <zone points="1696,1301 1696,1361 1742,1361 1742,1301" type="word" xml:id="facs_26_tr_1_tl_1_w2"/>
               <zone points="1794,1308 1794,1368 2432,1368 2432,1308" type="word" xml:id="facs_26_tr_1_tl_1_w3"/>
               <zone points="2509,1307 2509,1367 2702,1367 2702,1307" type="word" xml:id="facs_26_tr_1_tl_1_w4"/>
               <zone points="2781,1309 2781,1369 3244,1369 3244,1309" type="word" xml:id="facs_26_tr_1_tl_1_w5"/>
               <zone points="3321,1309 3321,1369 3342,1369 3342,1309" type="word" xml:id="facs_26_tr_1_tl_1_w6"/>
               <zone points="3394,1315 3394,1375 3612,1375 3612,1315" type="word" xml:id="facs_26_tr_1_tl_1_w7"/>
               <zone points="3691,1315 3691,1375 4154,1375 4154,1315" type="word" xml:id="facs_26_tr_1_tl_1_w8"/>
               <zone points="4255,1327 4255,1387 4424,1387 4424,1327" type="word" xml:id="facs_26_tr_1_tl_1_w9"/>
            </zone>
            <zone points="1050,1577 1189,1590 1276,1546 1407,1598 1555,1572 1629,1611 1746,1563 2199,1603 2304,1559 2421,1603 2526,1572 2861,1603 2944,1559 3035,1598 3144,1537 3218,1585 3471,1555 3767,1611 3915,1607 3967,1563 4190,1568 4259,1611 4520,1585 4520,1420 4242,1433 4163,1385 3994,1424 3249,1372 2979,1411 2913,1367 2774,1411 2591,1363 2265,1415 2086,1354 1873,1407 1581,1359 1050,1394" rendition="Line" xml:id="facs_26_tr_1_tl_2">
               <zone points="1086,1502 1086,1562 1337,1562 1337,1502" type="word" xml:id="facs_26_tr_1_tl_2_w1"/>
               <zone points="1386,1495 1386,1555 1821,1555 1821,1495" type="word" xml:id="facs_26_tr_1_tl_2_w2"/>
               <zone points="1893,1495 1893,1555 2213,1555 2213,1495" type="word" xml:id="facs_26_tr_1_tl_2_w3"/>
               <zone points="2332,1500 2332,1560 3001,1560 3001,1500" type="word" xml:id="facs_26_tr_1_tl_2_w4"/>
               <zone points="3096,1496 3096,1556 3116,1556 3116,1496" type="word" xml:id="facs_26_tr_1_tl_2_w5"/>
               <zone points="3165,1501 3165,1561 3693,1561 3693,1501" type="word" xml:id="facs_26_tr_1_tl_2_w6"/>
               <zone points="3788,1509 3788,1569 3993,1569 3993,1509" type="word" xml:id="facs_26_tr_1_tl_2_w7"/>
               <zone points="4088,1516 4088,1576 4247,1576 4247,1516" type="word" xml:id="facs_26_tr_1_tl_2_w8"/>
               <zone points="4319,1519 4319,1579 4431,1579 4431,1519" type="word" xml:id="facs_26_tr_1_tl_2_w9"/>
            </zone>
            <zone points="1045,1816 1163,1768 1507,1786 1572,1742 1772,1755 1816,1799 2086,1746 2204,1790 2321,1738 2434,1786 2643,1738 2787,1777 2892,1738 3057,1794 3092,1759 3676,1803 3767,1764 3841,1803 3963,1764 4081,1799 4172,1755 4503,1786 4503,1581 4425,1572 4264,1611 4207,1572 3771,1611 3340,1559 3266,1594 3149,1537 3035,1598 2940,1563 2809,1607 2774,1572 2430,1607 2308,1563 2029,1611 1751,1563 1637,1607 1363,1559 1045,1581" rendition="Line" xml:id="facs_26_tr_1_tl_3">
               <zone points="1081,1691 1081,1751 1308,1751 1308,1691" type="word" xml:id="facs_26_tr_1_tl_3_w1"/>
               <zone points="1381,1686 1381,1746 1539,1746 1539,1686" type="word" xml:id="facs_26_tr_1_tl_3_w2"/>
               <zone points="1660,1695 1660,1755 2050,1755 2050,1695" type="word" xml:id="facs_26_tr_1_tl_3_w3"/>
               <zone points="2145,1691 2145,1751 2352,1751 2352,1691" type="word" xml:id="facs_26_tr_1_tl_3_w4"/>
               <zone points="2425,1692 2425,1752 2722,1752 2722,1692" type="word" xml:id="facs_26_tr_1_tl_3_w5"/>
               <zone points="2843,1689 2843,1749 3350,1749 3350,1689" type="word" xml:id="facs_26_tr_1_tl_3_w6"/>
               <zone points="3445,1693 3445,1753 3604,1753 3604,1693" type="word" xml:id="facs_26_tr_1_tl_3_w7"/>
               <zone points="3699,1692 3699,1752 3999,1752 3999,1692" type="word" xml:id="facs_26_tr_1_tl_3_w8"/>
               <zone points="4094,1702 4094,1762 4368,1762 4368,1702" type="word" xml:id="facs_26_tr_1_tl_3_w9"/>
               <zone points="4440,1694 4440,1754 4461,1754 4461,1694" type="word" xml:id="facs_26_tr_1_tl_3_w10"/>
            </zone>
            <zone points="1045,1942 1524,1938 1629,1990 1729,1938 1921,1977 2069,1942 2191,1977 2256,1934 2796,1977 2887,1938 2953,1973 3305,1938 3393,1973 3467,1929 3732,1977 3889,1942 4512,1968 4512,1781 4338,1812 4176,1755 3845,1803 3767,1759 3693,1803 3467,1794 3427,1755 3057,1794 2892,1738 2774,1781 2635,1742 2421,1794 2321,1738 2086,1816 2034,1772 1807,1794 1772,1759 1045,1816" rendition="Line" xml:id="facs_26_tr_1_tl_4">
               <zone points="1080,1883 1080,1943 1303,1943 1303,1883" type="word" xml:id="facs_26_tr_1_tl_4_w1"/>
               <zone points="1396,1878 1396,1938 1528,1938 1528,1878" type="word" xml:id="facs_26_tr_1_tl_4_w2"/>
               <zone points="1621,1883 1621,1943 1960,1943 1960,1883" type="word" xml:id="facs_26_tr_1_tl_4_w3"/>
               <zone points="2008,1880 2008,1940 2186,1940 2186,1880" type="word" xml:id="facs_26_tr_1_tl_4_w4"/>
               <zone points="2279,1881 2279,1941 2434,1941 2434,1881" type="word" xml:id="facs_26_tr_1_tl_4_w5"/>
               <zone points="2504,1884 2504,1944 2978,1944 2978,1884" type="word" xml:id="facs_26_tr_1_tl_4_w6"/>
               <zone points="3071,1878 3071,1938 3159,1938 3159,1878" type="word" xml:id="facs_26_tr_1_tl_4_w7"/>
               <zone points="3229,1883 3229,1943 3633,1943 3633,1883" type="word" xml:id="facs_26_tr_1_tl_4_w8"/>
               <zone points="3729,1883 3729,1943 3771,1943 3771,1883" type="word" xml:id="facs_26_tr_1_tl_4_w9"/>
               <zone points="3819,1883 3819,1943 3997,1943 3997,1883" type="word" xml:id="facs_26_tr_1_tl_4_w10"/>
               <zone points="4090,1883 4090,1943 4200,1943 4200,1883" type="word" xml:id="facs_26_tr_1_tl_4_w11"/>
               <zone points="4316,1883 4316,1943 4471,1943 4471,1883" type="word" xml:id="facs_26_tr_1_tl_4_w12"/>
            </zone>
            <zone points="1058,2151 1372,2186 1472,2143 1616,2199 1899,2143 1999,2182 2265,2134 2347,2178 2491,2130 2583,2173 2748,2130 2839,2178 3188,2130 3258,2178 3362,2125 3423,2160 3610,2138 3654,2178 3728,2130 3980,2164 4063,2125 4124,2164 4520,2169 4520,1964 3732,1977 3623,1934 3393,1973 3018,1942 2953,1977 2892,1942 2796,1982 2482,1938 2164,1986 1725,1942 1629,1999 1533,1938 1324,1973 1058,1947" rendition="Line" xml:id="facs_26_tr_1_tl_5">
               <zone points="1093,2076 1093,2136 1681,2136 1681,2076" type="word" xml:id="facs_26_tr_1_tl_5_w1"/>
               <zone points="1752,2076 1752,2136 2409,2136 2409,2076" type="word" xml:id="facs_26_tr_1_tl_5_w2"/>
               <zone points="2435,2074 2435,2134 2455,2134 2455,2074" type="word" xml:id="facs_26_tr_1_tl_5_w3"/>
               <zone points="2503,2074 2503,2134 2727,2134 2727,2074" type="word" xml:id="facs_26_tr_1_tl_5_w4"/>
               <zone points="2821,2074 2821,2134 2978,2134 2978,2074" type="word" xml:id="facs_26_tr_1_tl_5_w5"/>
               <zone points="3003,2075 3003,2135 3341,2135 3341,2075" type="word" xml:id="facs_26_tr_1_tl_5_w6"/>
               <zone points="3390,2071 3390,2131 3773,2131 3773,2071" type="word" xml:id="facs_26_tr_1_tl_5_w7"/>
               <zone points="3867,2071 3867,2131 4410,2131 4410,2071" type="word" xml:id="facs_26_tr_1_tl_5_w8"/>
               <zone points="4458,2066 4458,2126 4478,2126 4478,2066" type="word" xml:id="facs_26_tr_1_tl_5_w9"/>
            </zone>
            <zone points="1062,2338 2443,2313 2661,2378 2787,2326 3114,2326 3205,2369 3423,2321 4294,2330 4294,2173 4072,2138 3641,2173 3549,2130 3449,2178 3345,2130 3136,2182 3044,2138 2853,2173 2787,2134 2583,2169 2500,2134 1062,2173" rendition="Line" xml:id="facs_26_line_1719402710059_789">
               <zone points="2229,2270 2229,2330 2538,2330 2538,2270" type="word" xml:id="facs_26_line_1719402710059_789_w1"/>
               <zone points="2607,2265 2607,2325 2917,2325 2917,2265" type="word" xml:id="facs_26_line_1719402710059_789_w2"/>
               <zone points="2986,2262 2986,2322 3207,2322 3207,2262" type="word" xml:id="facs_26_line_1719402710059_789_w3"/>
               <zone points="3276,2265 3276,2325 3453,2325 3453,2265" type="word" xml:id="facs_26_line_1719402710059_789_w4"/>
               <zone points="3544,2265 3544,2325 3721,2325 3721,2265" type="word" xml:id="facs_26_line_1719402710059_789_w5"/>
               <zone points="3812,2259 3812,2319 4276,2319 4276,2259" type="word" xml:id="facs_26_line_1719402710059_789_w6"/>
            </zone>
         </zone>
         <zone points="1069,2305 4629,2305 4629,4789 1069,4789" rendition="TextRegion" xml:id="facs_26_TextRegion_1719402713852_793">
            <zone points="1206,2548 1646,2526 1738,2569 2108,2517 2469,2561 2604,2513 3210,2526 3275,2565 3353,2500 3649,2508 3771,2561 3819,2513 4115,2508 4216,2561 4534,2526 4503,2326 4385,2369 4185,2321 3824,2369 3423,2321 3210,2369 2970,2330 2674,2378 2443,2313 2064,2378 1934,2330 1860,2378 1542,2326 1206,2404" rendition="Line" xml:id="facs_26_tr_1_tl_7">
               <zone points="1287,2478 1287,2538 1445,2538 1445,2478" type="word" xml:id="facs_26_tr_1_tl_7_w1"/>
               <zone points="1494,2472 1494,2532 1721,2532 1721,2472" type="word" xml:id="facs_26_tr_1_tl_7_w2"/>
               <zone points="1865,2460 1865,2520 2068,2520 2068,2460" type="word" xml:id="facs_26_tr_1_tl_7_w3"/>
               <zone points="2163,2459 2163,2519 2370,2519 2370,2459" type="word" xml:id="facs_26_tr_1_tl_7_w4"/>
               <zone points="2442,2453 2442,2513 3246,2513 3246,2453" type="word" xml:id="facs_26_tr_1_tl_7_w5"/>
               <zone points="3317,2457 3317,2517 3338,2517 3338,2457" type="word" xml:id="facs_26_tr_1_tl_7_w6"/>
               <zone points="3386,2456 3386,2516 3616,2516 3616,2456" type="word" xml:id="facs_26_tr_1_tl_7_w7"/>
               <zone points="3688,2450 3688,2510 4055,2510 4055,2450" type="word" xml:id="facs_26_tr_1_tl_7_w8"/>
               <zone points="4150,2443 4150,2503 4446,2503 4446,2443" type="word" xml:id="facs_26_tr_1_tl_7_w9"/>
            </zone>
            <zone points="1063,2731 1555,2765 1925,2748 1964,2709 2243,2752 2552,2700 3057,2735 3118,2696 3227,2739 3379,2700 3619,2739 3776,2700 4037,2735 4089,2687 4237,2731 4512,2709 4516,2539 4294,2526 4207,2565 4115,2508 3763,2556 3671,2508 3414,2535 3358,2495 3275,2565 3223,2535 3188,2569 2966,2526 2504,2565 2326,2522 1929,2565 1354,2530 1067,2578" rendition="Line" xml:id="facs_26_tr_1_tl_8">
               <zone points="1119,2663 1119,2723 1250,2723 1250,2663" type="word" xml:id="facs_26_tr_1_tl_8_w1"/>
               <zone points="1342,2665 1342,2725 1673,2725 1673,2665" type="word" xml:id="facs_26_tr_1_tl_8_w2"/>
               <zone points="1720,2657 1720,2717 1896,2717 1896,2657" type="word" xml:id="facs_26_tr_1_tl_8_w3"/>
               <zone points="1988,2649 1988,2709 2141,2709 2141,2649" type="word" xml:id="facs_26_tr_1_tl_8_w4"/>
               <zone points="2255,2648 2255,2708 2586,2708 2586,2648" type="word" xml:id="facs_26_tr_1_tl_8_w5"/>
               <zone points="2655,2647 2655,2707 2697,2707 2697,2647" type="word" xml:id="facs_26_tr_1_tl_8_w6"/>
               <zone points="2722,2646 2722,2706 2920,2706 2920,2646" type="word" xml:id="facs_26_tr_1_tl_8_w7"/>
               <zone points="2989,2638 2989,2698 3521,2698 3521,2638" type="word" xml:id="facs_26_tr_1_tl_8_w8"/>
               <zone points="3590,2641 3590,2701 3855,2701 3855,2641" type="word" xml:id="facs_26_tr_1_tl_8_w9"/>
               <zone points="3947,2637 3947,2697 4434,2697 4434,2637" type="word" xml:id="facs_26_tr_1_tl_8_w10"/>
            </zone>
            <zone points="1041,2935 2395,2935 2748,2896 3027,2935 3292,2892 3440,2935 4168,2879 4325,2931 4438,2879 4529,2922 4529,2709 4242,2731 4089,2691 4037,2739 3946,2709 3867,2757 3815,2704 3584,2757 3514,2700 3162,2748 2778,2700 2482,2739 2373,2704 2243,2757 1973,2718 1842,2765 1045,2735" rendition="Line" xml:id="facs_26_tr_1_tl_9">
               <zone points="1077,2859 1077,2919 1558,2919 1558,2859" type="word" xml:id="facs_26_tr_1_tl_9_w1"/>
               <zone points="1676,2852 1676,2912 1765,2912 1765,2852" type="word" xml:id="facs_26_tr_1_tl_9_w2"/>
               <zone points="1883,2842 1883,2902 2180,2902 2180,2842" type="word" xml:id="facs_26_tr_1_tl_9_w3"/>
               <zone points="2275,2835 2275,2895 2966,2895 2966,2835" type="word" xml:id="facs_26_tr_1_tl_9_w4"/>
               <zone points="3038,2830 3038,2890 3565,2890 3565,2830" type="word" xml:id="facs_26_tr_1_tl_9_w5"/>
               <zone points="3660,2827 3660,2887 3703,2887 3703,2827" type="word" xml:id="facs_26_tr_1_tl_9_w6"/>
               <zone points="3752,2826 3752,2886 3957,2886 3957,2826" type="word" xml:id="facs_26_tr_1_tl_9_w7"/>
               <zone points="4029,2823 4029,2883 4164,2883 4164,2823" type="word" xml:id="facs_26_tr_1_tl_9_w8"/>
               <zone points="4236,2815 4236,2875 4464,2875 4464,2815" type="word" xml:id="facs_26_tr_1_tl_9_w9"/>
            </zone>
            <zone points="1093,3123 1276,3144 1394,3088 1720,3149 2073,3088 2317,3136 2652,3070 2940,3131 3083,3079 3153,3114 3388,3066 3580,3114 3924,3066 4094,3105 4277,3057 4412,3105 4520,3075 4525,2927 4429,2879 4325,2931 4224,2874 3536,2935 2652,2900 2299,2944 2147,2905 2077,2944 1594,2913 1507,2957 1097,2918" rendition="Line" xml:id="facs_26_tr_1_tl_10">
               <zone points="1104,3048 1104,3108 1551,3108 1551,3048" type="word" xml:id="facs_26_tr_1_tl_10_w1"/>
               <zone points="1661,3037 1661,3097 2300,3097 2300,3037" type="word" xml:id="facs_26_tr_1_tl_10_w2"/>
               <zone points="2410,3030 2410,3090 2429,3090 2429,3030" type="word" xml:id="facs_26_tr_1_tl_10_w3"/>
               <zone points="2474,3025 2474,3085 2728,3085 2728,3025" type="word" xml:id="facs_26_tr_1_tl_10_w4"/>
               <zone points="2795,3021 2795,3081 2988,3081 2988,3021" type="word" xml:id="facs_26_tr_1_tl_10_w5"/>
               <zone points="3098,3014 3098,3074 3566,3074 3566,3014" type="word" xml:id="facs_26_tr_1_tl_10_w6"/>
               <zone points="3654,3007 3654,3067 4144,3067 4144,3007" type="word" xml:id="facs_26_tr_1_tl_10_w7"/>
               <zone points="4232,2999 4232,3059 4486,3059 4486,2999" type="word" xml:id="facs_26_tr_1_tl_10_w8"/>
            </zone>
            <zone points="1080,3353 1272,3301 1411,3332 1607,3297 1677,3340 1968,3288 2138,3336 2278,3284 2548,3332 2691,3275 2844,3314 3197,3266 3323,3314 3436,3262 3610,3297 4203,3253 4311,3301 4503,3258 4473,3062 4420,3105 4359,3057 4242,3101 3906,3070 3837,3118 3719,3075 3528,3114 3384,3066 3153,3114 3101,3083 3001,3136 2643,3070 2313,3140 2060,3096 1720,3149 1398,3092 1259,3144 1084,3088" rendition="Line" xml:id="facs_26_tr_1_tl_11">
               <zone points="1118,3242 1118,3302 1283,3302 1283,3242" type="word" xml:id="facs_26_tr_1_tl_11_w1"/>
               <zone points="1383,3239 1383,3299 1841,3299 1841,3239" type="word" xml:id="facs_26_tr_1_tl_11_w2"/>
               <zone points="1916,3225 1916,3285 2326,3285 2326,3225" type="word" xml:id="facs_26_tr_1_tl_11_w3"/>
               <zone points="2401,3218 2401,3278 2446,3278 2446,3218" type="word" xml:id="facs_26_tr_1_tl_11_w4"/>
               <zone points="2473,3215 2473,3275 2762,3275 2762,3215" type="word" xml:id="facs_26_tr_1_tl_11_w5"/>
               <zone points="2862,3209 2862,3269 3103,3269 3103,3209" type="word" xml:id="facs_26_tr_1_tl_11_w6"/>
               <zone points="3202,3203 3202,3263 3781,3263 3781,3203" type="word" xml:id="facs_26_tr_1_tl_11_w7"/>
               <zone points="3880,3193 3880,3253 4217,3253 4217,3193" type="word" xml:id="facs_26_tr_1_tl_11_w8"/>
               <zone points="4293,3183 4293,3243 4482,3243 4482,3183" type="word" xml:id="facs_26_tr_1_tl_11_w9"/>
            </zone>
            <zone points="1067,3480 1402,3488 1476,3532 1624,3484 1738,3532 1894,3488 2156,3519 2395,3471 2569,3506 2944,3449 3044,3497 3628,3440 3728,3480 3771,3436 4355,3480 4420,3436 4547,3458 4551,3279 4316,3301 4063,3253 3615,3301 3375,3275 3292,3319 3022,3262 2543,3336 2365,3327 2326,3284 2138,3340 1964,3284 1677,3345 1533,3297 1067,3349" rendition="Line" xml:id="facs_26_tr_1_tl_12">
               <zone points="1102,3436 1102,3496 1375,3496 1375,3436" type="word" xml:id="facs_26_tr_1_tl_12_w1"/>
               <zone points="1446,3419 1446,3479 2066,3479 2066,3419" type="word" xml:id="facs_26_tr_1_tl_12_w2"/>
               <zone points="2138,3412 2138,3472 2459,3472 2459,3412" type="word" xml:id="facs_26_tr_1_tl_12_w3"/>
               <zone points="2599,3405 2599,3465 2619,3465 2619,3405" type="word" xml:id="facs_26_tr_1_tl_12_w4"/>
               <zone points="2691,3400 2691,3460 2897,3460 2897,3400" type="word" xml:id="facs_26_tr_1_tl_12_w5"/>
               <zone points="2992,3396 2992,3456 3405,3456 3405,3396" type="word" xml:id="facs_26_tr_1_tl_12_w6"/>
               <zone points="3500,3388 3500,3448 3703,3448 3703,3388" type="word" xml:id="facs_26_tr_1_tl_12_w7"/>
               <zone points="3798,3381 3798,3441 4463,3441 4463,3381" type="word" xml:id="facs_26_tr_1_tl_12_w8"/>
            </zone>
            <zone points="1102,3710 1171,3741 1346,3697 1394,3737 1559,3684 1977,3663 2034,3710 2077,3676 2238,3715 2517,3658 3118,3676 3271,3632 3480,3684 3536,3632 3606,3671 3741,3619 3906,3671 4237,3619 4547,3641 4551,3458 4433,3432 4355,3484 4146,3440 4055,3475 3632,3440 3475,3480 3410,3445 3310,3493 2909,3454 2822,3506 2678,3462 2569,3510 1951,3484 1725,3536 1629,3484 1498,3532 1402,3488 1111,3501" rendition="Line" xml:id="facs_26_tr_1_tl_13">
               <zone points="1141,3631 1141,3691 1531,3691 1531,3631" type="word" xml:id="facs_26_tr_1_tl_13_w1"/>
               <zone points="1584,3624 1584,3684 1679,3684 1679,3624" type="word" xml:id="facs_26_tr_1_tl_13_w2"/>
               <zone points="1756,3615 1756,3675 1974,3675 1974,3615" type="word" xml:id="facs_26_tr_1_tl_13_w3"/>
               <zone points="2026,3608 2026,3668 2122,3668 2122,3608" type="word" xml:id="facs_26_tr_1_tl_13_w4"/>
               <zone points="2199,3602 2199,3662 2491,3662 2491,3602" type="word" xml:id="facs_26_tr_1_tl_13_w5"/>
               <zone points="2592,3593 2592,3653 3253,3653 3253,3593" type="word" xml:id="facs_26_tr_1_tl_13_w6"/>
               <zone points="3330,3578 3330,3638 3475,3638 3475,3578" type="word" xml:id="facs_26_tr_1_tl_13_w7"/>
               <zone points="3576,3573 3576,3633 3721,3633 3721,3573" type="word" xml:id="facs_26_tr_1_tl_13_w8"/>
               <zone points="3749,3563 3749,3623 4508,3623 4508,3563" type="word" xml:id="facs_26_tr_1_tl_13_w9"/>
            </zone>
            <zone points="1076,3867 1428,3924 1864,3859 1947,3920 2060,3850 2395,3906 2482,3845 2757,3885 2922,3837 2983,3880 3088,3828 3231,3863 3667,3819 3837,3859 4028,3798 4111,3841 4551,3815 4555,3641 4338,3628 4050,3663 4011,3632 3937,3671 3724,3628 3615,3680 3532,3632 3480,3680 3262,3645 2870,3684 2792,3649 2726,3693 2578,3658 2243,3715 1938,3680 1886,3719 1624,3728 1542,3689 1346,3754 1080,3706" rendition="Line" xml:id="facs_26_tr_1_tl_14">
               <zone points="1113,3814 1113,3874 1254,3874 1254,3814" type="word" xml:id="facs_26_tr_1_tl_14_w1"/>
               <zone points="1377,3812 1377,3872 2093,3872 2093,3812" type="word" xml:id="facs_26_tr_1_tl_14_w2"/>
               <zone points="2192,3797 2192,3857 2237,3857 2237,3797" type="word" xml:id="facs_26_tr_1_tl_14_w3"/>
               <zone points="2288,3791 2288,3851 2476,3851 2476,3791" type="word" xml:id="facs_26_tr_1_tl_14_w4"/>
               <zone points="2575,3779 2575,3839 3100,3839 3100,3779" type="word" xml:id="facs_26_tr_1_tl_14_w5"/>
               <zone points="3222,3770 3222,3830 3243,3830 3243,3770" type="word" xml:id="facs_26_tr_1_tl_14_w6"/>
               <zone points="3294,3768 3294,3828 3507,3828 3507,3768" type="word" xml:id="facs_26_tr_1_tl_14_w7"/>
               <zone points="3582,3755 3582,3815 3962,3815 3962,3755" type="word" xml:id="facs_26_tr_1_tl_14_w8"/>
               <zone points="4037,3745 4037,3805 4442,3805 4442,3745" type="word" xml:id="facs_26_tr_1_tl_14_w9"/>
            </zone>
            <zone points="1080,4137 1289,4055 1707,4098 2208,4050 2286,4094 2822,4020 2940,4063 3062,4028 3096,4068 3170,4011 3314,4015 3349,4055 3484,4024 3545,4055 3658,3998 3867,4007 3911,4046 4020,3998 4368,4028 4442,3985 4568,4002 4573,3811 3806,3863 3658,3828 3471,3872 3397,3819 3314,3863 3088,3828 2983,3880 2757,3885 2574,3841 2395,3902 2021,3867 1947,3920 1868,3863 1428,3924 1145,3872 1084,3898" rendition="Line" xml:id="facs_26_tr_1_tl_15">
               <zone points="1119,4010 1119,4070 1263,4070 1263,4010" type="word" xml:id="facs_26_tr_1_tl_15_w1"/>
               <zone points="1315,4003 1315,4063 1635,4063 1635,4003" type="word" xml:id="facs_26_tr_1_tl_15_w2"/>
               <zone points="1687,3996 1687,4056 1881,4056 1881,3996" type="word" xml:id="facs_26_tr_1_tl_15_w3"/>
               <zone points="1958,3985 1958,4045 2327,4045 2327,3985" type="word" xml:id="facs_26_tr_1_tl_15_w4"/>
               <zone points="2403,3979 2403,4039 2449,4039 2449,3979" type="word" xml:id="facs_26_tr_1_tl_15_w5"/>
               <zone points="2477,3973 2477,4033 2920,4033 2920,3973" type="word" xml:id="facs_26_tr_1_tl_15_w6"/>
               <zone points="2997,3964 2997,4024 3018,4024 3018,3964" type="word" xml:id="facs_26_tr_1_tl_15_w7"/>
               <zone points="3070,3958 3070,4018 3464,4018 3464,3958" type="word" xml:id="facs_26_tr_1_tl_15_w8"/>
               <zone points="3516,3953 3516,4013 3562,4013 3562,3953" type="word" xml:id="facs_26_tr_1_tl_15_w9"/>
               <zone points="3593,3950 3593,4010 3786,4010 3786,3950" type="word" xml:id="facs_26_tr_1_tl_15_w10"/>
               <zone points="3863,3938 3863,3998 4208,3998 4208,3938" type="word" xml:id="facs_26_tr_1_tl_15_w11"/>
               <zone points="4260,3926 4260,3986 4527,3986 4527,3926" type="word" xml:id="facs_26_tr_1_tl_15_w12"/>
            </zone>
            <zone points="1089,4303 1468,4303 1707,4246 1781,4303 2169,4229 2513,4220 2613,4259 2735,4216 3049,4250 3109,4203 3271,4246 3832,4190 4011,4229 4098,4172 4307,4220 4564,4185 4568,4007 4486,3989 4277,4046 4107,4002 3911,4046 3654,4002 3493,4063 3170,4011 3118,4059 2900,4068 2818,4020 2626,4076 2530,4041 2474,4085 2173,4059 1995,4102 1899,4050 1712,4098 1372,4055 1276,4120 1093,4137" rendition="Line" xml:id="facs_26_tr_1_tl_16">
               <zone points="1130,4204 1130,4264 1382,4264 1382,4204" type="word" xml:id="facs_26_tr_1_tl_16_w1"/>
               <zone points="1436,4201 1436,4261 1713,4261 1713,4201" type="word" xml:id="facs_26_tr_1_tl_16_w2"/>
               <zone points="1793,4188 1793,4248 1815,4248 1815,4188" type="word" xml:id="facs_26_tr_1_tl_16_w3"/>
               <zone points="1870,4180 1870,4240 2249,4240 2249,4180" type="word" xml:id="facs_26_tr_1_tl_16_w4"/>
               <zone points="2329,4165 2329,4225 2683,4225 2683,4165" type="word" xml:id="facs_26_tr_1_tl_16_w5"/>
               <zone points="2737,4149 2737,4209 3550,4209 3550,4149" type="word" xml:id="facs_26_tr_1_tl_16_w6"/>
               <zone points="3605,4135 3605,4195 4010,4195 4010,4135" type="word" xml:id="facs_26_tr_1_tl_16_w7"/>
               <zone points="4089,4122 4089,4182 4290,4182 4290,4122" type="word" xml:id="facs_26_tr_1_tl_16_w8"/>
               <zone points="4370,4111 4370,4171 4495,4171 4495,4111" type="word" xml:id="facs_26_tr_1_tl_16_w9"/>
            </zone>
            <zone points="1076,4425 1193,4473 1280,4442 1768,4486 2164,4425 2265,4468 2661,4412 2752,4455 2826,4407 2944,4455 3388,4385 3514,4420 3710,4381 3750,4425 3898,4364 4564,4359 4568,4181 4460,4168 4303,4220 4150,4181 4037,4233 3941,4190 3275,4246 3118,4203 3044,4264 2757,4211 2683,4268 2452,4220 2265,4237 2199,4285 1986,4246 1746,4307 1533,4268 1324,4316 1080,4298" rendition="Line" xml:id="facs_26_tr_1_tl_17">
               <zone points="1117,4386 1117,4446 1348,4446 1348,4386" type="word" xml:id="facs_26_tr_1_tl_17_w1"/>
               <zone points="1481,4381 1481,4441 1686,4441 1686,4381" type="word" xml:id="facs_26_tr_1_tl_17_w2"/>
               <zone points="1793,4370 1793,4430 2362,4430 2362,4370" type="word" xml:id="facs_26_tr_1_tl_17_w3"/>
               <zone points="2443,4354 2443,4414 2986,4414 2986,4354" type="word" xml:id="facs_26_tr_1_tl_17_w4"/>
               <zone points="3093,4339 3093,4399 3505,4399 3505,4339" type="word" xml:id="facs_26_tr_1_tl_17_w5"/>
               <zone points="3587,4315 3587,4375 4025,4375 4025,4315" type="word" xml:id="facs_26_tr_1_tl_17_w6"/>
               <zone points="4080,4305 4080,4365 4493,4365 4493,4305" type="word" xml:id="facs_26_tr_1_tl_17_w7"/>
            </zone>
            <zone points="1093,4638 1402,4686 1607,4634 2073,4621 2160,4655 2639,4586 3031,4621 3144,4581 3366,4616 3571,4573 3706,4612 3815,4560 4129,4595 4346,4542 4577,4564 4581,4372 4542,4359 4416,4394 4168,4355 3771,4420 3606,4377 3523,4433 3358,4385 3057,4407 2992,4460 2665,4412 2535,4455 2413,4416 2273,4473 2182,4433 1768,4486 1097,4446" rendition="Line" xml:id="facs_26_tr_1_tl_18">
               <zone points="1126,4579 1126,4639 1619,4639 1619,4579" type="word" xml:id="facs_26_tr_1_tl_18_w1"/>
               <zone points="1730,4564 1730,4624 1922,4624 1922,4564" type="word" xml:id="facs_26_tr_1_tl_18_w2"/>
               <zone points="2013,4548 2013,4608 2615,4608 2615,4548" type="word" xml:id="facs_26_tr_1_tl_18_w3"/>
               <zone points="2683,4536 2683,4596 2723,4596 2723,4536" type="word" xml:id="facs_26_tr_1_tl_18_w4"/>
               <zone points="2769,4533 2769,4593 3158,4593 3158,4533" type="word" xml:id="facs_26_tr_1_tl_18_w5"/>
               <zone points="3225,4517 3225,4577 3503,4577 3503,4517" type="word" xml:id="facs_26_tr_1_tl_18_w6"/>
               <zone points="3592,4506 3592,4566 3722,4566 3722,4506" type="word" xml:id="facs_26_tr_1_tl_18_w7"/>
               <zone points="3789,4500 3789,4560 3937,4560 3937,4500" type="word" xml:id="facs_26_tr_1_tl_18_w8"/>
               <zone points="4005,4483 4005,4543 4564,4543 4564,4483" type="word" xml:id="facs_26_tr_1_tl_18_w9"/>
            </zone>
            <zone points="1126,4835 2225,4799 2395,4851 2443,4808 2713,4821 2796,4773 2992,4830 3162,4773 3288,4812 3358,4756 3584,4760 3632,4799 3863,4743 3933,4782 4368,4721 4534,4747 4538,4573 4364,4542 4233,4595 3863,4555 3680,4616 3514,4577 3366,4616 2696,4595 2356,4603 2260,4655 1135,4661" rendition="Line" xml:id="facs_26_line_1719402713885_796">
               <zone points="2048,4744 2048,4804 2237,4804 2237,4744" type="word" xml:id="facs_26_line_1719402713885_796_w1"/>
               <zone points="2312,4727 2312,4787 2933,4787 2933,4727" type="word" xml:id="facs_26_line_1719402713885_796_w2"/>
               <zone points="3032,4711 3032,4771 3485,4771 3485,4711" type="word" xml:id="facs_26_line_1719402713885_796_w3"/>
               <zone points="3584,4687 3584,4747 4181,4747 4181,4687" type="word" xml:id="facs_26_line_1719402713885_796_w4"/>
               <zone points="4256,4664 4256,4724 4517,4724 4517,4664" type="word" xml:id="facs_26_line_1719402713885_796_w5"/>
            </zone>
         </zone>
         <zone points="1069,4789 4629,4789 4629,6441 1069,6441" rendition="TextRegion" xml:id="facs_26_TextRegion_1719402713852_792">
            <zone points="1267,5026 1559,5013 1629,5069 1833,4995 2016,5047 2217,4982 2321,5013 2683,4986 2735,5034 3014,4969 3362,5008 3475,4952 3671,4991 3758,4943 3994,4939 4041,4978 4198,4934 4294,4978 4468,4908 4577,4956 4586,4747 4538,4730 4451,4782 4359,4725 3632,4795 3371,4760 3223,4821 2800,4773 2713,4830 2630,4795 2395,4851 2295,4817 2221,4856 2099,4804 1925,4847 1637,4821 1559,4891 1276,4856" rendition="Line" xml:id="facs_26_tr_1_tl_20">
               <zone points="1340,4959 1340,5019 1531,5019 1531,4959" type="word" xml:id="facs_26_tr_1_tl_20_w1"/>
               <zone points="1618,4947 1618,5007 1865,5007 1865,4947" type="word" xml:id="facs_26_tr_1_tl_20_w2"/>
               <zone points="1979,4933 1979,4993 2309,4993 2309,4933" type="word" xml:id="facs_26_tr_1_tl_20_w3"/>
               <zone points="2424,4919 2424,4979 2643,4979 2643,4919" type="word" xml:id="facs_26_tr_1_tl_20_w4"/>
               <zone points="2730,4903 2730,4963 3560,4963 3560,4903" type="word" xml:id="facs_26_tr_1_tl_20_w5"/>
               <zone points="3647,4882 3647,4942 3699,4942 3699,4882" type="word" xml:id="facs_26_tr_1_tl_20_w6"/>
               <zone points="3758,4875 3758,4935 3921,4935 3921,4875" type="word" xml:id="facs_26_tr_1_tl_20_w7"/>
               <zone points="4008,4862 4008,4922 4505,4922 4505,4862" type="word" xml:id="facs_26_tr_1_tl_20_w8"/>
            </zone>
            <zone points="1102,5213 1263,5256 1459,5191 1489,5230 1659,5204 1759,5252 1864,5200 1982,5235 2265,5174 2382,5222 2439,5182 2818,5152 2913,5204 3663,5117 3719,5165 3850,5113 4133,5108 4207,5148 4355,5095 4564,5165 4573,4956 4481,4912 4294,4978 4181,4934 4046,4978 3989,4939 3676,4986 3493,4952 3397,5004 3018,4969 2935,5026 2857,4982 2731,5034 2678,4986 2565,5017 2452,4973 2025,5047 1816,5004 1629,5069 1555,5013 1280,5061 1111,5034" rendition="Line" xml:id="facs_26_tr_1_tl_21">
               <zone points="1135,5156 1135,5216 1417,5216 1417,5156" type="word" xml:id="facs_26_tr_1_tl_21_w1"/>
               <zone points="1485,5147 1485,5207 1702,5207 1702,5147" type="word" xml:id="facs_26_tr_1_tl_21_w2"/>
               <zone points="1770,5132 1770,5192 2120,5192 2120,5132" type="word" xml:id="facs_26_tr_1_tl_21_w3"/>
               <zone points="2210,5102 2210,5162 2955,5162 2955,5102" type="word" xml:id="facs_26_tr_1_tl_21_w4"/>
               <zone points="3023,5092 3023,5152 3108,5152 3108,5092" type="word" xml:id="facs_26_tr_1_tl_21_w5"/>
               <zone points="3198,5082 3198,5142 3633,5142 3633,5082" type="word" xml:id="facs_26_tr_1_tl_21_w6"/>
               <zone points="3726,5065 3726,5125 3745,5125 3745,5065" type="word" xml:id="facs_26_tr_1_tl_21_w7"/>
               <zone points="3792,5058 3792,5118 3986,5118 3986,5058" type="word" xml:id="facs_26_tr_1_tl_21_w8"/>
               <zone points="4076,5050 4076,5110 4314,5110 4314,5050" type="word" xml:id="facs_26_tr_1_tl_21_w9"/>
               <zone points="4383,5033 4383,5093 4533,5093 4533,5033" type="word" xml:id="facs_26_tr_1_tl_21_w10"/>
            </zone>
            <zone points="1111,5400 1285,5387 1381,5431 1446,5383 1533,5426 1672,5391 1759,5444 1903,5391 2169,5374 2230,5409 2313,5365 2461,5405 3227,5326 3410,5374 3467,5326 3628,5352 3680,5309 3745,5344 3880,5304 4076,5365 4216,5287 4564,5283 4568,5143 4281,5113 4203,5148 4089,5108 3845,5113 3706,5169 3623,5130 3567,5182 3292,5152 3240,5187 3184,5152 2909,5204 2822,5161 1960,5230 1864,5196 1807,5252 1350,5204 1263,5261 1119,5270" rendition="Line" xml:id="facs_26_tr_1_tl_22">
               <zone points="1155,5345 1155,5405 1260,5405 1260,5345" type="word" xml:id="facs_26_tr_1_tl_22_w1"/>
               <zone points="1317,5339 1317,5399 1801,5399 1801,5339" type="word" xml:id="facs_26_tr_1_tl_22_w2"/>
               <zone points="1859,5317 1859,5377 2455,5377 2455,5317" type="word" xml:id="facs_26_tr_1_tl_22_w3"/>
               <zone points="2539,5295 2539,5355 2780,5355 2780,5295" type="word" xml:id="facs_26_tr_1_tl_22_w4"/>
               <zone points="2864,5279 2864,5339 3623,5339 3623,5279" type="word" xml:id="facs_26_tr_1_tl_22_w5"/>
               <zone points="3707,5251 3707,5311 3785,5311 3785,5251" type="word" xml:id="facs_26_tr_1_tl_22_w6"/>
               <zone points="3897,5227 3897,5287 4544,5287 4544,5227" type="word" xml:id="facs_26_tr_1_tl_22_w7"/>
            </zone>
            <zone points="1124,5587 1698,5631 2378,5561 2448,5596 2970,5540 3153,5574 3393,5509 3501,5548 3671,5505 4120,5526 4372,5470 4425,5505 4595,5470 4603,5331 4529,5291 4329,5331 4216,5287 4076,5365 3876,5304 3423,5378 3227,5326 2461,5405 2313,5365 2230,5409 1838,5396 1759,5444 1672,5391 1529,5431 1446,5383 1367,5448 1289,5391 1128,5396" rendition="Line" xml:id="facs_26_tr_1_tl_23">
               <zone points="1158,5538 1158,5598 1465,5598 1465,5538" type="word" xml:id="facs_26_tr_1_tl_23_w1"/>
               <zone points="1556,5525 1556,5585 1841,5585 1841,5525" type="word" xml:id="facs_26_tr_1_tl_23_w2"/>
               <zone points="1910,5502 1910,5562 2461,5562 2461,5502" type="word" xml:id="facs_26_tr_1_tl_23_w3"/>
               <zone points="2552,5477 2552,5537 3014,5537 3014,5477" type="word" xml:id="facs_26_tr_1_tl_23_w4"/>
               <zone points="3061,5467 3061,5527 3368,5527 3368,5467" type="word" xml:id="facs_26_tr_1_tl_23_w5"/>
               <zone points="3459,5454 3459,5514 3611,5514 3611,5454" type="word" xml:id="facs_26_tr_1_tl_23_w6"/>
               <zone points="3658,5436 3658,5496 4120,5496 4120,5436" type="word" xml:id="facs_26_tr_1_tl_23_w7"/>
               <zone points="4189,5420 4189,5480 4297,5480 4297,5420" type="word" xml:id="facs_26_tr_1_tl_23_w8"/>
               <zone points="4388,5411 4388,5471 4518,5471 4518,5411" type="word" xml:id="facs_26_tr_1_tl_23_w9"/>
            </zone>
            <zone points="1132,5770 1363,5827 1463,5779 1955,5801 2304,5749 2387,5788 2879,5722 3371,5753 3427,5705 3632,5688 3715,5731 3815,5679 3876,5718 3976,5679 4041,5727 4303,5666 4603,5670 4612,5483 4307,5531 4198,5479 4115,5531 4015,5505 3924,5540 3854,5500 3510,5548 3266,5522 3162,5579 3005,5544 2448,5601 2382,5561 2286,5596 2169,5570 1842,5627 1137,5601" rendition="Line" xml:id="facs_26_tr_1_tl_24">
               <zone points="1164,5721 1164,5781 1784,5781 1784,5721" type="word" xml:id="facs_26_tr_1_tl_24_w1"/>
               <zone points="1914,5696 1914,5756 2534,5756 2534,5696" type="word" xml:id="facs_26_tr_1_tl_24_w2"/>
               <zone points="2558,5683 2558,5743 2598,5743 2598,5683" type="word" xml:id="facs_26_tr_1_tl_24_w3"/>
               <zone points="2625,5676 2625,5736 2793,5736 2793,5676" type="word" xml:id="facs_26_tr_1_tl_24_w4"/>
               <zone points="2881,5650 2881,5710 3564,5710 3564,5650" type="word" xml:id="facs_26_tr_1_tl_24_w5"/>
               <zone points="3655,5629 3655,5689 3994,5689 3994,5629" type="word" xml:id="facs_26_tr_1_tl_24_w6"/>
               <zone points="4082,5610 4082,5670 4101,5670 4101,5610" type="word" xml:id="facs_26_tr_1_tl_24_w7"/>
               <zone points="4128,5610 4128,5670 4360,5670 4360,5610" type="word" xml:id="facs_26_tr_1_tl_24_w8"/>
               <zone points="4427,5598 4427,5658 4531,5658 4531,5598" type="word" xml:id="facs_26_tr_1_tl_24_w9"/>
            </zone>
            <zone points="1111,6006 1272,5971 1320,6001 1367,5962 1572,6001 1812,5962 1868,6001 1960,5953 2347,5971 2600,5918 2748,5918 2792,5958 3027,5918 3075,5962 3423,5888 3580,5932 3758,5866 4015,5857 4055,5892 4490,5836 4551,5875 4599,5866 4608,5670 4385,5705 4307,5666 4059,5722 3967,5679 3719,5731 3623,5688 3353,5753 2931,5722 2552,5783 2495,5744 2286,5797 2173,5766 1781,5805 1668,5770 1381,5827 1185,5770 1119,5805" rendition="Line" xml:id="facs_26_tr_1_tl_25">
               <zone points="1157,5914 1157,5974 1521,5974 1521,5914" type="word" xml:id="facs_26_tr_1_tl_25_w1"/>
               <zone points="1609,5895 1609,5955 2287,5955 2287,5895" type="word" xml:id="facs_26_tr_1_tl_25_w2"/>
               <zone points="2375,5877 2375,5937 2428,5937 2428,5877" type="word" xml:id="facs_26_tr_1_tl_25_w3"/>
               <zone points="2460,5870 2460,5930 2767,5930 2767,5870" type="word" xml:id="facs_26_tr_1_tl_25_w4"/>
               <zone points="2887,5856 2887,5916 2968,5916 2968,5856" type="word" xml:id="facs_26_tr_1_tl_25_w5"/>
               <zone points="3057,5851 3057,5911 3166,5911 3166,5851" type="word" xml:id="facs_26_tr_1_tl_25_w6"/>
               <zone points="3254,5842 3254,5902 3336,5902 3336,5842" type="word" xml:id="facs_26_tr_1_tl_25_w7"/>
               <zone points="3424,5820 3424,5880 3848,5880 3848,5820" type="word" xml:id="facs_26_tr_1_tl_25_w8"/>
               <zone points="3908,5801 3908,5861 4526,5861 4526,5801" type="word" xml:id="facs_26_tr_1_tl_25_w9"/>
            </zone>
            <zone points="1115,6171 1424,6154 1633,6197 1799,6127 1833,6162 2191,6136 2330,6184 2417,6127 2587,6158 3027,6110 3140,6149 3218,6093 3366,6136 3571,6075 3789,6110 3876,6053 4359,6080 4612,6032 4621,5862 4129,5857 4046,5897 3859,5862 3784,5910 3628,5897 3562,5936 3410,5897 3070,5962 3031,5918 2857,5966 2600,5918 2047,6006 1803,5962 1577,6006 1372,5962 1232,6019 1124,5992" rendition="Line" xml:id="facs_26_tr_1_tl_26">
               <zone points="1163,6106 1163,6166 1333,6166 1333,6106" type="word" xml:id="facs_26_tr_1_tl_26_w1"/>
               <zone points="1395,6094 1395,6154 1885,6154 1885,6094" type="word" xml:id="facs_26_tr_1_tl_26_w2"/>
               <zone points="1976,6082 1976,6142 2325,6142 2325,6082" type="word" xml:id="facs_26_tr_1_tl_26_w3"/>
               <zone points="2415,6056 2415,6116 2935,6116 2935,6056" type="word" xml:id="facs_26_tr_1_tl_26_w4"/>
               <zone points="2967,6044 2967,6104 3080,6104 3080,6044" type="word" xml:id="facs_26_tr_1_tl_26_w5"/>
               <zone points="3142,6023 3142,6083 3606,6083 3606,6023" type="word" xml:id="facs_26_tr_1_tl_26_w6"/>
               <zone points="3668,6010 3668,6070 3752,6070 3752,6010" type="word" xml:id="facs_26_tr_1_tl_26_w7"/>
               <zone points="3843,5996 3843,6056 4100,6056 4100,5996" type="word" xml:id="facs_26_tr_1_tl_26_w8"/>
               <zone points="4162,5976 4162,6036 4565,6036 4565,5976" type="word" xml:id="facs_26_tr_1_tl_26_w9"/>
            </zone>
            <zone points="1154,6384 1280,6424 1337,6376 1494,6415 1620,6358 1725,6411 1947,6358 2069,6406 2748,6350 2818,6411 3057,6323 3153,6402 3375,6310 3571,6358 3632,6310 3763,6332 4050,6258 4172,6289 4359,6236 4420,6271 4516,6210 4608,6249 4621,6027 4425,6097 4194,6045 4015,6093 3872,6058 3780,6110 3571,6075 3488,6127 3275,6097 3070,6154 2996,6114 2587,6158 2508,6123 2282,6184 2191,6136 1838,6162 1794,6123 1629,6197 1424,6154 1163,6175" rendition="Line" xml:id="facs_26_tr_1_tl_27">
               <zone points="1202,6297 1202,6357 1433,6357 1433,6297" type="word" xml:id="facs_26_tr_1_tl_27_w1"/>
               <zone points="1525,6285 1525,6345 1848,6345 1848,6285" type="word" xml:id="facs_26_tr_1_tl_27_w2"/>
               <zone points="1911,6279 1911,6339 2322,6339 2322,6279" type="word" xml:id="facs_26_tr_1_tl_27_w3"/>
               <zone points="2384,6263 2384,6323 2586,6323 2586,6263" type="word" xml:id="facs_26_tr_1_tl_27_w4"/>
               <zone points="2678,6235 2678,6295 3680,6295 3680,6235" type="word" xml:id="facs_26_tr_1_tl_27_w5"/>
               <zone points="3713,6211 3713,6271 3739,6271 3739,6211" type="word" xml:id="facs_26_tr_1_tl_27_w6"/>
               <zone points="3772,6193 3772,6253 4241,6253 4241,6193" type="word" xml:id="facs_26_tr_1_tl_27_w7"/>
               <zone points="4304,6159 4304,6219 4594,6219 4594,6159" type="word" xml:id="facs_26_tr_1_tl_27_w8"/>
            </zone>
         </zone>
      </surface>
      <surface lrx="5503" lry="8255" ulx="0" uly="0" xml:id="facs_27">
         <!--<graphic height="8255px" url="69063512.jpg" width="5503px"/>-->
         <graphic height="8255px" url="https://files.transkribus.eu/Get?id=HSZTZPCVPMOMUQKOQVJRHMGF&amp;fileType=view" width="5503px"/>
         <zone points="907,1178 4491,1178 4491,3109 907,3109" rendition="TextRegion" xml:id="facs_27_TextRegion_1719402777044_848">
            <zone points="882,1864 1053,1908 1233,1851 1338,1899 1680,1820 1838,1855 2575,1785 2645,1825 2759,1772 2825,1820 2908,1776 3557,1741 3671,1772 3908,1719 3987,1776 4101,1724 4373,1719 4382,1544 4224,1461 4101,1504 3961,1469 3698,1562 3610,1496 3557,1540 3303,1500 3145,1557 2926,1487 2798,1562 2654,1544 2562,1619 2465,1544 2228,1623 2136,1562 1895,1619 1776,1566 1715,1614 1193,1605 1075,1662 890,1662" rendition="Line" xml:id="facs_27_tr_1_tl_6">
               <zone points="940,1793 940,1853 1210,1853 1210,1793" type="word" xml:id="facs_27_tr_1_tl_6_w1"/>
               <zone points="1350,1773 1350,1833 1759,1833 1759,1773" type="word" xml:id="facs_27_tr_1_tl_6_w2"/>
               <zone points="1830,1763 1830,1823 2010,1823 2010,1763" type="word" xml:id="facs_27_tr_1_tl_6_w3"/>
               <zone points="2126,1743 2126,1803 2377,1803 2377,1743" type="word" xml:id="facs_27_tr_1_tl_6_w4"/>
               <zone points="2471,1729 2471,1789 2741,1789 2741,1729" type="word" xml:id="facs_27_tr_1_tl_6_w5"/>
               <zone points="2789,1705 2789,1765 3154,1765 3154,1705" type="word" xml:id="facs_27_tr_1_tl_6_w6"/>
               <zone points="3270,1691 3270,1751 3336,1751 3336,1691" type="word" xml:id="facs_27_tr_1_tl_6_w7"/>
               <zone points="3430,1679 3430,1739 3703,1739 3703,1679" type="word" xml:id="facs_27_tr_1_tl_6_w8"/>
               <zone points="3797,1648 3797,1708 4295,1708 4295,1648" type="word" xml:id="facs_27_tr_1_tl_6_w9"/>
            </zone>
            <zone points="895,2083 1276,2022 1443,2062 1899,1996 2325,2026 2430,1987 2474,2022 2750,2005 2860,1952 3127,1996 3307,1934 3579,1961 3632,1921 3886,1908 4075,1947 4356,1899 4364,1724 4119,1728 4000,1781 3921,1724 3825,1772 3755,1733 3671,1776 3535,1750 3373,1790 2921,1768 2834,1816 2733,1781 2654,1825 2535,1785 1838,1860 1671,1829 1333,1899 1189,1851 1053,1908 1009,1869 908,1882" rendition="Line" xml:id="facs_27_tr_1_tl_7">
               <zone points="927,1986 927,2046 1386,2046 1386,1986" type="word" xml:id="facs_27_tr_1_tl_7_w1"/>
               <zone points="1452,1959 1452,2019 1491,2019 1491,1959" type="word" xml:id="facs_27_tr_1_tl_7_w2"/>
               <zone points="1515,1959 1515,2019 1702,2019 1702,1959" type="word" xml:id="facs_27_tr_1_tl_7_w3"/>
               <zone points="1788,1945 1788,2005 1954,2005 1954,1945" type="word" xml:id="facs_27_tr_1_tl_7_w4"/>
               <zone points="2019,1922 2019,1982 2795,1982 2795,1922" type="word" xml:id="facs_27_tr_1_tl_7_w5"/>
               <zone points="2860,1896 2860,1956 3131,1956 3131,1896" type="word" xml:id="facs_27_tr_1_tl_7_w6"/>
               <zone points="3175,1869 3175,1929 3993,1929 3993,1869" type="word" xml:id="facs_27_tr_1_tl_7_w7"/>
               <zone points="4058,1839 4058,1899 4098,1899 4098,1839" type="word" xml:id="facs_27_tr_1_tl_7_w8"/>
               <zone points="4121,1833 4121,1893 4308,1893 4308,1833" type="word" xml:id="facs_27_tr_1_tl_7_w9"/>
            </zone>
            <zone points="908,2255 1097,2215 1202,2259 1360,2202 2184,2224 2294,2167 2408,2215 2491,2158 2851,2189 3382,2123 3527,2167 3601,2123 4263,2119 4369,2097 4377,1926 4263,1895 4022,1947 3873,1912 3724,1965 3474,1934 3404,1969 3307,1934 3211,2000 2860,1952 2487,2022 2404,1983 2333,2026 1882,1996 912,2088" rendition="Line" xml:id="facs_27_tr_1_tl_8">
               <zone points="928,2179 928,2239 1048,2239 1048,2179" type="word" xml:id="facs_27_tr_1_tl_8_w1"/>
               <zone points="1113,2163 1113,2223 1355,2223 1355,2163" type="word" xml:id="facs_27_tr_1_tl_8_w2"/>
               <zone points="1390,2144 1390,2204 1571,2204 1571,2144" type="word" xml:id="facs_27_tr_1_tl_8_w3"/>
               <zone points="1636,2131 1636,2191 2098,2191 2098,2131" type="word" xml:id="facs_27_tr_1_tl_8_w4"/>
               <zone points="2194,2118 2194,2178 2282,2178 2282,2118" type="word" xml:id="facs_27_tr_1_tl_8_w5"/>
               <zone points="2378,2107 2378,2167 2744,2167 2744,2107" type="word" xml:id="facs_27_tr_1_tl_8_w6"/>
               <zone points="2809,2094 2809,2154 2836,2154 2836,2094" type="word" xml:id="facs_27_tr_1_tl_8_w7"/>
               <zone points="2871,2085 2871,2145 3394,2145 3394,2085" type="word" xml:id="facs_27_tr_1_tl_8_w8"/>
               <zone points="3429,2059 3429,2119 3733,2119 3733,2059" type="word" xml:id="facs_27_tr_1_tl_8_w9"/>
               <zone points="3767,2045 3767,2105 3794,2105 3794,2045" type="word" xml:id="facs_27_tr_1_tl_8_w10"/>
               <zone points="3829,2035 3829,2095 4317,2095 4317,2035" type="word" xml:id="facs_27_tr_1_tl_8_w11"/>
            </zone>
            <zone points="917,2439 1254,2404 1333,2439 1474,2382 1719,2430 1790,2386 2246,2386 2505,2333 2610,2382 2768,2333 3035,2373 3215,2312 3737,2325 3882,2290 3952,2325 4000,2285 4338,2325 4377,2316 4386,2105 925,2250" rendition="Line" xml:id="facs_27_tr_1_tl_9">
               <zone points="950,2339 950,2399 1919,2399 1919,2339" type="word" xml:id="facs_27_tr_1_tl_9_w1"/>
               <zone points="1988,2309 1988,2369 2161,2369 2161,2309" type="word" xml:id="facs_27_tr_1_tl_9_w2"/>
               <zone points="2252,2297 2252,2357 2603,2357 2603,2297" type="word" xml:id="facs_27_tr_1_tl_9_w3"/>
               <zone points="2628,2294 2628,2354 2669,2354 2669,2294" type="word" xml:id="facs_27_tr_1_tl_9_w4"/>
               <zone points="2694,2280 2694,2340 2957,2340 2957,2280" type="word" xml:id="facs_27_tr_1_tl_9_w5"/>
               <zone points="3026,2271 3026,2331 3177,2331 3177,2271" type="word" xml:id="facs_27_tr_1_tl_9_w6"/>
               <zone points="3267,2255 3267,2315 3597,2315 3597,2255" type="word" xml:id="facs_27_tr_1_tl_9_w7"/>
               <zone points="3687,2230 3687,2290 4083,2290 4083,2230" type="word" xml:id="facs_27_tr_1_tl_9_w8"/>
               <zone points="4151,2216 4151,2276 4324,2276 4324,2216" type="word" xml:id="facs_27_tr_1_tl_9_w9"/>
            </zone>
            <zone points="925,2636 1619,2566 1991,2562 2044,2597 2408,2526 2496,2562 2641,2522 2882,2553 3070,2509 3263,2548 3970,2465 4325,2500 4364,2483 4373,2320 4000,2285 3948,2329 3303,2325 3154,2382 2886,2373 2842,2333 2614,2377 2505,2333 2421,2382 1798,2382 1746,2426 1474,2386 1329,2434 934,2430" rendition="Line" xml:id="facs_27_tr_1_tl_10">
               <zone points="958,2535 958,2595 1558,2595 1558,2535" type="word" xml:id="facs_27_tr_1_tl_10_w1"/>
               <zone points="1668,2498 1668,2558 2226,2558 2226,2498" type="word" xml:id="facs_27_tr_1_tl_10_w2"/>
               <zone points="2315,2485 2315,2545 2355,2545 2355,2485" type="word" xml:id="facs_27_tr_1_tl_10_w3"/>
               <zone points="2401,2466 2401,2526 3044,2526 3044,2466" type="word" xml:id="facs_27_tr_1_tl_10_w4"/>
               <zone points="3155,2450 3155,2510 3260,2510 3260,2450" type="word" xml:id="facs_27_tr_1_tl_10_w5"/>
               <zone points="3327,2438 3327,2498 3647,2498 3647,2438" type="word" xml:id="facs_27_tr_1_tl_10_w6"/>
               <zone points="3736,2419 3736,2479 3906,2479 3906,2419" type="word" xml:id="facs_27_tr_1_tl_10_w7"/>
               <zone points="3952,2394 3952,2454 4337,2454 4337,2394" type="word" xml:id="facs_27_tr_1_tl_10_w8"/>
            </zone>
            <zone points="912,2807 1154,2763 1246,2803 1333,2755 1491,2794 1829,2733 2715,2741 2820,2698 3009,2746 3114,2689 3228,2724 3649,2671 3864,2702 4097,2658 4184,2706 4259,2654 4369,2671 4377,2474 4255,2469 4198,2518 4119,2474 3829,2478 3737,2548 3557,2491 3456,2540 3066,2513 2548,2557 2430,2522 2040,2597 1987,2562 1303,2592 1241,2636 921,2619" rendition="Line" xml:id="facs_27_tr_1_tl_11">
               <zone points="957,2720 957,2780 1201,2780 1201,2720" type="word" xml:id="facs_27_tr_1_tl_11_w1"/>
               <zone points="1260,2713 1260,2773 1421,2773 1421,2713" type="word" xml:id="facs_27_tr_1_tl_11_w2"/>
               <zone points="1480,2690 1480,2750 1866,2750 1866,2690" type="word" xml:id="facs_27_tr_1_tl_11_w3"/>
               <zone points="1952,2674 1952,2734 2114,2734 2114,2674" type="word" xml:id="facs_27_tr_1_tl_11_w4"/>
               <zone points="2145,2664 2145,2724 2554,2724 2554,2664" type="word" xml:id="facs_27_tr_1_tl_11_w5"/>
               <zone points="2613,2650 2613,2710 2668,2710 2668,2650" type="word" xml:id="facs_27_tr_1_tl_11_w6"/>
               <zone points="2754,2639 2754,2699 3329,2699 3329,2639" type="word" xml:id="facs_27_tr_1_tl_11_w7"/>
               <zone points="3360,2628 3360,2688 3553,2688 3553,2628" type="word" xml:id="facs_27_tr_1_tl_11_w8"/>
               <zone points="3639,2615 3639,2675 3801,2675 3801,2615" type="word" xml:id="facs_27_tr_1_tl_11_w9"/>
               <zone points="3887,2603 3887,2663 4242,2663 4242,2603" type="word" xml:id="facs_27_tr_1_tl_11_w10"/>
               <zone points="4300,2585 4300,2645 4352,2645 4352,2585" type="word" xml:id="facs_27_tr_1_tl_11_w11"/>
            </zone>
            <zone points="956,3005 1079,2961 1136,3009 1193,2961 1307,3048 1412,3040 1566,2943 1697,2987 1737,2952 1895,2974 1952,2926 2009,2965 2272,2921 2342,2961 2496,2908 2654,2965 2912,2891 3298,2939 3434,2869 3592,2930 3698,2869 3825,2917 3970,2873 4399,2886 4408,2662 4356,2654 4198,2706 4092,2658 3733,2711 3649,2671 3518,2715 3114,2689 3009,2746 2969,2711 2772,2711 2706,2755 2548,2719 2114,2759 1833,2728 1570,2794 1325,2763 1250,2798 1167,2759 965,2794" rendition="Line" xml:id="facs_27_tr_1_tl_12">
               <zone points="975,2914 975,2974 1088,2974 1088,2914" type="word" xml:id="facs_27_tr_1_tl_12_w1"/>
               <zone points="1121,2910 1121,2970 1322,2970 1322,2910" type="word" xml:id="facs_27_tr_1_tl_12_w2"/>
               <zone points="1385,2893 1385,2953 1882,2953 1882,2893" type="word" xml:id="facs_27_tr_1_tl_12_w3"/>
               <zone points="1944,2868 1944,2928 2442,2928 2442,2868" type="word" xml:id="facs_27_tr_1_tl_12_w4"/>
               <zone points="2533,2845 2533,2905 2969,2905 2969,2845" type="word" xml:id="facs_27_tr_1_tl_12_w5"/>
               <zone points="3064,2839 3064,2899 3089,2899 3089,2839" type="word" xml:id="facs_27_tr_1_tl_12_w6"/>
               <zone points="3152,2831 3152,2891 3324,2891 3324,2831" type="word" xml:id="facs_27_tr_1_tl_12_w7"/>
               <zone points="3444,2810 3444,2870 3796,2870 3796,2810" type="word" xml:id="facs_27_tr_1_tl_12_w8"/>
               <zone points="3887,2792 3887,2852 4381,2852 4381,2792" type="word" xml:id="facs_27_tr_1_tl_12_w9"/>
            </zone>
            <zone points="875,3063 1255,3063 1255,3109 875,3109" rendition="Line" xml:id="facs_27_line_1719402825563_875">
               <zone points="899,3046 899,3106 1141,3106 1141,3046" type="word" xml:id="facs_27_line_1719402825563_875_w1"/>
            </zone>
         </zone>
         <zone points="907,3109 4491,3109 4491,5719 907,5719" rendition="TextRegion" xml:id="facs_27_TextRegion_1719402781812_855">
            <zone points="1111,3365 4414,3251 4414,3119 4248,3113 1111,3233" rendition="Line" xml:id="facs_27_tr_1_tl_14">
               <zone points="1140,3276 1140,3336 1336,3336 1336,3276" type="word" xml:id="facs_27_tr_1_tl_14_w1"/>
               <zone points="1417,3261 1417,3321 1655,3321 1655,3261" type="word" xml:id="facs_27_tr_1_tl_14_w2"/>
               <zone points="1796,3247 1796,3307 2112,3307 2112,3247" type="word" xml:id="facs_27_tr_1_tl_14_w3"/>
               <zone points="2214,3233 2214,3293 2429,3293 2429,3233" type="word" xml:id="facs_27_tr_1_tl_14_w4"/>
               <zone points="3466,3193 3466,3253 3506,3253 3506,3193" type="word" xml:id="facs_27_tr_1_tl_14_w5"/>
            </zone>
            <zone points="979,3556 4402,3424 4402,3292 979,3424" rendition="Line" xml:id="facs_27_tr_1_tl_15">
               <zone points="1003,3464 1003,3524 1348,3524 1348,3464" type="word" xml:id="facs_27_tr_1_tl_15_w1"/>
            </zone>
            <zone points="973,3735 4432,3610 4432,3478 973,3603" rendition="Line" xml:id="facs_27_tr_1_tl_16">
               <zone points="998,3651 998,3711 1224,3711 1224,3651" type="word" xml:id="facs_27_tr_1_tl_16_w1"/>
               <zone points="1525,3631 1525,3691 1649,3691 1649,3631" type="word" xml:id="facs_27_tr_1_tl_16_w2"/>
               <zone points="1721,3619 1721,3679 1930,3679 1930,3619" type="word" xml:id="facs_27_tr_1_tl_16_w3"/>
               <zone points="2975,3556 2975,3616 4420,3616 4420,3556" type="word" xml:id="facs_27_tr_1_tl_16_w4"/>
            </zone>
            <zone points="979,3920 4420,3813 4420,3681 4247,3675 979,3788" rendition="Line" xml:id="facs_27_tr_1_tl_17">
               <zone points="1006,3826 1006,3886 1752,3886 1752,3826" type="word" xml:id="facs_27_tr_1_tl_17_w1"/>
               <zone points="1829,3790 1829,3850 2407,3850 2407,3790" type="word" xml:id="facs_27_tr_1_tl_17_w2"/>
               <zone points="2465,3775 2465,3835 2818,3835 2818,3775" type="word" xml:id="facs_27_tr_1_tl_17_w3"/>
               <zone points="2914,3765 2914,3825 3342,3825 3342,3765" type="word" xml:id="facs_27_tr_1_tl_17_w4"/>
               <zone points="3401,3739 3401,3799 4053,3799 4053,3739" type="word" xml:id="facs_27_tr_1_tl_17_w5"/>
               <zone points="4168,3723 4168,3783 4334,3783 4334,3723" type="word" xml:id="facs_27_tr_1_tl_17_w6"/>
            </zone>
            <zone points="970,4095 4432,3991 4432,3861 970,3965" rendition="Line" xml:id="facs_27_tr_1_tl_18">
               <zone points="1011,4022 1011,4082 1334,4082 1334,4022" type="word" xml:id="facs_27_tr_1_tl_18_w1"/>
               <zone points="1422,4001 1422,4061 2071,4061 2071,4001" type="word" xml:id="facs_27_tr_1_tl_18_w2"/>
               <zone points="2124,3989 2124,4049 2499,4049 2499,3989" type="word" xml:id="facs_27_tr_1_tl_18_w3"/>
               <zone points="2795,3970 2795,4030 2998,4030 2998,3970" type="word" xml:id="facs_27_tr_1_tl_18_w4"/>
               <zone points="3103,3935 3103,3995 4386,3995 4386,3935" type="word" xml:id="facs_27_tr_1_tl_18_w5"/>
            </zone>
            <zone points="1003,4289 4450,4170 4450,4041 1003,4160" rendition="Line" xml:id="facs_27_tr_1_tl_19">
               <zone points="1027,4202 1027,4262 1195,4262 1195,4202" type="word" xml:id="facs_27_tr_1_tl_19_w1"/>
               <zone points="1248,4194 1248,4254 1467,4254 1467,4194" type="word" xml:id="facs_27_tr_1_tl_19_w2"/>
               <zone points="1554,4171 1554,4231 2065,4231 2065,4171" type="word" xml:id="facs_27_tr_1_tl_19_w3"/>
               <zone points="2135,4152 2135,4212 2629,4212 2629,4152" type="word" xml:id="facs_27_tr_1_tl_19_w4"/>
               <zone points="2716,4147 2716,4207 2816,4207 2816,4147" type="word" xml:id="facs_27_tr_1_tl_19_w5"/>
               <zone points="2853,4147 2853,4207 3055,4207 3055,4147" type="word" xml:id="facs_27_tr_1_tl_19_w6"/>
               <zone points="3161,4139 3161,4199 3278,4199 3278,4139" type="word" xml:id="facs_27_tr_1_tl_19_w7"/>
               <zone points="3314,4124 3314,4184 3619,4184 3619,4124" type="word" xml:id="facs_27_tr_1_tl_19_w8"/>
               <zone points="3689,4100 3689,4160 4370,4160 4370,4100" type="word" xml:id="facs_27_tr_1_tl_19_w9"/>
            </zone>
            <zone points="997,4473 4450,4371 4450,4247 997,4349" rendition="Line" xml:id="facs_27_tr_1_tl_20">
               <zone points="1018,4389 1018,4449 1032,4449 1032,4389" type="word" xml:id="facs_27_tr_1_tl_20_w1"/>
               <zone points="3102,4290 3102,4350 4331,4350 4331,4290" type="word" xml:id="facs_27_tr_1_tl_20_w2"/>
            </zone>
            <zone points="1015,4670 4456,4538 4456,4414 1015,4546" rendition="Line" xml:id="facs_27_tr_1_tl_21">
               <zone points="1053,4581 1053,4641 1198,4641 1198,4581" type="word" xml:id="facs_27_tr_1_tl_21_w1"/>
               <zone points="1266,4567 1266,4627 1476,4627 1476,4567" type="word" xml:id="facs_27_tr_1_tl_21_w2"/>
               <zone points="1559,4564 1559,4624 1590,4624 1590,4564" type="word" xml:id="facs_27_tr_1_tl_21_w3"/>
               <zone points="2408,4529 2408,4589 2438,4589 2438,4529" type="word" xml:id="facs_27_tr_1_tl_21_w4"/>
               <zone points="2457,4529 2457,4589 2504,4589 2504,4529" type="word" xml:id="facs_27_tr_1_tl_21_w5"/>
            </zone>
            <zone points="1027,4858 4462,4756 4462,4624 1027,4726" rendition="Line" xml:id="facs_27_tr_1_tl_22">
               <zone points="1054,4764 1054,4824 1219,4824 1219,4764" type="word" xml:id="facs_27_tr_1_tl_22_w1"/>
               <zone points="1259,4755 1259,4815 1275,4815 1275,4755" type="word" xml:id="facs_27_tr_1_tl_22_w2"/>
               <zone points="1315,4749 1315,4809 1574,4809 1574,4749" type="word" xml:id="facs_27_tr_1_tl_22_w3"/>
               <zone points="1651,4742 1651,4802 1742,4802 1742,4742" type="word" xml:id="facs_27_tr_1_tl_22_w4"/>
               <zone points="1818,4724 1818,4784 2301,4784 2301,4724" type="word" xml:id="facs_27_tr_1_tl_22_w5"/>
               <zone points="2378,4712 2378,4772 2900,4772 2900,4712" type="word" xml:id="facs_27_tr_1_tl_22_w6"/>
               <zone points="2977,4692 2977,4752 3553,4752 3553,4692" type="word" xml:id="facs_27_tr_1_tl_22_w7"/>
               <zone points="3574,4682 3574,4742 3609,4742 3609,4682" type="word" xml:id="facs_27_tr_1_tl_22_w8"/>
               <zone points="3649,4678 3649,4738 3833,4738 3833,4678" type="word" xml:id="facs_27_tr_1_tl_22_w9"/>
               <zone points="3910,4672 3910,4732 4112,4732 4112,4672" type="word" xml:id="facs_27_tr_1_tl_22_w10"/>
               <zone points="4171,4672 4171,4732 4430,4732 4430,4672" type="word" xml:id="facs_27_tr_1_tl_22_w11"/>
            </zone>
            <zone points="1021,5025 4456,4930 4456,4798 1021,4893" rendition="Line" xml:id="facs_27_tr_1_tl_23">
               <zone points="1027,4935 1027,4995 1311,4995 1311,4935" type="word" xml:id="facs_27_tr_1_tl_23_w1"/>
               <zone points="1398,4921 1398,4981 1850,4981 1850,4921" type="word" xml:id="facs_27_tr_1_tl_23_w2"/>
               <zone points="1953,4910 1953,4970 2153,4970 2153,4910" type="word" xml:id="facs_27_tr_1_tl_23_w3"/>
               <zone points="2206,4899 2206,4959 2523,4959 2523,4899" type="word" xml:id="facs_27_tr_1_tl_23_w4"/>
               <zone points="2593,4894 2593,4954 2641,4954 2641,4894" type="word" xml:id="facs_27_tr_1_tl_23_w5"/>
               <zone points="2660,4893 2660,4953 2828,4953 2828,4893" type="word" xml:id="facs_27_tr_1_tl_23_w6"/>
               <zone points="2898,4875 2898,4935 3889,4935 3889,4875" type="word" xml:id="facs_27_tr_1_tl_23_w7"/>
               <zone points="3958,4853 3958,4913 4377,4913 4377,4853" type="word" xml:id="facs_27_tr_1_tl_23_w8"/>
            </zone>
            <zone points="1021,5204 4456,5133 4456,5001 4284,4996 1021,5072" rendition="Line" xml:id="facs_27_tr_1_tl_24">
               <zone points="1046,5117 1046,5177 1308,5177 1308,5117" type="word" xml:id="facs_27_tr_1_tl_24_w1"/>
               <zone points="1381,5107 1381,5167 1696,5167 1696,5107" type="word" xml:id="facs_27_tr_1_tl_24_w2"/>
               <zone points="1804,5092 1804,5152 2489,5152 2489,5092" type="word" xml:id="facs_27_tr_1_tl_24_w3"/>
               <zone points="2579,5075 2579,5135 3071,5135 3071,5075" type="word" xml:id="facs_27_tr_1_tl_24_w4"/>
               <zone points="3161,5065 3161,5125 3247,5125 3247,5065" type="word" xml:id="facs_27_tr_1_tl_24_w5"/>
               <zone points="3320,5056 3320,5116 4023,5116 4023,5056" type="word" xml:id="facs_27_tr_1_tl_24_w6"/>
               <zone points="4131,5044 4131,5104 4410,5104 4410,5044" type="word" xml:id="facs_27_tr_1_tl_24_w7"/>
            </zone>
            <zone points="1028,5401 4426,5306 4426,5174 1028,5269" rendition="Line" xml:id="facs_27_tr_1_tl_25">
               <zone points="1052,5302 1052,5362 1481,5362 1481,5302" type="word" xml:id="facs_27_tr_1_tl_25_w1"/>
               <zone points="1552,5288 1552,5348 1585,5348 1585,5288" type="word" xml:id="facs_27_tr_1_tl_25_w2"/>
               <zone points="1621,5293 1621,5353 1826,5353 1826,5293" type="word" xml:id="facs_27_tr_1_tl_25_w3"/>
               <zone points="1915,5279 1915,5339 2309,5339 2309,5279" type="word" xml:id="facs_27_tr_1_tl_25_w4"/>
               <zone points="2380,5266 2380,5326 2706,5326 2706,5266" type="word" xml:id="facs_27_tr_1_tl_25_w5"/>
               <zone points="2812,5258 2812,5318 3413,5318 3413,5258" type="word" xml:id="facs_27_tr_1_tl_25_w6"/>
               <zone points="3519,5240 3519,5300 3862,5300 3862,5240" type="word" xml:id="facs_27_tr_1_tl_25_w7"/>
               <zone points="3968,5239 3968,5299 4000,5299 4000,5239" type="word" xml:id="facs_27_tr_1_tl_25_w8"/>
               <zone points="4054,5234 4054,5294 4397,5294 4397,5234" type="word" xml:id="facs_27_tr_1_tl_25_w9"/>
            </zone>
            <zone points="1033,5587 4432,5509 4432,5377 4074,5371 1033,5455" rendition="Line" xml:id="facs_27_tr_1_tl_26">
               <zone points="1060,5489 1060,5549 1448,5549 1448,5489" type="word" xml:id="facs_27_tr_1_tl_26_w1"/>
               <zone points="1545,5473 1545,5533 1710,5533 1710,5473" type="word" xml:id="facs_27_tr_1_tl_26_w2"/>
               <zone points="1806,5467 1806,5527 2308,5527 2308,5467" type="word" xml:id="facs_27_tr_1_tl_26_w3"/>
               <zone points="2422,5460 2422,5520 2552,5520 2552,5460" type="word" xml:id="facs_27_tr_1_tl_26_w4"/>
               <zone points="3470,5423 3470,5483 4418,5483 4418,5423" type="word" xml:id="facs_27_tr_1_tl_26_w5"/>
            </zone>
            <zone points="1033,5634 2592,5586 2592,5718 1033,5719" rendition="Line" xml:id="facs_27_line_1719402781843_858">
               <zone points="1054,5663 1054,5723 1958,5723 1958,5663" type="word" xml:id="facs_27_line_1719402781843_858_w1"/>
               <zone points="2022,5643 2022,5703 2535,5703 2535,5643" type="word" xml:id="facs_27_line_1719402781843_858_w2"/>
            </zone>
         </zone>
         <zone points="907,5719 4491,5719 4491,6871 907,6871" rendition="TextRegion" xml:id="facs_27_TextRegion_1719402781812_854">
            <zone points="1200,5950 4462,5866 4462,5737 1200,5821" rendition="Line" xml:id="facs_27_tr_1_tl_28">
               <zone points="1223,5857 1223,5917 1425,5917 1425,5857" type="word" xml:id="facs_27_tr_1_tl_28_w1"/>
               <zone points="1886,5824 1886,5884 3328,5884 3328,5824" type="word" xml:id="facs_27_tr_1_tl_28_w2"/>
               <zone points="3417,5813 3417,5873 3466,5873 3466,5813" type="word" xml:id="facs_27_tr_1_tl_28_w3"/>
               <zone points="3502,5811 3502,5871 3533,5871 3533,5811" type="word" xml:id="facs_27_tr_1_tl_28_w4"/>
            </zone>
            <zone points="1039,6133 4479,6056 4479,5932 1039,6009" rendition="Line" xml:id="facs_27_tr_1_tl_29">
               <zone points="1061,6031 1061,6091 2053,6091 2053,6031" type="word" xml:id="facs_27_tr_1_tl_29_w1"/>
               <zone points="2153,6010 2153,6070 2756,6070 2756,6010" type="word" xml:id="facs_27_tr_1_tl_29_w2"/>
               <zone points="2824,6008 2824,6068 3197,6068 3197,6008" type="word" xml:id="facs_27_tr_1_tl_29_w3"/>
               <zone points="3248,5986 3248,6046 3816,6046 3816,5986" type="word" xml:id="facs_27_tr_1_tl_29_w4"/>
               <zone points="3949,5992 3949,6052 4028,6052 4028,5992" type="word" xml:id="facs_27_tr_1_tl_29_w5"/>
               <zone points="4112,5988 4112,6048 4370,6048 4370,5988" type="word" xml:id="facs_27_tr_1_tl_29_w6"/>
            </zone>
            <zone points="1051,6302 4473,6255 4473,6125 1051,6172" rendition="Line" xml:id="facs_27_tr_1_tl_30">
               <zone points="1088,6211 1088,6271 1580,6271 1580,6211" type="word" xml:id="facs_27_tr_1_tl_30_w1"/>
               <zone points="1693,6198 1693,6258 2487,6258 2487,6198" type="word" xml:id="facs_27_tr_1_tl_30_w2"/>
               <zone points="2569,6189 2569,6249 3380,6249 3380,6189" type="word" xml:id="facs_27_tr_1_tl_30_w3"/>
               <zone points="3462,6184 3462,6244 3667,6244 3667,6184" type="word" xml:id="facs_27_tr_1_tl_30_w4"/>
               <zone points="3748,6180 3748,6240 3762,6240 3762,6180" type="word" xml:id="facs_27_tr_1_tl_30_w5"/>
               <zone points="3780,6180 3780,6240 3858,6240 3858,6180" type="word" xml:id="facs_27_tr_1_tl_30_w6"/>
               <zone points="3955,6184 3955,6244 4176,6244 4176,6184" type="word" xml:id="facs_27_tr_1_tl_30_w7"/>
               <zone points="4226,6182 4226,6242 4431,6242 4431,6182" type="word" xml:id="facs_27_tr_1_tl_30_w8"/>
            </zone>
            <zone points="1055,6495 4467,6441 4467,6309 1055,6363" rendition="Line" xml:id="facs_27_tr_1_tl_31">
               <zone points="1078,6406 1078,6466 1328,6466 1328,6406" type="word" xml:id="facs_27_tr_1_tl_31_w1"/>
               <zone points="1430,6398 1430,6458 1781,6458 1781,6398" type="word" xml:id="facs_27_tr_1_tl_31_w2"/>
               <zone points="1867,6391 1867,6451 2977,6451 2977,6391" type="word" xml:id="facs_27_tr_1_tl_31_w3"/>
               <zone points="3079,6375 3079,6435 3111,6435 3111,6375" type="word" xml:id="facs_27_tr_1_tl_31_w4"/>
               <zone points="3146,6377 3146,6437 3228,6437 3228,6377" type="word" xml:id="facs_27_tr_1_tl_31_w5"/>
               <zone points="3331,6373 3331,6433 3767,6433 3767,6373" type="word" xml:id="facs_27_tr_1_tl_31_w6"/>
               <zone points="3870,6367 3870,6427 4338,6427 4338,6367" type="word" xml:id="facs_27_tr_1_tl_31_w7"/>
            </zone>
            <zone points="1075,6686 4491,6632 4491,6500 1075,6554" rendition="Line" xml:id="facs_27_tr_1_tl_32">
               <zone points="1081,6593 1081,6653 1599,6653 1599,6593" type="word" xml:id="facs_27_tr_1_tl_32_w1"/>
               <zone points="1718,6590 1718,6650 1917,6650 1917,6590" type="word" xml:id="facs_27_tr_1_tl_32_w2"/>
               <zone points="1986,6589 1986,6649 2437,6649 2437,6589" type="word" xml:id="facs_27_tr_1_tl_32_w3"/>
               <zone points="2539,6576 2539,6636 2554,6636 2554,6576" type="word" xml:id="facs_27_tr_1_tl_32_w4"/>
               <zone points="2590,6565 2590,6625 3342,6625 3342,6565" type="word" xml:id="facs_27_tr_1_tl_32_w5"/>
               <zone points="3428,6564 3428,6624 3694,6624 3694,6564" type="word" xml:id="facs_27_tr_1_tl_32_w6"/>
               <zone points="3780,6565 3780,6625 3861,6625 3861,6565" type="word" xml:id="facs_27_tr_1_tl_32_w7"/>
               <zone points="3947,6560 3947,6620 4398,6620 4398,6560" type="word" xml:id="facs_27_tr_1_tl_32_w8"/>
            </zone>
         </zone>
      </surface>
      <surface lrx="5503" lry="8255" ulx="0" uly="0" xml:id="facs_28">
         <!--<graphic height="8255px" url="69063513.jpg" width="5503px"/>-->
         <graphic height="8255px" url="https://files.transkribus.eu/Get?id=QJDIRCIXVVXIBZAMQDBTKGBG&amp;fileType=view" width="5503px"/>
         <zone points="1122,1183 4653,1183 4653,2829 1122,2829" rendition="TextRegion" xml:id="facs_28_TextRegion_1719402872821_921">
            <zone points="1109,1317 1378,1309 1474,1352 1535,1304 1835,1339 1961,1291 2165,1339 2487,1300 2743,1343 3008,1300 3648,1361 3861,1326 3982,1374 4217,1317 4278,1361 4582,1378 4582,1130 4300,1152 4191,1091 3987,1178 3900,1117 3756,1152 3587,1022 3508,1061 3369,1039 3252,1126 3169,1083 3122,1122 3069,1087 2882,1130 2782,1065 2700,1100 2587,1039 2535,1078 2217,1039 2074,1122 1913,1069 1726,1091 1517,996 1404,1000 1330,1061 1104,1022" rendition="Line" xml:id="facs_28_tr_1_tl_1">
               <zone points="1171,1237 1171,1297 1816,1297 1816,1237" type="word" xml:id="facs_28_tr_1_tl_1_w1"/>
               <zone points="1870,1238 1870,1298 1893,1298 1893,1238" type="word" xml:id="facs_28_tr_1_tl_1_w2"/>
               <zone points="1948,1241 1948,1301 2099,1301 2099,1241" type="word" xml:id="facs_28_tr_1_tl_1_w3"/>
               <zone points="2180,1250 2180,1310 3134,1310 3134,1250" type="word" xml:id="facs_28_tr_1_tl_1_w4"/>
               <zone points="3218,1259 3218,1319 3473,1319 3473,1259" type="word" xml:id="facs_28_tr_1_tl_1_w5"/>
               <zone points="3579,1265 3579,1325 3860,1325 3860,1265" type="word" xml:id="facs_28_tr_1_tl_1_w6"/>
               <zone points="3995,1265 3995,1325 4559,1325 4559,1265" type="word" xml:id="facs_28_tr_1_tl_1_w7"/>
            </zone>
            <zone points="1100,1504 1335,1478 1643,1539 1943,1482 2109,1526 2443,1491 2535,1548 2582,1504 2826,1548 2874,1513 3082,1543 3135,1500 3217,1552 3535,1504 3752,1552 3995,1522 4087,1569 4261,1530 4587,1552 4587,1391 4182,1326 4000,1369 3769,1339 3726,1374 2969,1300 2891,1356 2795,1309 2752,1343 2639,1304 2161,1335 2048,1296 1830,1339 1726,1304 1526,1309 1482,1348 1396,1309 1100,1335" rendition="Line" xml:id="facs_28_tr_1_tl_2">
               <zone points="1160,1429 1160,1489 1367,1489 1367,1429" type="word" xml:id="facs_28_tr_1_tl_2_w1"/>
               <zone points="1417,1432 1417,1492 1624,1492 1624,1432" type="word" xml:id="facs_28_tr_1_tl_2_w2"/>
               <zone points="1697,1426 1697,1486 2185,1486 2185,1426" type="word" xml:id="facs_28_tr_1_tl_2_w3"/>
               <zone points="2281,1440 2281,1500 2698,1500 2698,1440" type="word" xml:id="facs_28_tr_1_tl_2_w4"/>
               <zone points="2748,1447 2748,1507 3049,1507 3049,1447" type="word" xml:id="facs_28_tr_1_tl_2_w5"/>
               <zone points="3099,1445 3099,1505 3119,1505 3119,1445" type="word" xml:id="facs_28_tr_1_tl_2_w6"/>
               <zone points="3169,1446 3169,1506 3353,1506 3353,1446" type="word" xml:id="facs_28_tr_1_tl_2_w7"/>
               <zone points="3402,1453 3402,1513 3446,1513 3446,1453" type="word" xml:id="facs_28_tr_1_tl_2_w8"/>
               <zone points="3496,1453 3496,1513 3680,1513 3680,1453" type="word" xml:id="facs_28_tr_1_tl_2_w9"/>
               <zone points="3753,1461 3753,1521 4544,1521 4544,1461" type="word" xml:id="facs_28_tr_1_tl_2_w10"/>
            </zone>
            <zone points="1117,1687 1561,1717 1817,1674 2039,1743 2130,1687 2835,1730 3143,1674 3343,1743 3439,1700 4017,1761 4087,1713 4582,1743 4582,1548 4400,1535 4095,1574 4004,1526 3756,1552 3643,1513 3221,1552 3139,1517 2800,1552 2739,1500 2539,1548 2248,1504 2113,1530 2065,1491 1939,1539 1278,1482 1117,1517" rendition="Line" xml:id="facs_28_tr_1_tl_3">
               <zone points="1152,1638 1152,1698 1331,1698 1331,1638" type="word" xml:id="facs_28_tr_1_tl_3_w1"/>
               <zone points="1402,1638 1402,1698 1445,1698 1445,1638" type="word" xml:id="facs_28_tr_1_tl_3_w2"/>
               <zone points="1470,1632 1470,1692 1672,1692 1672,1632" type="word" xml:id="facs_28_tr_1_tl_3_w3"/>
               <zone points="1720,1626 1720,1686 1922,1686 1922,1626" type="word" xml:id="facs_28_tr_1_tl_3_w4"/>
               <zone points="1971,1629 1971,1689 2286,1689 2286,1629" type="word" xml:id="facs_28_tr_1_tl_3_w5"/>
               <zone points="2380,1640 2380,1700 2994,1700 2994,1640" type="word" xml:id="facs_28_tr_1_tl_3_w6"/>
               <zone points="3065,1636 3065,1696 3267,1696 3267,1636" type="word" xml:id="facs_28_tr_1_tl_3_w7"/>
               <zone points="3361,1642 3361,1702 4086,1702 4086,1642" type="word" xml:id="facs_28_tr_1_tl_3_w8"/>
               <zone points="4157,1648 4157,1708 4176,1708 4176,1648" type="word" xml:id="facs_28_tr_1_tl_3_w9"/>
               <zone points="4225,1650 4225,1710 4495,1710 4495,1650" type="word" xml:id="facs_28_tr_1_tl_3_w10"/>
            </zone>
            <zone points="1109,1917 1343,1926 1487,1869 1574,1909 1848,1874 1896,1913 2143,1878 2248,1917 2326,1865 2452,1926 2795,1878 2978,1913 3026,1869 3187,1917 4082,1900 4239,1956 4604,1913 4604,1756 4434,1722 4339,1752 4104,1717 3939,1761 3700,1713 3474,1756 3143,1678 2991,1748 2517,1700 2317,1743 2139,1682 2026,1739 1822,1674 1543,1722 1109,1717" rendition="Line" xml:id="facs_28_tr_1_tl_4">
               <zone points="1165,1826 1165,1886 1700,1886 1700,1826" type="word" xml:id="facs_28_tr_1_tl_4_w1"/>
               <zone points="1814,1823 1814,1883 2393,1883 2393,1823" type="word" xml:id="facs_28_tr_1_tl_4_w2"/>
               <zone points="2462,1829 2462,1889 2752,1889 2752,1829" type="word" xml:id="facs_28_tr_1_tl_4_w3"/>
               <zone points="2843,1823 2843,1883 2952,1883 2952,1823" type="word" xml:id="facs_28_tr_1_tl_4_w4"/>
               <zone points="3044,1827 3044,1887 3289,1887 3289,1827" type="word" xml:id="facs_28_tr_1_tl_4_w5"/>
               <zone points="3403,1829 3403,1889 3600,1889 3600,1829" type="word" xml:id="facs_28_tr_1_tl_4_w6"/>
               <zone points="3673,1832 3673,1892 3959,1892 3959,1832" type="word" xml:id="facs_28_tr_1_tl_4_w7"/>
               <zone points="4051,1835 4051,1895 4296,1895 4296,1835" type="word" xml:id="facs_28_tr_1_tl_4_w8"/>
               <zone points="4388,1835 4388,1895 4541,1895 4541,1835" type="word" xml:id="facs_28_tr_1_tl_4_w9"/>
            </zone>
            <zone points="1122,2078 4578,2122 4578,1926 4234,1956 4034,1904 3948,1952 3708,1900 3578,1948 3339,1887 3169,1930 3069,1891 2795,1926 2700,1882 2422,1926 2326,1865 2248,1922 2139,1878 1865,1939 1687,1878 1596,1930 1474,1887 1122,1922" rendition="Line" xml:id="facs_28_tr_1_tl_5">
               <zone points="1155,2019 1155,2079 1520,2079 1520,2019" type="word" xml:id="facs_28_tr_1_tl_5_w1"/>
               <zone points="1609,2008 1609,2068 2041,2068 2041,2008" type="word" xml:id="facs_28_tr_1_tl_5_w2"/>
               <zone points="2087,2014 2087,2074 2412,2074 2412,2014" type="word" xml:id="facs_28_tr_1_tl_5_w3"/>
               <zone points="2479,2008 2479,2068 2779,2068 2779,2008" type="word" xml:id="facs_28_tr_1_tl_5_w4"/>
               <zone points="2850,2012 2850,2072 3520,2072 3520,2012" type="word" xml:id="facs_28_tr_1_tl_5_w5"/>
               <zone points="3609,2014 3609,2074 3952,2074 3952,2014" type="word" xml:id="facs_28_tr_1_tl_5_w6"/>
               <zone points="4023,2012 4023,2072 4560,2072 4560,2012" type="word" xml:id="facs_28_tr_1_tl_5_w7"/>
            </zone>
            <zone points="1117,2282 1696,2269 1800,2313 1952,2269 2022,2322 2091,2278 2300,2300 2409,2256 2526,2309 2839,2261 3108,2309 3991,2274 4230,2278 4326,2326 4391,2269 4595,2309 4595,2117 4400,2095 3856,2130 3604,2082 3543,2135 3213,2078 2800,2117 2522,2074 2417,2109 2352,2074 2291,2122 2243,2078 2043,2113 1952,2069 1117,2100" rendition="Line" xml:id="facs_28_tr_1_tl_6">
               <zone points="1150,2205 1150,2265 1475,2265 1475,2205" type="word" xml:id="facs_28_tr_1_tl_6_w1"/>
               <zone points="1586,2211 1586,2271 2173,2271 2173,2211" type="word" xml:id="facs_28_tr_1_tl_6_w2"/>
               <zone points="2219,2214 2219,2274 2260,2274 2260,2214" type="word" xml:id="facs_28_tr_1_tl_6_w3"/>
               <zone points="2287,2210 2287,2270 2459,2270 2459,2210" type="word" xml:id="facs_28_tr_1_tl_6_w4"/>
               <zone points="2505,2205 2505,2265 2764,2265 2764,2205" type="word" xml:id="facs_28_tr_1_tl_6_w5"/>
               <zone points="2832,2206 2832,2266 3004,2266 3004,2206" type="word" xml:id="facs_28_tr_1_tl_6_w6"/>
               <zone points="3094,2207 3094,2267 4076,2267 4076,2207" type="word" xml:id="facs_28_tr_1_tl_6_w7"/>
               <zone points="4144,2213 4144,2273 4185,2273 4185,2213" type="word" xml:id="facs_28_tr_1_tl_6_w8"/>
               <zone points="4231,2210 4231,2270 4512,2270 4512,2210" type="word" xml:id="facs_28_tr_1_tl_6_w9"/>
            </zone>
            <zone points="1122,2509 1678,2456 1943,2509 2191,2456 2400,2509 2543,2452 2739,2495 3152,2465 3243,2504 3300,2469 3395,2522 3491,2474 3878,2513 4169,2452 4321,2504 4417,2461 4595,2509 4595,2309 4461,2317 4391,2274 4334,2322 3743,2265 3613,2300 3265,2278 3165,2326 3078,2282 2965,2322 2787,2287 2591,2322 2374,2261 2091,2278 2035,2322 1913,2265 1852,2309 1469,2269 1361,2326 1248,2261 1122,2309" rendition="Line" xml:id="facs_28_tr_1_tl_7">
               <zone points="1157,2400 1157,2460 1672,2460 1672,2400" type="word" xml:id="facs_28_tr_1_tl_7_w1"/>
               <zone points="1765,2399 1765,2459 1987,2459 1987,2399" type="word" xml:id="facs_28_tr_1_tl_7_w2"/>
               <zone points="2125,2391 2125,2451 2865,2451 2865,2391" type="word" xml:id="facs_28_tr_1_tl_7_w3"/>
               <zone points="2980,2394 2980,2454 3068,2454 3068,2394" type="word" xml:id="facs_28_tr_1_tl_7_w4"/>
               <zone points="3161,2405 3161,2465 4013,2465 4013,2405" type="word" xml:id="facs_28_tr_1_tl_7_w5"/>
               <zone points="4106,2398 4106,2458 4509,2458 4509,2398" type="word" xml:id="facs_28_tr_1_tl_7_w6"/>
            </zone>
            <zone points="1126,2665 1443,2695 1561,2648 1804,2678 1969,2639 2100,2691 2152,2652 2426,2678 2582,2639 2795,2691 3026,2639 3600,2717 3717,2639 3821,2708 4039,2652 4178,2722 4434,2691 4517,2748 4587,2717 4587,2495 4395,2469 4326,2504 4174,2452 3874,2517 3674,2465 3395,2522 3300,2469 2978,2500 2461,2456 2339,2500 2139,2452 1956,2509 1452,2465 1126,2513" rendition="Line" xml:id="facs_28_tr_1_tl_8">
               <zone points="1182,2600 1182,2660 1380,2660 1380,2600" type="word" xml:id="facs_28_tr_1_tl_8_w1"/>
               <zone points="1495,2600 1495,2660 1715,2660 1715,2600" type="word" xml:id="facs_28_tr_1_tl_8_w2"/>
               <zone points="1807,2594 1807,2654 1849,2654 1849,2594" type="word" xml:id="facs_28_tr_1_tl_8_w3"/>
               <zone points="1896,2589 1896,2649 2340,2649 2340,2589" type="word" xml:id="facs_28_tr_1_tl_8_w4"/>
               <zone points="2454,2588 2454,2648 2831,2648 2831,2588" type="word" xml:id="facs_28_tr_1_tl_8_w5"/>
               <zone points="2945,2592 2945,2652 3143,2652 3143,2592" type="word" xml:id="facs_28_tr_1_tl_8_w6"/>
               <zone points="3235,2585 3235,2645 3857,2645 3857,2585" type="word" xml:id="facs_28_tr_1_tl_8_w7"/>
               <zone points="3949,2588 3949,2648 4504,2648 4504,2588" type="word" xml:id="facs_28_tr_1_tl_8_w8"/>
            </zone>
            <zone points="1126,2870 1574,2904 1778,2830 1948,2878 2043,2830 2622,2882 2622,2682 2556,2656 1126,2653" rendition="Line" xml:id="facs_28_line_1719402872850_924">
               <zone points="1526,2777 1526,2837 1997,2837 1997,2777" type="word" xml:id="facs_28_line_1719402872850_924_w1"/>
               <zone points="2068,2779 2068,2839 2584,2839 2584,2779" type="word" xml:id="facs_28_line_1719402872850_924_w2"/>
            </zone>
         </zone>
         <zone points="1122,2829 4653,2829 4653,5114 1122,5114" rendition="TextRegion" xml:id="facs_28_TextRegion_1719402876612_928">
            <zone points="1296,3056 1548,3030 1696,3078 1826,3022 2104,3078 2548,3022 2765,3065 2878,3022 2969,3056 3117,3030 3174,3074 3248,3035 3343,3069 3430,3030 3834,3061 3978,3026 4248,3069 4382,3008 4439,3052 4600,3056 4600,2761 4443,2722 4269,2717 4139,2826 3887,2861 3148,2852 2978,2795 2900,2865 2752,2817 2587,2878 2378,2835 2235,2887 2043,2835 1948,2882 1656,2843 1574,2904 1452,2848 1296,2874" rendition="Line" xml:id="facs_28_tr_1_tl_10">
               <zone points="1365,2987 1365,3047 1573,3047 1573,2987" type="word" xml:id="facs_28_tr_1_tl_10_w1"/>
               <zone points="1655,2977 1655,3037 1866,3037 1866,2977" type="word" xml:id="facs_28_tr_1_tl_10_w2"/>
               <zone points="2002,2973 2002,3033 2398,3033 2398,2973" type="word" xml:id="facs_28_tr_1_tl_10_w3"/>
               <zone points="2454,2973 2454,3033 2662,3033 2662,2973" type="word" xml:id="facs_28_tr_1_tl_10_w4"/>
               <zone points="2748,2976 2748,3036 3540,3036 3540,2976" type="word" xml:id="facs_28_tr_1_tl_10_w5"/>
               <zone points="3649,2970 3649,3030 3702,3030 3702,2970" type="word" xml:id="facs_28_tr_1_tl_10_w6"/>
               <zone points="3758,2970 3758,3030 4019,3030 4019,2970" type="word" xml:id="facs_28_tr_1_tl_10_w7"/>
               <zone points="4075,2964 4075,3024 4260,3024 4260,2964" type="word" xml:id="facs_28_tr_1_tl_10_w8"/>
               <zone points="4342,2959 4342,3019 4524,3019 4524,2959" type="word" xml:id="facs_28_tr_1_tl_10_w9"/>
            </zone>
            <zone points="1139,3256 1513,3235 1609,3269 1817,3217 2504,3248 2574,3204 2817,3261 2948,3208 3135,3226 3217,3287 3335,3217 3465,3269 3530,3217 3869,3256 3926,3208 4121,3248 4565,3213 4565,3061 4400,3022 4248,3074 4091,3074 4026,3017 3974,3065 3721,3074 3539,3026 3356,3069 3252,3035 3156,3082 3087,3030 2882,3026 2765,3065 2595,3026 2274,3065 2217,3030 2104,3078 1817,3030 1687,3091 1587,3035 1143,3065" rendition="Line" xml:id="facs_28_tr_1_tl_11">
               <zone points="1199,3180 1199,3240 1455,3240 1455,3180" type="word" xml:id="facs_28_tr_1_tl_11_w1"/>
               <zone points="1552,3167 1552,3227 1928,3227 1928,3167" type="word" xml:id="facs_28_tr_1_tl_11_w2"/>
               <zone points="2025,3163 2025,3223 2233,3223 2233,3163" type="word" xml:id="facs_28_tr_1_tl_11_w3"/>
               <zone points="2330,3165 2330,3225 2398,3225 2398,3165" type="word" xml:id="facs_28_tr_1_tl_11_w4"/>
               <zone points="2521,3161 2521,3221 2941,3221 2941,3161" type="word" xml:id="facs_28_tr_1_tl_11_w5"/>
               <zone points="2991,3157 2991,3217 3320,3217 3320,3157" type="word" xml:id="facs_28_tr_1_tl_11_w6"/>
               <zone points="3441,3155 3441,3215 3720,3215 3720,3155" type="word" xml:id="facs_28_tr_1_tl_11_w7"/>
               <zone points="3793,3155 3793,3215 4216,3215 4216,3155" type="word" xml:id="facs_28_tr_1_tl_11_w8"/>
               <zone points="4313,3139 4313,3199 4545,3199 4545,3139" type="word" xml:id="facs_28_tr_1_tl_11_w9"/>
            </zone>
            <zone points="1122,3439 1330,3474 1435,3417 1561,3448 1643,3417 1691,3456 1956,3408 2165,3452 2248,3408 2313,3452 2595,3417 2635,3456 2717,3400 3174,3439 3421,3408 3548,3452 3721,3400 4052,3408 4091,3448 4234,3408 4587,3417 4587,3235 4395,3204 4148,3256 3961,3213 3869,3256 3561,3221 3465,3274 3217,3287 3122,3226 2943,3208 2791,3261 2569,3204 2491,3256 2369,3213 2265,3261 2069,3217 2022,3256 1813,3226 1122,3274" rendition="Line" xml:id="facs_28_tr_1_tl_12">
               <zone points="1158,3368 1158,3428 1710,3428 1710,3368" type="word" xml:id="facs_28_tr_1_tl_12_w1"/>
               <zone points="1809,3347 1809,3407 2827,3407 2827,3347" type="word" xml:id="facs_28_tr_1_tl_12_w2"/>
               <zone points="2922,3334 2922,3394 3547,3394 3547,3334" type="word" xml:id="facs_28_tr_1_tl_12_w3"/>
               <zone points="3619,3339 3619,3399 3824,3399 3824,3339" type="word" xml:id="facs_28_tr_1_tl_12_w4"/>
               <zone points="3900,3329 3900,3389 4568,3389 4568,3329" type="word" xml:id="facs_28_tr_1_tl_12_w5"/>
            </zone>
            <zone points="1135,3621 1335,3604 1409,3648 1526,3608 1730,3635 1787,3595 2252,3635 2435,3595 2887,3626 3156,3591 3313,3630 3365,3595 3435,3643 3674,3582 4082,3626 4395,3574 4478,3608 4569,3582 4574,3435 4382,3408 3995,3448 3930,3395 3808,3395 3548,3452 2804,3395 2500,3469 2422,3421 2313,3452 2265,3408 2178,3452 1956,3408 1722,3465 1648,3421 1322,3474 1139,3456" rendition="Line" xml:id="facs_28_tr_1_tl_13">
               <zone points="1169,3563 1169,3623 1367,3623 1367,3563" type="word" xml:id="facs_28_tr_1_tl_13_w1"/>
               <zone points="1459,3557 1459,3617 1501,3617 1501,3557" type="word" xml:id="facs_28_tr_1_tl_13_w2"/>
               <zone points="1549,3555 1549,3615 1702,3615 1702,3555" type="word" xml:id="facs_28_tr_1_tl_13_w3"/>
               <zone points="1794,3542 1794,3602 2639,3602 2639,3542" type="word" xml:id="facs_28_tr_1_tl_13_w4"/>
               <zone points="2709,3543 2709,3603 2751,3603 2751,3543" type="word" xml:id="facs_28_tr_1_tl_13_w5"/>
               <zone points="2798,3534 2798,3594 3510,3594 3510,3534" type="word" xml:id="facs_28_tr_1_tl_13_w6"/>
               <zone points="3602,3527 3602,3587 3621,3587 3621,3527" type="word" xml:id="facs_28_tr_1_tl_13_w7"/>
               <zone points="3669,3513 3669,3573 4536,3573 4536,3513" type="word" xml:id="facs_28_tr_1_tl_13_w8"/>
            </zone>
            <zone points="1152,3821 1335,3800 1443,3856 1530,3795 1743,3839 1961,3787 2174,3839 2322,3778 2469,3839 2565,3787 3321,3813 3387,3769 3969,3808 4439,3769 4569,3813 4600,3600 4078,3621 4017,3582 3908,3635 3861,3595 3639,3587 3435,3643 3365,3600 3321,3635 3243,3595 2887,3630 2539,3591 2426,3652 2187,3595 2043,3652 1791,3591 1726,3635 1530,3613 1387,3661 1317,3608 1152,3630" rendition="Line" xml:id="facs_28_tr_1_tl_14">
               <zone points="1188,3746 1188,3806 1673,3806 1673,3746" type="word" xml:id="facs_28_tr_1_tl_14_w1"/>
               <zone points="1769,3736 1769,3796 1813,3796 1813,3736" type="word" xml:id="facs_28_tr_1_tl_14_w2"/>
               <zone points="1862,3731 1862,3791 2348,3791 2348,3731" type="word" xml:id="facs_28_tr_1_tl_14_w3"/>
               <zone points="2467,3729 2467,3789 2487,3789 2487,3729" type="word" xml:id="facs_28_tr_1_tl_14_w4"/>
               <zone points="2537,3723 2537,3783 3255,3783 3255,3723" type="word" xml:id="facs_28_tr_1_tl_14_w5"/>
               <zone points="3351,3719 3351,3779 3394,3779 3394,3719" type="word" xml:id="facs_28_tr_1_tl_14_w6"/>
               <zone points="3444,3717 3444,3777 3650,3777 3650,3717" type="word" xml:id="facs_28_tr_1_tl_14_w7"/>
               <zone points="3746,3705 3746,3765 4139,3765 4139,3705" type="word" xml:id="facs_28_tr_1_tl_14_w8"/>
               <zone points="4235,3700 4235,3760 4511,3760 4511,3700" type="word" xml:id="facs_28_tr_1_tl_14_w9"/>
            </zone>
            <zone points="1130,4013 1700,4021 1817,3969 2056,4017 2200,3978 2704,4004 2808,3965 3113,4013 3478,3969 3865,3991 4030,3948 4213,3987 4304,3948 4426,3987 4587,3965 4591,3800 4404,3808 4352,3769 4221,3813 4139,3774 4074,3817 3695,3769 3526,3808 3404,3769 3321,3813 3226,3782 2917,3826 2761,3769 2530,3791 2465,3839 2356,3778 2174,3839 1969,3791 1756,3834 1574,3791 1469,3848 1135,3826" rendition="Line" xml:id="facs_28_tr_1_tl_15">
               <zone points="1165,3940 1165,4000 1388,4000 1388,3940" type="word" xml:id="facs_28_tr_1_tl_15_w1"/>
               <zone points="1459,3933 1459,3993 1750,3993 1750,3933" type="word" xml:id="facs_28_tr_1_tl_15_w2"/>
               <zone points="1843,3925 1843,3985 2224,3985 2224,3925" type="word" xml:id="facs_28_tr_1_tl_15_w3"/>
               <zone points="2295,3914 2295,3974 3219,3974 3219,3914" type="word" xml:id="facs_28_tr_1_tl_15_w4"/>
               <zone points="3289,3910 3289,3970 3309,3970 3309,3910" type="word" xml:id="facs_28_tr_1_tl_15_w5"/>
               <zone points="3357,3902 3357,3962 4010,3962 4010,3902" type="word" xml:id="facs_28_tr_1_tl_15_w6"/>
               <zone points="4103,3881 4103,3941 4281,3941 4281,3881" type="word" xml:id="facs_28_tr_1_tl_15_w7"/>
               <zone points="4374,3868 4374,3928 4575,3928 4575,3868" type="word" xml:id="facs_28_tr_1_tl_15_w8"/>
            </zone>
            <zone points="1126,4161 1300,4217 1404,4161 2009,4221 2126,4169 2222,4208 2495,4161 2539,4204 2743,4148 2995,4195 3156,4148 3317,4191 3491,4143 3639,4178 3721,4134 3782,4165 3991,4134 4043,4174 4178,4139 4304,4187 4413,4130 4556,4178 4591,3978 4304,3948 4234,3987 3761,3965 2713,4013 2665,3978 2209,3974 2052,4017 1743,3982 1556,4052 1409,4004 1126,4017" rendition="Line" xml:id="facs_28_tr_1_tl_16">
               <zone points="1161,4118 1161,4178 1342,4178 1342,4118" type="word" xml:id="facs_28_tr_1_tl_16_w1"/>
               <zone points="1437,4124 1437,4184 1641,4184 1641,4124" type="word" xml:id="facs_28_tr_1_tl_16_w2"/>
               <zone points="1713,4117 1713,4177 2196,4177 2196,4117" type="word" xml:id="facs_28_tr_1_tl_16_w3"/>
               <zone points="2291,4106 2291,4166 2334,4166 2334,4106" type="word" xml:id="facs_28_tr_1_tl_16_w4"/>
               <zone points="2383,4105 2383,4165 2449,4165 2449,4105" type="word" xml:id="facs_28_tr_1_tl_16_w5"/>
               <zone points="2546,4105 2546,4165 2773,4165 2773,4105" type="word" xml:id="facs_28_tr_1_tl_16_w6"/>
               <zone points="2822,4100 2822,4160 2888,4160 2888,4100" type="word" xml:id="facs_28_tr_1_tl_16_w7"/>
               <zone points="2983,4095 2983,4155 3443,4155 3443,4095" type="word" xml:id="facs_28_tr_1_tl_16_w8"/>
               <zone points="3537,4092 3537,4152 3695,4152 3695,4092" type="word" xml:id="facs_28_tr_1_tl_16_w9"/>
               <zone points="3767,4081 3767,4141 4020,4141 4020,4081" type="word" xml:id="facs_28_tr_1_tl_16_w10"/>
               <zone points="4092,4073 4092,4133 4158,4133 4158,4073" type="word" xml:id="facs_28_tr_1_tl_16_w11"/>
               <zone points="4253,4068 4253,4128 4549,4128 4549,4068" type="word" xml:id="facs_28_tr_1_tl_16_w12"/>
            </zone>
            <zone points="1148,4395 1278,4365 1526,4439 1630,4378 1948,4391 2013,4348 2269,4413 2409,4339 2682,4400 2891,4348 3108,4378 3204,4343 3317,4387 3400,4330 3587,4378 3713,4326 3852,4369 4139,4317 4195,4352 4256,4304 4443,4361 4578,4334 4582,4169 4404,4187 4352,4143 4304,4187 4174,4139 3639,4178 3482,4143 3304,4195 3169,4156 2982,4195 2717,4156 2617,4200 2504,4174 2400,4208 2322,4165 2217,4213 2143,4174 1861,4221 1674,4169 1574,4217 1517,4178 1304,4217 1152,4187" rendition="Line" xml:id="facs_28_tr_1_tl_17">
               <zone points="1185,4313 1185,4373 1853,4373 1853,4313" type="word" xml:id="facs_28_tr_1_tl_17_w1"/>
               <zone points="1952,4300 1952,4360 1997,4360 1997,4300" type="word" xml:id="facs_28_tr_1_tl_17_w2"/>
               <zone points="2047,4295 2047,4355 2381,4355 2381,4295" type="word" xml:id="facs_28_tr_1_tl_17_w3"/>
               <zone points="2480,4292 2480,4352 2787,4352 2787,4292" type="word" xml:id="facs_28_tr_1_tl_17_w4"/>
               <zone points="2838,4289 2838,4349 3005,4349 3005,4289" type="word" xml:id="facs_28_tr_1_tl_17_w5"/>
               <zone points="3079,4277 3079,4337 4084,4337 4084,4277" type="word" xml:id="facs_28_tr_1_tl_17_w6"/>
               <zone points="4135,4250 4135,4310 4562,4310 4562,4250" type="word" xml:id="facs_28_tr_1_tl_17_w7"/>
            </zone>
            <zone points="1148,4604 1522,4569 1661,4617 1774,4552 1987,4591 2113,4530 2522,4574 2982,4526 3039,4574 3095,4521 3152,4561 3308,4530 3348,4569 3482,4521 3869,4547 3974,4508 4552,4539 4587,4530 4591,4330 3852,4369 3717,4326 3587,4378 3400,4330 3282,4391 3204,4343 3104,4391 2891,4348 2800,4404 2413,4339 2243,4417 2091,4356 1965,4400 1822,4356 1522,4434 1343,4378 1304,4417 1152,4391" rendition="Line" xml:id="facs_28_tr_1_tl_18">
               <zone points="1186,4505 1186,4565 1969,4565 1969,4505" type="word" xml:id="facs_28_tr_1_tl_18_w1"/>
               <zone points="2070,4472 2070,4532 2803,4532 2803,4472" type="word" xml:id="facs_28_tr_1_tl_18_w2"/>
               <zone points="2855,4472 2855,4532 3072,4532 3072,4472" type="word" xml:id="facs_28_tr_1_tl_18_w3"/>
               <zone points="3149,4469 3149,4529 3271,4529 3271,4469" type="word" xml:id="facs_28_tr_1_tl_18_w4"/>
               <zone points="3372,4464 3372,4524 3540,4524 3540,4464" type="word" xml:id="facs_28_tr_1_tl_18_w5"/>
               <zone points="3592,4457 3592,4517 3858,4517 3858,4457" type="word" xml:id="facs_28_tr_1_tl_18_w6"/>
               <zone points="3962,4446 3962,4506 4130,4506 4130,4446" type="word" xml:id="facs_28_tr_1_tl_18_w7"/>
               <zone points="4206,4436 4206,4496 4545,4496 4545,4436" type="word" xml:id="facs_28_tr_1_tl_18_w8"/>
            </zone>
            <zone points="1152,4761 1743,4791 1935,4739 2200,4765 2343,4726 2417,4774 2582,4739 2665,4782 2761,4726 2878,4761 2922,4726 3000,4756 3326,4713 3491,4756 3678,4695 3726,4743 3826,4691 3908,4743 3961,4704 4387,4739 4604,4691 4608,4521 4317,4552 3978,4504 3869,4547 3635,4517 3517,4569 3261,4530 3039,4574 2974,4534 2808,4574 2652,4539 2543,4582 2152,4534 1896,4608 1774,4552 1656,4617 1152,4604" rendition="Line" xml:id="facs_28_tr_1_tl_19">
               <zone points="1216,4701 1216,4761 1486,4761 1486,4701" type="word" xml:id="facs_28_tr_1_tl_19_w1"/>
               <zone points="1563,4693 1563,4753 1932,4753 1932,4693" type="word" xml:id="facs_28_tr_1_tl_19_w2"/>
               <zone points="1985,4681 1985,4741 2180,4741 2180,4681" type="word" xml:id="facs_28_tr_1_tl_19_w3"/>
               <zone points="2258,4666 2258,4726 2800,4726 2800,4666" type="word" xml:id="facs_28_tr_1_tl_19_w4"/>
               <zone points="2878,4660 2878,4720 2924,4720 2924,4660" type="word" xml:id="facs_28_tr_1_tl_19_w5"/>
               <zone points="2977,4657 2977,4717 3371,4717 3371,4657" type="word" xml:id="facs_28_tr_1_tl_19_w6"/>
               <zone points="3448,4643 3448,4703 3644,4703 3644,4643" type="word" xml:id="facs_28_tr_1_tl_19_w7"/>
               <zone points="3721,4639 3721,4699 4090,4699 4090,4639" type="word" xml:id="facs_28_tr_1_tl_19_w8"/>
               <zone points="4143,4627 4143,4687 4214,4687 4214,4627" type="word" xml:id="facs_28_tr_1_tl_19_w9"/>
               <zone points="4317,4624 4317,4684 4562,4684 4562,4624" type="word" xml:id="facs_28_tr_1_tl_19_w10"/>
            </zone>
            <zone points="1165,4991 1374,4939 2117,4995 2335,4934 2482,4926 2530,4965 2756,4913 2948,4960 3591,4900 3717,4934 3830,4895 3982,4943 4065,4891 4143,4943 4278,4887 4608,4930 4617,4691 4569,4687 4269,4747 3848,4700 3726,4739 3678,4700 3487,4756 3387,4726 3343,4769 3161,4717 2839,4743 2769,4787 2574,4739 2291,4795 1935,4734 1743,4795 1174,4782" rendition="Line" xml:id="facs_28_tr_1_tl_20">
               <zone points="1202,4911 1202,4971 1319,4971 1319,4911" type="word" xml:id="facs_28_tr_1_tl_20_w1"/>
               <zone points="1394,4888 1394,4948 1846,4948 1846,4888" type="word" xml:id="facs_28_tr_1_tl_20_w2"/>
               <zone points="1921,4877 1921,4937 1966,4937 1966,4877" type="word" xml:id="facs_28_tr_1_tl_20_w3"/>
               <zone points="1993,4875 1993,4935 2085,4935 2085,4875" type="word" xml:id="facs_28_tr_1_tl_20_w4"/>
               <zone points="2160,4852 2160,4912 2923,4912 2923,4852" type="word" xml:id="facs_28_tr_1_tl_20_w5"/>
               <zone points="3022,4843 3022,4903 3378,4903 3378,4843" type="word" xml:id="facs_28_tr_1_tl_20_w6"/>
               <zone points="3477,4827 3477,4887 3809,4887 3809,4827" type="word" xml:id="facs_28_tr_1_tl_20_w7"/>
               <zone points="3860,4815 3860,4875 4121,4875 4121,4815" type="word" xml:id="facs_28_tr_1_tl_20_w8"/>
               <zone points="4172,4801 4172,4861 4504,4861 4504,4801" type="word" xml:id="facs_28_tr_1_tl_20_w9"/>
            </zone>
            <zone points="1155,5151 1687,5139 1717,5117 1739,5126 1774,5117 1813,5139 1835,5134 1865,5143 1869,4982 1822,4991 1804,4974 1774,4987 1756,4987 1752,4978 1735,4987 1726,4974 1691,4995 1159,5008" rendition="Line" xml:id="facs_28_line_1719402876639_931">
               <zone points="1687,5072 1687,5132 1858,5132 1858,5072" type="word" xml:id="facs_28_line_1719402876639_931_w1"/>
            </zone>
         </zone>
         <zone points="1122,5114 4653,5114 4653,6411 1122,6411" rendition="TextRegion" xml:id="facs_28_TextRegion_1719402876612_927">
            <zone points="1339,5334 1656,5330 1735,5374 1826,5317 2065,5304 2400,5343 2456,5300 2835,5287 2926,5343 3261,5282 3552,5317 3695,5260 3748,5295 4339,5243 4600,5265 4608,4978 4395,4943 4134,5095 3817,5078 3665,5126 3608,5087 3169,5143 2952,5095 2869,5152 2787,5108 2552,5152 2400,5095 2265,5130 2174,5069 1878,5178 1722,5117 1643,5165 1478,5147 1343,5187" rendition="Line" xml:id="facs_28_tr_1_tl_22">
               <zone points="1385,5270 1385,5330 1609,5330 1609,5270" type="word" xml:id="facs_28_tr_1_tl_22_w1"/>
               <zone points="1698,5259 1698,5319 1925,5319 1925,5259" type="word" xml:id="facs_28_tr_1_tl_22_w2"/>
               <zone points="2071,5249 2071,5309 2497,5309 2497,5249" type="word" xml:id="facs_28_tr_1_tl_22_w3"/>
               <zone points="2586,5240 2586,5300 2810,5300 2810,5240" type="word" xml:id="facs_28_tr_1_tl_22_w4"/>
               <zone points="2898,5227 2898,5287 3726,5287 3726,5227" type="word" xml:id="facs_28_tr_1_tl_22_w5"/>
               <zone points="3815,5205 3815,5265 3868,5265 3868,5205" type="word" xml:id="facs_28_tr_1_tl_22_w6"/>
               <zone points="3957,5190 3957,5250 4582,5250 4582,5190" type="word" xml:id="facs_28_tr_1_tl_22_w7"/>
            </zone>
            <zone points="1178,5560 2369,5487 2482,5539 3839,5452 3908,5491 3982,5452 4474,5474 4613,5430 4617,5265 4469,5295 4308,5247 4208,5291 3878,5260 3804,5321 3682,5274 3421,5326 3261,5282 2943,5343 2848,5291 2630,5321 2556,5287 2395,5343 2078,5295 1878,5343 1826,5317 1735,5374 1656,5330 1522,5330 1461,5378 1300,5308 1183,5317" rendition="Line" xml:id="facs_28_tr_1_tl_23">
               <zone points="1219,5465 1219,5525 1447,5525 1447,5465" type="word" xml:id="facs_28_tr_1_tl_23_w1"/>
               <zone points="1554,5453 1554,5513 1937,5513 1937,5453" type="word" xml:id="facs_28_tr_1_tl_23_w2"/>
               <zone points="2017,5442 2017,5502 2220,5502 2220,5442" type="word" xml:id="facs_28_tr_1_tl_23_w3"/>
               <zone points="2274,5440 2274,5500 2297,5500 2297,5440" type="word" xml:id="facs_28_tr_1_tl_23_w4"/>
               <zone points="2329,5435 2329,5495 2532,5495 2532,5435" type="word" xml:id="facs_28_tr_1_tl_23_w5"/>
               <zone points="2612,5425 2612,5485 2944,5485 2944,5425" type="word" xml:id="facs_28_tr_1_tl_23_w6"/>
               <zone points="2998,5424 2998,5484 3175,5484 3175,5424" type="word" xml:id="facs_28_tr_1_tl_23_w7"/>
               <zone points="3230,5399 3230,5459 4234,5459 4234,5399" type="word" xml:id="facs_28_tr_1_tl_23_w8"/>
               <zone points="4289,5367 4289,5427 4543,5427 4543,5367" type="word" xml:id="facs_28_tr_1_tl_23_w9"/>
            </zone>
            <zone points="1183,5734 1361,5752 1439,5704 1722,5695 1926,5760 2195,5673 2335,5708 2465,5682 2517,5726 2852,5660 2887,5691 3061,5660 3143,5708 3500,5656 3648,5652 3704,5695 4048,5634 4256,5673 4447,5617 4626,5634 4630,5469 4530,5447 4426,5500 4391,5465 4130,5487 4087,5447 3917,5495 3830,5452 3595,5465 3552,5508 3387,5469 3317,5513 3017,5495 2887,5539 2604,5500 2522,5547 2313,5491 2143,5556 2004,5500 1500,5539 1409,5587 1187,5569" rendition="Line" xml:id="facs_28_tr_1_tl_24">
               <zone points="1223,5650 1223,5710 1421,5710 1421,5650" type="word" xml:id="facs_28_tr_1_tl_24_w1"/>
               <zone points="1475,5651 1475,5711 1674,5711 1674,5651" type="word" xml:id="facs_28_tr_1_tl_24_w2"/>
               <zone points="1752,5633 1752,5693 2055,5693 2055,5633" type="word" xml:id="facs_28_tr_1_tl_24_w3"/>
               <zone points="2159,5616 2159,5676 2966,5676 2966,5616" type="word" xml:id="facs_28_tr_1_tl_24_w4"/>
               <zone points="3019,5614 3019,5674 3218,5674 3218,5614" type="word" xml:id="facs_28_tr_1_tl_24_w5"/>
               <zone points="3297,5605 3297,5665 3495,5665 3495,5605" type="word" xml:id="facs_28_tr_1_tl_24_w6"/>
               <zone points="3574,5583 3574,5643 4356,5643 4356,5583" type="word" xml:id="facs_28_tr_1_tl_24_w7"/>
               <zone points="4435,5548 4435,5608 4608,5608 4608,5548" type="word" xml:id="facs_28_tr_1_tl_24_w8"/>
            </zone>
            <zone points="1169,5913 1339,5947 1435,5900 1591,5921 1791,5869 1909,5913 2069,5869 2222,5926 2378,5873 2452,5913 2713,5856 2852,5891 3017,5860 3061,5900 3178,5852 3500,5869 3613,5821 3852,5878 4130,5817 4626,5817 4630,5634 4552,5656 4500,5617 4361,5678 4330,5643 4256,5678 4043,5634 3717,5704 3500,5656 3356,5708 3321,5673 3122,5708 3061,5665 2969,5700 2852,5660 2487,5734 2391,5687 2174,5726 2117,5673 1943,5756 1748,5708 1543,5752 1439,5700 1374,5752 1174,5747" rendition="Line" xml:id="facs_28_tr_1_tl_25">
               <zone points="1236,5842 1236,5902 1671,5902 1671,5842" type="word" xml:id="facs_28_tr_1_tl_25_w1"/>
               <zone points="1725,5818 1725,5878 2340,5878 2340,5818" type="word" xml:id="facs_28_tr_1_tl_25_w2"/>
               <zone points="2421,5813 2421,5873 2624,5873 2624,5813" type="word" xml:id="facs_28_tr_1_tl_25_w3"/>
               <zone points="2704,5800 2704,5860 3242,5860 3242,5800" type="word" xml:id="facs_28_tr_1_tl_25_w4"/>
               <zone points="3271,5789 3271,5849 3448,5849 3448,5789" type="word" xml:id="facs_28_tr_1_tl_25_w5"/>
               <zone points="3529,5781 3529,5841 3731,5841 3731,5781" type="word" xml:id="facs_28_tr_1_tl_25_w6"/>
               <zone points="3812,5773 3812,5833 3834,5833 3834,5773" type="word" xml:id="facs_28_tr_1_tl_25_w7"/>
               <zone points="3863,5761 3863,5821 4298,5821 4298,5761" type="word" xml:id="facs_28_tr_1_tl_25_w8"/>
               <zone points="4379,5743 4379,5803 4607,5803 4607,5743" type="word" xml:id="facs_28_tr_1_tl_25_w9"/>
            </zone>
            <zone points="1178,6117 1383,6121 1474,6073 2204,6108 2317,6056 2735,6117 2882,6065 2956,6100 3017,6052 3230,6073 3478,6030 3526,6078 3665,6026 3982,6060 4052,6008 4104,6047 4165,6004 4217,6034 4417,5995 4634,6034 4643,5852 4404,5804 4334,5847 4130,5817 3791,5882 3713,5834 3282,5856 3221,5895 2774,5873 2613,5921 2378,5873 2217,5926 2074,5869 2022,5908 1787,5869 1565,5930 1443,5895 1348,5947 1187,5913" rendition="Line" xml:id="facs_28_tr_1_tl_26">
               <zone points="1220,6034 1220,6094 1402,6094 1402,6034" type="word" xml:id="facs_28_tr_1_tl_26_w1"/>
               <zone points="1485,6026 1485,6086 1696,6086 1696,6026" type="word" xml:id="facs_28_tr_1_tl_26_w2"/>
               <zone points="1779,6010 1779,6070 2651,6070 2651,6010" type="word" xml:id="facs_28_tr_1_tl_26_w3"/>
               <zone points="2737,6003 2737,6063 2813,6063 2813,6003" type="word" xml:id="facs_28_tr_1_tl_26_w4"/>
               <zone points="2895,5992 2895,6052 3159,6052 3159,5992" type="word" xml:id="facs_28_tr_1_tl_26_w5"/>
               <zone points="3242,5970 3242,6030 3744,6030 3744,5970" type="word" xml:id="facs_28_tr_1_tl_26_w6"/>
               <zone points="3827,5957 3827,6017 4008,6017 4008,5957" type="word" xml:id="facs_28_tr_1_tl_26_w7"/>
               <zone points="4117,5929 4117,5989 4567,5989 4567,5929" type="word" xml:id="facs_28_tr_1_tl_26_w8"/>
            </zone>
            <zone points="1209,6343 1322,6360 1387,6317 1452,6373 1635,6273 1869,6391 2026,6295 2265,6304 2330,6360 2643,6308 2730,6373 2922,6286 3078,6321 3330,6282 3387,6326 3482,6273 3526,6313 3948,6291 4034,6252 4174,6273 4282,6208 4395,6252 4543,6169 4630,6191 4634,6017 4513,6008 4204,6039 4152,6008 3834,6078 3669,6026 3526,6078 3417,6021 3187,6095 3043,6060 2935,6108 2882,6065 2730,6117 2591,6104 2543,6056 2248,6113 2000,6069 1796,6117 1461,6078 1356,6130 1304,6091 1217,6113" rendition="Line" xml:id="facs_28_tr_1_tl_27">
               <zone points="1226,6233 1226,6293 1558,6293 1558,6233" type="word" xml:id="facs_28_tr_1_tl_27_w1"/>
               <zone points="1589,6231 1589,6291 1781,6291 1781,6231" type="word" xml:id="facs_28_tr_1_tl_27_w2"/>
               <zone points="1869,6224 1869,6284 2116,6284 2116,6224" type="word" xml:id="facs_28_tr_1_tl_27_w3"/>
               <zone points="2176,6213 2176,6273 2678,6273 2678,6213" type="word" xml:id="facs_28_tr_1_tl_27_w4"/>
               <zone points="2766,6198 2766,6258 3293,6258 3293,6198" type="word" xml:id="facs_28_tr_1_tl_27_w5"/>
               <zone points="3324,6174 3324,6234 4050,6234 4050,6174" type="word" xml:id="facs_28_tr_1_tl_27_w6"/>
               <zone points="4109,6143 4109,6203 4301,6203 4301,6143" type="word" xml:id="facs_28_tr_1_tl_27_w7"/>
               <zone points="4361,6123 4361,6183 4553,6183 4553,6123" type="word" xml:id="facs_28_tr_1_tl_27_w8"/>
            </zone>
         </zone>
      </surface>
      <surface lrx="5503" lry="8255" ulx="0" uly="0" xml:id="facs_29">
         <!--<graphic height="8255px" url="69062837.jpg" width="5503px"/>-->
         <graphic height="8255px" url="https://files.transkribus.eu/Get?id=YPBBAIABSNVXPUJZOMVVWDDJ&amp;fileType=view" width="5503px"/>
         <zone points="877,1453 913,4989 4485,4989 4449,1453" rendition="TextRegion" xml:id="facs_29_tr_1">
            <zone points="890,1832 1496,1836 1675,1766 1779,1806 1945,1744 1984,1788 2050,1762 2111,1797 2704,1718 3092,1753 3227,1705 3415,1731 3803,1649 4130,1662 4196,1627 4383,1670 4392,1500 4139,1435 4034,1474 3899,1383 3799,1435 3629,1413 3428,1483 3267,1452 3049,1509 3005,1470 2774,1531 2591,1500 2499,1548 2124,1448 1941,1561 1692,1505 1300,1609 1012,1583 903,1635" rendition="Line" xml:id="facs_29_tr_1_tl_3">
               <zone points="954,1758 954,1818 1174,1818 1174,1758" type="word" xml:id="facs_29_tr_1_tl_3_w1"/>
               <zone points="1226,1734 1226,1794 1620,1794 1620,1734" type="word" xml:id="facs_29_tr_1_tl_3_w2"/>
               <zone points="1672,1705 1672,1765 1892,1765 1892,1705" type="word" xml:id="facs_29_tr_1_tl_3_w3"/>
               <zone points="1970,1684 1970,1744 2562,1744 2562,1684" type="word" xml:id="facs_29_tr_1_tl_3_w4"/>
               <zone points="2614,1658 2614,1718 3057,1718 3057,1658" type="word" xml:id="facs_29_tr_1_tl_3_w5"/>
               <zone points="3110,1638 3110,1698 3131,1698 3131,1638" type="word" xml:id="facs_29_tr_1_tl_3_w6"/>
               <zone points="3184,1621 3184,1681 3627,1681 3627,1621" type="word" xml:id="facs_29_tr_1_tl_3_w7"/>
               <zone points="3655,1602 3655,1662 3701,1662 3701,1602" type="word" xml:id="facs_29_tr_1_tl_3_w8"/>
               <zone points="3729,1577 3729,1637 4346,1637 4346,1577" type="word" xml:id="facs_29_tr_1_tl_3_w9"/>
            </zone>
            <zone points="903,2006 1025,2041 1173,1984 1574,2011 1675,1963 1936,1932 2098,1971 2281,1923 2377,1971 2769,1902 3236,1932 3389,1871 3467,1906 3729,1849 4004,1880 4130,1832 4374,1897 4387,1675 3799,1649 3602,1714 3227,1705 3062,1758 2713,1714 2381,1788 2202,1762 2111,1797 2050,1762 1984,1801 1923,1762 1675,1832 1627,1797 912,1836" rendition="Line" xml:id="facs_29_tr_1_tl_4">
               <zone points="935,1932 935,1992 1705,1992 1705,1932" type="word" xml:id="facs_29_tr_1_tl_4_w1"/>
               <zone points="1772,1901 1772,1961 1791,1961 1791,1901" type="word" xml:id="facs_29_tr_1_tl_4_w2"/>
               <zone points="1836,1879 1836,1939 2306,1939 2306,1879" type="word" xml:id="facs_29_tr_1_tl_4_w3"/>
               <zone points="2373,1861 2373,1921 2566,1921 2566,1861" type="word" xml:id="facs_29_tr_1_tl_4_w4"/>
               <zone points="2632,1839 2632,1899 3338,1899 3338,1839" type="word" xml:id="facs_29_tr_1_tl_4_w5"/>
               <zone points="3362,1809 3362,1869 3405,1869 3405,1809" type="word" xml:id="facs_29_tr_1_tl_4_w6"/>
               <zone points="3450,1804 3450,1864 3619,1864 3619,1804" type="word" xml:id="facs_29_tr_1_tl_4_w7"/>
               <zone points="3686,1796 3686,1856 3833,1856 3833,1796" type="word" xml:id="facs_29_tr_1_tl_4_w8"/>
               <zone points="3878,1771 3878,1831 4306,1831 4306,1771" type="word" xml:id="facs_29_tr_1_tl_4_w9"/>
            </zone>
            <zone points="920,2229 1034,2242 1269,2172 1321,2211 1592,2211 1710,2150 1867,2194 2041,2120 2237,2181 2399,2120 2591,2159 2918,2093 3188,2106 3424,2037 3899,2085 3982,2037 4021,2072 4117,2032 4291,2072 4405,2024 4409,1910 4161,1832 4034,1884 3720,1854 3607,1915 3550,1867 3480,1902 3389,1871 3267,1945 3031,1897 2926,1945 2748,1906 2377,1976 2272,1923 2172,1976 1880,1941 1701,2002 1435,1980 1260,2024 1173,1984 1034,2045 929,2015" rendition="Line" xml:id="facs_29_tr_1_tl_5">
               <zone points="953,2127 953,2187 1301,2187 1301,2127" type="word" xml:id="facs_29_tr_1_tl_5_w1"/>
               <zone points="1414,2116 1414,2176 1455,2176 1455,2116" type="word" xml:id="facs_29_tr_1_tl_5_w2"/>
               <zone points="1479,2111 1479,2171 1564,2171 1564,2111" type="word" xml:id="facs_29_tr_1_tl_5_w3"/>
               <zone points="1655,2085 1655,2145 1981,2145 1981,2085" type="word" xml:id="facs_29_tr_1_tl_5_w4"/>
               <zone points="2071,2059 2071,2119 2506,2119 2506,2059" type="word" xml:id="facs_29_tr_1_tl_5_w5"/>
               <zone points="2619,2029 2619,2089 3252,2089 3252,2029" type="word" xml:id="facs_29_tr_1_tl_5_w6"/>
               <zone points="3342,1984 3342,2044 3997,2044 3997,1984" type="word" xml:id="facs_29_tr_1_tl_5_w7"/>
               <zone points="4043,1947 4043,2007 4347,2007 4347,1947" type="word" xml:id="facs_29_tr_1_tl_5_w8"/>
            </zone>
            <zone points="912,2364 1230,2394 1906,2320 2006,2359 2098,2311 2333,2351 2412,2290 2564,2285 2931,2333 3001,2272 3075,2311 3363,2259 3458,2290 3524,2246 3637,2281 3751,2224 3820,2285 3903,2285 4108,2220 4396,2220 4405,2024 4366,2011 4291,2072 3323,2054 3262,2093 2983,2120 2926,2089 2870,2141 2813,2106 2359,2185 2159,2189 2041,2120 1867,2189 1631,2172 1465,2224 1260,2176 1212,2216 920,2229" rendition="Line" xml:id="facs_29_tr_1_tl_6">
               <zone points="943,2301 943,2361 1571,2361 1571,2301" type="word" xml:id="facs_29_tr_1_tl_6_w1"/>
               <zone points="1615,2279 1615,2339 1864,2339 1864,2279" type="word" xml:id="facs_29_tr_1_tl_6_w2"/>
               <zone points="1951,2247 1951,2307 2539,2307 2539,2247" type="word" xml:id="facs_29_tr_1_tl_6_w3"/>
               <zone points="2625,2224 2625,2284 3126,2284 3126,2224" type="word" xml:id="facs_29_tr_1_tl_6_w4"/>
               <zone points="3234,2202 3234,2262 3255,2262 3255,2202" type="word" xml:id="facs_29_tr_1_tl_6_w5"/>
               <zone points="3299,2187 3299,2247 3717,2247 3717,2187" type="word" xml:id="facs_29_tr_1_tl_6_w6"/>
               <zone points="3761,2157 3761,2217 4346,2217 4346,2157" type="word" xml:id="facs_29_tr_1_tl_6_w7"/>
            </zone>
            <zone points="916,2582 1430,2534 1871,2556 2028,2508 2246,2538 2342,2490 2704,2508 2892,2460 3096,2508 3581,2425 3759,2477 3868,2416 4047,2429 4143,2386 4414,2464 4422,2220 4339,2194 3829,2290 3777,2250 3515,2298 3397,2259 3275,2325 3153,2281 3092,2316 2983,2290 2913,2338 2508,2294 2351,2359 2159,2311 2015,2355 1915,2316 1705,2364 1396,2355 1230,2403 1178,2359 929,2377" rendition="Line" xml:id="facs_29_tr_1_tl_7">
               <zone points="949,2486 949,2546 1695,2546 1695,2486" type="word" xml:id="facs_29_tr_1_tl_7_w1"/>
               <zone points="1785,2458 1785,2518 2201,2518 2201,2458" type="word" xml:id="facs_29_tr_1_tl_7_w2"/>
               <zone points="2270,2432 2270,2492 2467,2492 2467,2432" type="word" xml:id="facs_29_tr_1_tl_7_w3"/>
               <zone points="2558,2412 2558,2472 3062,2472 3062,2412" type="word" xml:id="facs_29_tr_1_tl_7_w4"/>
               <zone points="3108,2397 3108,2457 3149,2457 3149,2397" type="word" xml:id="facs_29_tr_1_tl_7_w5"/>
               <zone points="3174,2388 3174,2448 3368,2448 3368,2388" type="word" xml:id="facs_29_tr_1_tl_7_w6"/>
               <zone points="3440,2379 3440,2439 3656,2439 3656,2379" type="word" xml:id="facs_29_tr_1_tl_7_w7"/>
               <zone points="3747,2369 3747,2429 3788,2429 3788,2369" type="word" xml:id="facs_29_tr_1_tl_7_w8"/>
               <zone points="3834,2355 3834,2415 4097,2415 4097,2355" type="word" xml:id="facs_29_tr_1_tl_7_w9"/>
               <zone points="4166,2336 4166,2396 4382,2396 4382,2336" type="word" xml:id="facs_29_tr_1_tl_7_w10"/>
            </zone>
            <zone points="951,2782 1069,2730 1574,2765 1993,2682 2211,2726 2809,2652 3009,2704 3136,2652 3376,2687 3602,2669 3742,2604 4021,2634 4108,2586 4187,2621 4309,2564 4405,2591 4409,2464 4148,2386 3746,2482 3533,2429 3101,2508 2848,2468 2700,2512 2320,2490 2250,2543 2093,2503 1731,2569 1474,2530 1199,2608 1077,2560 959,2582" rendition="Line" xml:id="facs_29_tr_1_tl_8">
               <zone points="983,2680 983,2740 1236,2740 1236,2680" type="word" xml:id="facs_29_tr_1_tl_8_w1"/>
               <zone points="1323,2662 1323,2722 1682,2722 1682,2662" type="word" xml:id="facs_29_tr_1_tl_8_w2"/>
               <zone points="1770,2645 1770,2705 1962,2705 1962,2645" type="word" xml:id="facs_29_tr_1_tl_8_w3"/>
               <zone points="2028,2619 2028,2679 2900,2679 2900,2619" type="word" xml:id="facs_29_tr_1_tl_8_w4"/>
               <zone points="2967,2593 2967,2653 3007,2653 3007,2593" type="word" xml:id="facs_29_tr_1_tl_8_w5"/>
               <zone points="3030,2565 3030,2625 3775,2625 3775,2565" type="word" xml:id="facs_29_tr_1_tl_8_w6"/>
               <zone points="3820,2528 3820,2588 4392,2588 4392,2528" type="word" xml:id="facs_29_tr_1_tl_8_w7"/>
            </zone>
            <zone points="929,2944 1697,2896 1958,2935 2106,2883 2233,2909 2303,2861 2338,2892 2525,2852 2721,2861 2782,2905 2939,2835 3432,2809 3746,2852 3886,2804 4056,2830 4134,2782 4414,2778 4422,2591 4291,2569 4052,2643 3733,2608 3472,2682 3136,2647 3009,2708 2913,2665 2822,2708 2665,2660 2577,2721 2290,2691 2137,2726 1997,2682 1819,2756 1339,2735 1038,2804 933,2787" rendition="Line" xml:id="facs_29_tr_1_tl_9">
               <zone points="960,2850 960,2910 1583,2910 1583,2850" type="word" xml:id="facs_29_tr_1_tl_9_w1"/>
               <zone points="1690,2833 1690,2893 1898,2893 1898,2833" type="word" xml:id="facs_29_tr_1_tl_9_w2"/>
               <zone points="1964,2820 1964,2880 2378,2880 2378,2820" type="word" xml:id="facs_29_tr_1_tl_9_w3"/>
               <zone points="2443,2797 2443,2857 3027,2857 3027,2797" type="word" xml:id="facs_29_tr_1_tl_9_w4"/>
               <zone points="3113,2773 3113,2833 3131,2833 3131,2773" type="word" xml:id="facs_29_tr_1_tl_9_w5"/>
               <zone points="3259,2755 3259,2815 3485,2815 3485,2755" type="word" xml:id="facs_29_tr_1_tl_9_w6"/>
               <zone points="3720,2742 3720,2802 4009,2802 4009,2742" type="word" xml:id="facs_29_tr_1_tl_9_w7"/>
            </zone>
            <zone points="981,3144 1138,3162 1221,3101 1356,3096 1531,3131 1867,3066 2124,3110 2499,3049 2748,3083 3328,3009 3380,3049 3707,2992 4073,2983 4126,3022 4182,2979 4278,3014 4339,2957 4405,2974 4414,2778 4134,2782 4060,2830 3895,2804 3772,2857 3607,2809 3520,2857 3450,2813 3323,2852 3149,2826 2839,2861 2765,2909 2708,2852 2547,2892 2386,2870 2229,2926 2115,2883 1731,2948 1631,2909 994,2931" rendition="Line" xml:id="facs_29_tr_1_tl_10">
               <zone points="993,3051 993,3111 1452,3111 1452,3051" type="word" xml:id="facs_29_tr_1_tl_10_w1"/>
               <zone points="1568,3030 1568,3090 1587,3090 1587,3030" type="word" xml:id="facs_29_tr_1_tl_10_w2"/>
               <zone points="1634,3025 1634,3085 1830,3085 1830,3025" type="word" xml:id="facs_29_tr_1_tl_10_w3"/>
               <zone points="1920,3001 1920,3061 2915,3061 2915,3001" type="word" xml:id="facs_29_tr_1_tl_10_w4"/>
               <zone points="2961,2963 2961,3023 3223,3023 3223,2963" type="word" xml:id="facs_29_tr_1_tl_10_w5"/>
               <zone points="3317,2944 3317,3004 3732,3004 3732,2944" type="word" xml:id="facs_29_tr_1_tl_10_w6"/>
               <zone points="3823,2921 3823,2981 4132,2981 4132,2921" type="word" xml:id="facs_29_tr_1_tl_10_w7"/>
               <zone points="4245,2890 4245,2950 4396,2950 4396,2890" type="word" xml:id="facs_29_tr_1_tl_10_w8"/>
            </zone>
            <zone points="942,3301 1243,3336 1618,3275 1675,3319 1788,3262 2011,3253 2072,3310 2194,3249 2329,3284 2464,3236 2582,3284 2665,3223 2966,3210 3018,3258 3236,3214 3485,3258 3655,3184 3969,3210 4139,3149 4274,3188 4401,3149 4409,2970 4339,2961 4274,3014 3964,2983 3376,3049 3301,3014 3232,3062 2922,3040 2870,3079 2298,3062 2115,3118 1867,3066 1535,3131 1356,3096 1199,3153 946,3136" rendition="Line" xml:id="facs_29_tr_1_tl_11">
               <zone points="975,3233 975,3293 1386,3293 1386,3233" type="word" xml:id="facs_29_tr_1_tl_11_w1"/>
               <zone points="1455,3223 1455,3283 1648,3283 1648,3223" type="word" xml:id="facs_29_tr_1_tl_11_w2"/>
               <zone points="1716,3205 1716,3265 2215,3265 2215,3205" type="word" xml:id="facs_29_tr_1_tl_11_w3"/>
               <zone points="2239,3186 2239,3246 2607,3246 2607,3186" type="word" xml:id="facs_29_tr_1_tl_11_w4"/>
               <zone points="2697,3166 2697,3226 2890,3226 2890,3166" type="word" xml:id="facs_29_tr_1_tl_11_w5"/>
               <zone points="2980,3146 2980,3206 3544,3206 3544,3146" type="word" xml:id="facs_29_tr_1_tl_11_w6"/>
               <zone points="3656,3115 3656,3175 4045,3175 4045,3115" type="word" xml:id="facs_29_tr_1_tl_11_w7"/>
               <zone points="4157,3088 4157,3148 4372,3148 4372,3088" type="word" xml:id="facs_29_tr_1_tl_11_w8"/>
            </zone>
            <zone points="955,3541 1060,3533 1116,3476 1404,3515 1923,3441 2394,3476 2687,3424 2791,3463 3162,3380 3328,3393 3389,3441 3511,3380 3759,3437 3999,3349 4143,3406 4283,3397 4444,3341 4453,3144 4291,3188 4161,3158 4086,3206 3842,3179 3703,3245 3554,3223 3485,3258 2944,3219 2826,3262 2704,3227 2599,3293 2521,3262 2311,3293 2194,3249 2072,3310 1792,3262 1557,3328 1409,3284 1239,3341 964,3328" rendition="Line" xml:id="facs_29_tr_1_tl_12">
               <zone points="988,3446 988,3506 1071,3506 1071,3446" type="word" xml:id="facs_29_tr_1_tl_12_w1"/>
               <zone points="1182,3414 1182,3474 1679,3474 1679,3414" type="word" xml:id="facs_29_tr_1_tl_12_w2"/>
               <zone points="1747,3393 1747,3453 2025,3453 2025,3393" type="word" xml:id="facs_29_tr_1_tl_12_w3"/>
               <zone points="2117,3375 2117,3435 2331,3435 2331,3375" type="word" xml:id="facs_29_tr_1_tl_12_w4"/>
               <zone points="2398,3361 2398,3421 2633,3421 2633,3361" type="word" xml:id="facs_29_tr_1_tl_12_w5"/>
               <zone points="2704,3348 2704,3408 3112,3408 3112,3348" type="word" xml:id="facs_29_tr_1_tl_12_w6"/>
               <zone points="3201,3331 3201,3391 3417,3391 3417,3331" type="word" xml:id="facs_29_tr_1_tl_12_w7"/>
               <zone points="3528,3319 3528,3379 3784,3379 3784,3319" type="word" xml:id="facs_29_tr_1_tl_12_w8"/>
               <zone points="3876,3294 3876,3354 4414,3354 4414,3294" type="word" xml:id="facs_29_tr_1_tl_12_w9"/>
            </zone>
            <zone points="973,3685 1287,3685 1356,3646 1548,3690 1627,3650 1744,3698 1840,3655 2246,3663 2399,3615 2547,3659 2630,3594 2752,3646 2905,3572 2979,3607 3498,3554 3585,3624 3677,3572 3890,3554 4043,3594 4152,3528 4366,3563 4374,3363 4139,3410 4004,3349 3777,3445 3711,3410 3232,3441 3018,3402 2739,3467 2695,3428 2608,3467 2150,3437 2106,3472 1888,3458 1797,3511 1566,3476 1404,3515 1138,3472 1055,3537 977,3528" rendition="Line" xml:id="facs_29_tr_1_tl_13">
               <zone points="1004,3603 1004,3663 1453,3663 1453,3603" type="word" xml:id="facs_29_tr_1_tl_13_w1"/>
               <zone points="1558,3593 1558,3653 1597,3653 1597,3593" type="word" xml:id="facs_29_tr_1_tl_13_w2"/>
               <zone points="1661,3588 1661,3648 1761,3648 1761,3588" type="word" xml:id="facs_29_tr_1_tl_13_w3"/>
               <zone points="1849,3566 1849,3626 2545,3626 2545,3566" type="word" xml:id="facs_29_tr_1_tl_13_w4"/>
               <zone points="2650,3545 2650,3605 2814,3605 2814,3545" type="word" xml:id="facs_29_tr_1_tl_13_w5"/>
               <zone points="2920,3510 2920,3570 3803,3570 3803,3510" type="word" xml:id="facs_29_tr_1_tl_13_w6"/>
               <zone points="3847,3487 3847,3547 4050,3547 4050,3487" type="word" xml:id="facs_29_tr_1_tl_13_w7"/>
               <zone points="4155,3472 4155,3532 4358,3532 4358,3472" type="word" xml:id="facs_29_tr_1_tl_13_w8"/>
            </zone>
            <zone points="968,3882 1208,3882 1282,3838 1400,3882 1513,3829 1666,3886 1906,3816 2185,3864 2442,3803 2608,3834 2652,3794 2822,3834 2905,3764 3062,3755 3280,3820 3541,3816 3825,3720 4095,3755 4344,3694 4453,3711 4457,3559 4152,3528 4065,3594 3895,3550 3585,3624 3275,3568 2961,3620 2913,3572 2708,3663 2621,3607 2547,3659 2329,3624 2237,3668 2189,3633 1945,3677 1840,3650 1740,3698 1649,3659 1265,3698 981,3668" rendition="Line" xml:id="facs_29_tr_1_tl_14">
               <zone points="1021,3785 1021,3845 1552,3845 1552,3785" type="word" xml:id="facs_29_tr_1_tl_14_w1"/>
               <zone points="1619,3772 1619,3832 1939,3832 1939,3772" type="word" xml:id="facs_29_tr_1_tl_14_w2"/>
               <zone points="2005,3758 2005,3818 2045,3818 2045,3758" type="word" xml:id="facs_29_tr_1_tl_14_w3"/>
               <zone points="2091,3747 2091,3807 2344,3807 2344,3747" type="word" xml:id="facs_29_tr_1_tl_14_w4"/>
               <zone points="2411,3735 2411,3795 2773,3795 2773,3735" type="word" xml:id="facs_29_tr_1_tl_14_w5"/>
               <zone points="2840,3711 2840,3771 3456,3771 3456,3711" type="word" xml:id="facs_29_tr_1_tl_14_w6"/>
               <zone points="3523,3693 3523,3753 3608,3753 3608,3693" type="word" xml:id="facs_29_tr_1_tl_14_w7"/>
               <zone points="3717,3664 3717,3724 4419,3724 4419,3664" type="word" xml:id="facs_29_tr_1_tl_14_w8"/>
            </zone>
            <zone points="959,4095 1060,4047 1308,4069 1361,4025 1670,4008 1766,4060 1871,4004 2024,4060 2263,3982 2447,3986 2499,4043 2939,3964 3066,4008 3144,3973 3498,3999 3581,3947 3650,3995 3746,3943 4143,3903 4435,3951 4418,3707 4152,3777 4047,3746 3947,3803 3816,3725 3746,3781 3629,3755 3537,3820 2861,3803 2778,3842 2647,3799 2185,3864 1902,3820 1840,3873 1766,3847 1666,3886 1273,3842 1212,3882 968,3873" rendition="Line" xml:id="facs_29_tr_1_tl_15">
               <zone points="1011,3979 1011,4039 1196,4039 1196,3979" type="word" xml:id="facs_29_tr_1_tl_15_w1"/>
               <zone points="1282,3972 1282,4032 1384,4032 1384,3972" type="word" xml:id="facs_29_tr_1_tl_15_w2"/>
               <zone points="1470,3957 1470,4017 2134,4017 2134,3957" type="word" xml:id="facs_29_tr_1_tl_15_w3"/>
               <zone points="2199,3942 2199,4002 2238,4002 2238,3942" type="word" xml:id="facs_29_tr_1_tl_15_w4"/>
               <zone points="2283,3932 2283,3992 2489,3992 2489,3932" type="word" xml:id="facs_29_tr_1_tl_15_w5"/>
               <zone points="2575,3927 2575,3987 2676,3987 2676,3927" type="word" xml:id="facs_29_tr_1_tl_15_w6"/>
               <zone points="2783,3922 2783,3982 2864,3982 2864,3922" type="word" xml:id="facs_29_tr_1_tl_15_w7"/>
               <zone points="2950,3911 2950,3971 3260,3971 3260,3911" type="word" xml:id="facs_29_tr_1_tl_15_w8"/>
               <zone points="3325,3899 3325,3959 3364,3959 3364,3899" type="word" xml:id="facs_29_tr_1_tl_15_w9"/>
               <zone points="3409,3889 3409,3949 3698,3949 3698,3889" type="word" xml:id="facs_29_tr_1_tl_15_w10"/>
               <zone points="3784,3875 3784,3935 3844,3935 3844,3875" type="word" xml:id="facs_29_tr_1_tl_15_w11"/>
               <zone points="3951,3865 3951,3925 4073,3925 4073,3865" type="word" xml:id="facs_29_tr_1_tl_15_w12"/>
               <zone points="4159,3848 4159,3908 4365,3908 4365,3848" type="word" xml:id="facs_29_tr_1_tl_15_w13"/>
            </zone>
            <zone points="973,4257 1679,4187 1980,4239 2024,4200 2333,4200 2416,4156 2499,4222 2639,4165 2774,4213 3070,4161 3358,4191 3467,4126 3589,4174 3812,4113 3903,4152 4060,4113 4156,4161 4226,4104 4300,4143 4396,4095 4462,4130 4470,3951 3921,3912 3650,3995 3581,3947 3502,3995 3293,4004 3035,4008 2948,3964 2826,4021 2708,3986 2582,4047 2438,4047 2386,3995 2263,3982 2146,4056 2076,4025 1941,4060 1880,4012 1740,4065 1675,4008 977,4091" rendition="Line" xml:id="facs_29_tr_1_tl_16">
               <zone points="1006,4158 1006,4218 1348,4218 1348,4158" type="word" xml:id="facs_29_tr_1_tl_16_w1"/>
               <zone points="1459,4141 1459,4201 1869,4201 1869,4141" type="word" xml:id="facs_29_tr_1_tl_16_w2"/>
               <zone points="1915,4135 1915,4195 2002,4195 2002,4135" type="word" xml:id="facs_29_tr_1_tl_16_w3"/>
               <zone points="2091,4113 2091,4173 2544,4173 2544,4113" type="word" xml:id="facs_29_tr_1_tl_16_w4"/>
               <zone points="2655,4102 2655,4162 3065,4162 3065,4102" type="word" xml:id="facs_29_tr_1_tl_16_w5"/>
               <zone points="3176,4092 3176,4152 3259,4152 3259,4092" type="word" xml:id="facs_29_tr_1_tl_16_w6"/>
               <zone points="3349,4076 3349,4136 3780,4136 3780,4076" type="word" xml:id="facs_29_tr_1_tl_16_w7"/>
               <zone points="3826,4050 3826,4110 4431,4110 4431,4050" type="word" xml:id="facs_29_tr_1_tl_16_w8"/>
            </zone>
            <zone points="968,4418 1234,4396 1496,4440 1570,4392 1714,4422 1775,4379 1993,4405 2141,4361 2351,4418 2460,4379 2521,4427 2599,4379 2817,4396 3144,4322 3310,4374 3363,4326 3576,4300 3685,4300 3772,4357 3838,4318 4034,4353 4187,4283 4318,4331 4374,4287 4457,4300 4466,4130 4257,4113 4104,4165 4025,4113 3916,4156 3834,4113 3738,4161 3685,4121 3585,4174 3480,4130 3380,4191 3240,4165 3153,4204 3079,4161 2974,4209 2634,4169 2499,4222 2420,4165 1976,4239 1670,4196 1400,4217 1352,4257 973,4252" rendition="Line" xml:id="facs_29_tr_1_tl_17">
               <zone points="1022,4349 1022,4409 1301,4409 1301,4349" type="word" xml:id="facs_29_tr_1_tl_17_w1"/>
               <zone points="1391,4335 1391,4395 1431,4395 1431,4335" type="word" xml:id="facs_29_tr_1_tl_17_w2"/>
               <zone points="1456,4328 1456,4388 1800,4388 1800,4328" type="word" xml:id="facs_29_tr_1_tl_17_w3"/>
               <zone points="1911,4321 1911,4381 2103,4381 2103,4321" type="word" xml:id="facs_29_tr_1_tl_17_w4"/>
               <zone points="2173,4308 2173,4368 2431,4368 2431,4308" type="word" xml:id="facs_29_tr_1_tl_17_w5"/>
               <zone points="2520,4289 2520,4349 3387,4349 3387,4289" type="word" xml:id="facs_29_tr_1_tl_17_w6"/>
               <zone points="3433,4246 3433,4306 4145,4306 4145,4246" type="word" xml:id="facs_29_tr_1_tl_17_w7"/>
               <zone points="4191,4230 4191,4290 4405,4290 4405,4230" type="word" xml:id="facs_29_tr_1_tl_17_w8"/>
            </zone>
            <zone points="977,4605 1300,4619 1483,4571 1614,4627 1932,4575 2141,4623 2237,4562 2403,4601 2604,4544 2909,4536 2948,4571 3092,4518 3376,4553 3851,4496 3929,4544 4008,4488 4104,4558 4239,4492 4296,4540 4366,4501 4457,4523 4462,4296 4379,4283 4318,4331 4117,4296 4034,4353 3838,4318 3751,4361 3685,4300 3502,4300 3419,4361 3358,4335 3275,4374 3140,4322 3031,4366 2931,4344 2822,4405 2765,4370 2669,4422 2521,4379 2346,4418 2141,4366 1753,4431 1609,4383 1522,4444 1247,4405 981,4435" rendition="Line" xml:id="facs_29_tr_1_tl_18">
               <zone points="1024,4525 1024,4585 1450,4585 1450,4525" type="word" xml:id="facs_29_tr_1_tl_18_w1"/>
               <zone points="1539,4511 1539,4571 1879,4571 1879,4511" type="word" xml:id="facs_29_tr_1_tl_18_w2"/>
               <zone points="1969,4495 1969,4555 2313,4555 2313,4495" type="word" xml:id="facs_29_tr_1_tl_18_w3"/>
               <zone points="2374,4484 2374,4544 2656,4544 2656,4484" type="word" xml:id="facs_29_tr_1_tl_18_w4"/>
               <zone points="2746,4481 2746,4541 2971,4541 2971,4481" type="word" xml:id="facs_29_tr_1_tl_18_w5"/>
               <zone points="3032,4457 3032,4517 3777,4517 3777,4457" type="word" xml:id="facs_29_tr_1_tl_18_w6"/>
               <zone points="3895,4430 3895,4490 4407,4490 4407,4430" type="word" xml:id="facs_29_tr_1_tl_18_w7"/>
            </zone>
            <zone points="973,4815 1160,4758 1335,4758 1374,4797 1478,4758 1736,4824 1814,4745 1984,4758 2059,4810 2486,4741 2621,4806 2926,4767 2996,4819 3171,4762 3546,4780 3694,4719 3855,4789 4021,4715 4270,4736 4475,4684 4479,4527 4366,4501 4296,4540 4239,4492 4108,4558 4021,4510 3929,4544 3764,4496 3367,4562 3293,4514 3206,4566 3123,4514 2948,4566 2839,4531 2394,4601 2298,4558 2141,4619 1893,4571 1622,4627 1422,4562 1300,4623 1173,4584 977,4610" rendition="Line" xml:id="facs_29_tr_1_tl_19">
               <zone points="1018,4707 1018,4767 1714,4767 1714,4707" type="word" xml:id="facs_29_tr_1_tl_19_w1"/>
               <zone points="1774,4701 1774,4761 1798,4761 1798,4701" type="word" xml:id="facs_29_tr_1_tl_19_w2"/>
               <zone points="1829,4690 1829,4750 2355,4750 2355,4690" type="word" xml:id="facs_29_tr_1_tl_19_w3"/>
               <zone points="2473,4678 2473,4738 2525,4738 2525,4678" type="word" xml:id="facs_29_tr_1_tl_19_w4"/>
               <zone points="2612,4673 2612,4733 2943,4733 2943,4673" type="word" xml:id="facs_29_tr_1_tl_19_w5"/>
               <zone points="3002,4657 3002,4717 3336,4717 3336,4657" type="word" xml:id="facs_29_tr_1_tl_19_w6"/>
               <zone points="3396,4649 3396,4709 4036,4709 4036,4649" type="word" xml:id="facs_29_tr_1_tl_19_w7"/>
               <zone points="4123,4635 4123,4695 4175,4695 4175,4635" type="word" xml:id="facs_29_tr_1_tl_19_w8"/>
               <zone points="4207,4630 4207,4690 4370,4690 4370,4630" type="word" xml:id="facs_29_tr_1_tl_19_w9"/>
            </zone>
            <zone points="977,4994 1500,5002 1858,4933 2019,5011 2163,4981 2303,5063 2447,5007 2503,5059 2564,5029 2573,4806 2316,4745 2059,4810 1897,4762 1731,4824 1474,4758 977,4841" rendition="Line" xml:id="facs_29_tr_1_tl_20">
               <zone points="1009,4901 1009,4961 1175,4961 1175,4901" type="word" xml:id="facs_29_tr_1_tl_20_w1"/>
               <zone points="1220,4893 1220,4953 1686,4953 1686,4893" type="word" xml:id="facs_29_tr_1_tl_20_w2"/>
               <zone points="1731,4881 1731,4941 2068,4941 2068,4881" type="word" xml:id="facs_29_tr_1_tl_20_w3"/>
               <zone points="2155,4869 2155,4929 2556,4929 2556,4869" type="word" xml:id="facs_29_tr_1_tl_20_w4"/>
            </zone>
         </zone>
      </surface>
   </facsimile>
   <text>
      <body>
         <div>
            <head facs="#facs_11_tr_1">
            <pb facs="#facs_11" xml:id="img_0011" n="Ar"/>
               <lb facs="#facs_11_tr_1_tl_3" n="N001"/>Privilegia
               <lb facs="#facs_11_tr_1_tl_4" n="N002"/>Oder Freyheiten,
               <lb facs="#facs_11_tr_1_tl_5" n="N003"/>Welche der zu <rs type="place" ref="#daenemark_koenigreich">
                        <w>Denne<pc>-</pc>
               <lb facs="#facs_11_tr_1_tl_6" n="N004"/>marcken</w>
                    </rs>, <rs type="place" ref="#norwegen_koenigreich">Norwegenn</rs> etc. <rs type="person" ref="#christian_iv">
                        <w>Kön<pc>-</pc>
               <lb facs="#facs_11_tr_1_tl_7" n="N005"/>nigliche</w> Majestät</rs>
               <lb facs="#facs_11_tr_1_tl_8" n="N006"/>Der <rs type="place" ref="#niederlande_vereinigte">Niederlandische</rs> Nation, und ihren
               <lb facs="#facs_11_tr_1_tl_9" n="N007"/>familien, Adhaerenten<note type="annotation">Anhänger.</note> und Mitbeschriebenen<note type="annotation">schriftlich und namentlich Aufgeführte.</note>, so in
               <lb facs="#facs_11_tr_1_tl_10" n="N008"/>der Veste <rs type="place" ref="#glueckstadt">Glückstadt</rs> anitzo residiren und in künfftig kommen
               <lb facs="#facs_11_tr_1_tl_11" n="N009"/>möchten, Allergnedigst hat mitgetheilet und gegeben
               <lb facs="#facs_11_tr_1_tl_12" n="N010"/>am <date when="1633-10-17">17. Octobris, Anno 1631</date>.
               <lb facs="#facs_11_tr_1_tl_15" n="N011"/>Gedruckt
               <lb facs="#facs_11_tr_1_tl_16" n="N012"/>Mit consentz und belieben des HochEdeln <w>Ge<pc>-</pc>
                <lb facs="#facs_11_tr_1_tl_17" n="N013"/>strengen</w> Herrn <rs type="person" ref="#christian_iv">Gubernatoris</rs> der
               <lb facs="#facs_11_tr_1_tl_18" n="N014"/>Veste <rs type="place" ref="#glueckstadt">Glückstad</rs>.
               <lb facs="#facs_11_tr_1_tl_19" n="N015"/>Im Jahr <date when="1633">1633</date>.
            </head>
            
            <pb facs="#facs_12" xml:id="img_0012" n="Av: leer"/>
            
            <p facs="#facs_13_tr_1">   
            <pb facs="#facs_13" xml:id="img_0013" n="Aiir"/>
               <lb facs="#facs_13_tr_1_tl_2" n="N001"/>Wir, <rs type="person" ref="#christian_iv">Christian
               <lb facs="#facs_13_tr_1_tl_3" n="N002"/>der Vierdte</rs>, von <w>Got<pc>-</pc>
               <lb facs="#facs_13_tr_1_tl_4" n="N003"/>tes</w> gnaden, zu <rs type="place" ref="#daenemark_koenigreich">
                        <w>Dennemar<pc>-</pc>
               <lb facs="#facs_13_tr_1_tl_5" n="N004"/>cken</w>
                    </rs>, <rs type="place" ref="#norwegen_koenigreich">Norwegen</rs>, der Wenden
               <lb facs="#facs_13_tr_1_tl_6" n="N005"/>und Goten König, Hertzog zu
               <lb facs="#facs_13_tr_1_tl_7" n="N006"/>
                    <rs type="place" ref="#schleswig_herzogtum">Schleßwig</rs>, <rs type="place" ref="#holstein_herzogtum">Holstein</rs>, <rs type="place" ref="#stormarn_herzogtum">
                        <w>Stor<pc>-</pc>
               <lb facs="#facs_13_tr_1_tl_8" n="N007"/>marn</w>
                    </rs> und der <rs type="place" ref="#dithmarschen_herzogtum">Dithmarschen</rs>, Graff zu <rs type="place" ref="#oldenburg_grafschaft">Oldenburg</rs>
               <lb facs="#facs_13_tr_1_tl_10" n="N008"/>und <rs type="place" ref="#delmenhorst_grafschaft">Delmenhorst</rs> etc. Thuen kundt <w>Jedermennig<pc>-</pc>
               <lb facs="#facs_13_tr_1_tl_11" n="N009"/>lichen</w>
                    <note type="annotation">einem jeden.</note>: Demnach wir vor diesem der <rs type="place" ref="#niederlande_vereinigte">
                        <w>Niederlandi<pc>-</pc>
               <lb facs="#facs_13_tr_1_tl_12" n="N010"/>schen</w>
                    </rs> Nation aus sonderbahre gnade Unterschiedene
               <lb facs="#facs_13_tr_1_tl_13" n="N011"/>Privilegien, Immunitäten und Freyheiten in unsere
               <lb facs="#facs_13_tr_1_tl_14" n="N012"/>Neu erbaute Stadt <rs type="place" ref="#glueckstadt">Glückstadt</rs> sich ruhelich <w>nie<pc>-</pc>
               <lb facs="#facs_13_tr_1_tl_15" n="N013"/>derzulassen</w> zu negociiren<note type="annotation">Geschäfte zu betreiben.</note>, zu handlen, zu wandlen,
               <lb facs="#facs_13_tr_1_tl_16" n="N014"/>und ihre Bürgerliche Nahrung zu treiben, gnedigst
               <lb facs="#facs_13_tr_1_tl_17" n="N015"/>mitgetheilet haben, aber wegen einfallender <w>Kriegs-
                  <lb facs="#facs_13_tr_1_tl_18" n="N016"/>Emporung</w>
                    <note type="annotation">Vgl. dazu die <ref type="einleitung" target="0226#kriegsfolgen">Einleitung</ref>.</note> obgedachte Niederlandische Nation <w>gu<pc>-</pc>
               <lb facs="#facs_13_tr_1_tl_19" n="N017"/>ten</w> Theils zerstreuet und auff andere Orter sich <w>rete<pc>-</pc>
               <lb facs="#facs_13_tr_1_tl_20" n="N018"/>riret</w>, auch die Handelung und Nahrung zimblicher
               <lb facs="#facs_13_tr_1_tl_21" n="N019"/>massen turbiret unnd niedergelegt worden: Nunmehr
               <lb facs="#facs_13_tr_1_tl_22" n="N020"/>aber vormittelst Göttlicher aßistentz<note type="crit_app">Korrigiert aus: aßitenz.</note> unsere <w>Fürsten<pc>-</pc>
               <lb facs="#facs_13_tr_1_tl_23" n="N021"/>thumbe</w>, Land und Leute,  wieder zu einen <w>friedtli<pc>-</pc>
               <lb facs="#facs_13_tr_1_tl_24" n="N022"/>chen</w> Stand gediegen, haben wir fast<note type="annotation">sehr.</note> rathsamb, gut,
               <lb facs="#facs_13_tr_1_tl_25" n="N023"/>und für unsere Neu fundirte Stad <rs type="place" ref="#glueckstadt">Glückstad</rs> <w>hoch<pc>-</pc>
               <lb facs="#facs_13_tr_1_tl_26" n="N024"/>dienlig</w> zu sein erachtet, Das man die frembden <w>Na<pc>-</pc>
                <lb facs="#facs_13_tr_1_tl_27" n="N025"/>tionen</w> wieder herruffete, bevorab die <w>Niederlände<pc>-</pc>
               
               <pb facs="#facs_14" xml:id="img_0014" n="Aiiv"/>
            
               <lb facs="#facs_14_tr_1_tl_1" n="N001"/>ren</w>, so diese Stad umb ein ansehenliches mit ihren
               <lb facs="#facs_14_tr_1_tl_2" n="N002"/>Heuseren vormehret: Haben demnach und zu <w>erlan<pc>-</pc>
               <lb facs="#facs_14_tr_1_tl_3" n="N003"/>gung</w> dieser, in unsern jüngst außgetheilten Patenten
               <lb facs="#facs_14_tr_1_tl_4" n="N004"/>sub dato <rs type="place" ref="#glueckstadt">Glückstad</rs> denn <date when="1629-12-09">9. Decembris. 1629</date>. unsere
               <lb facs="#facs_14_tr_1_tl_5" n="N005"/>gnedigste Meinung zu erkennen gegeben, das wir
               <lb facs="#facs_14_tr_1_tl_6" n="N006"/>nicht allein die vorige Privilegia<note type="annotation">Vgl. die <ref type="einleitung" target="0226#erste_privilegien">Einleitung</ref>.</note> wollen erneuert,
               <lb facs="#facs_14_tr_1_tl_7" n="N007"/>Confirmiret und bestettiget haben, Sonderen auch
               <lb facs="#facs_14_tr_1_tl_8" n="N008"/>auff derselben anhalten solche mit neuen indulten<note type="annotation">Vergünstigungen.</note>
               <lb facs="#facs_14_tr_1_tl_9" n="N009"/>und Privilegien, so viel immer mit fueg und recht <w>ge<pc>-</pc>
               <lb facs="#facs_14_tr_1_tl_10" n="N010"/>schehen</w> kan, vormehren und vorbesseren. Wie wir <w>ih<pc>-</pc>
               <lb facs="#facs_14_tr_1_tl_11" n="N011"/>nen</w> dann hirmit auß Königlicher Autoritet, Macht,
               <lb facs="#facs_14_tr_1_tl_12" n="N012"/>Gewalt unnd Krafft Landes Fürstlichen hohen
               <lb facs="#facs_14_tr_1_tl_13" n="N013"/>Obrigkeit, auch so wol für <rs type="person" ref="#christian_iv">uns</rs>, als im Nahmen des
               <lb facs="#facs_14_tr_1_tl_14" n="N014"/>Hochgebornen Fürsten unseres freundtlichen lieben
               <lb facs="#facs_14_tr_1_tl_15" n="N015"/>Herrn Sohns, Herrn <rs type="person" ref="#christian_v_prinz_daenemark">Christian deß Fünfften</rs>,
               <lb facs="#facs_14_tr_1_tl_16" n="N016"/>zu <rs type="place" ref="#daenemark_koenigreich">Dennemarcken</rs>, <rs type="place" ref="#norwegen_koenigreich">Norwegen</rs>, der Wenden unnd
               <lb facs="#facs_14_tr_1_tl_17" n="N017"/>Gotten erwehleten Printzen, Hertzogen zu <rs type="place" ref="#schleswig_herzogtum">
                        <w>Schleß<pc>-</pc>
               <lb facs="#facs_14_tr_1_tl_18" n="N018"/>wig</w>
                    </rs>, <rs type="place" ref="#holstein_herzogtum">Holstein</rs>, <rs type="place" ref="#stormarn_herzogtum">Stormarn</rs> und der <rs type="place" ref="#dithmarschen_herzogtum">Dithmarschen</rs>,
               <lb facs="#facs_14_tr_1_tl_19" n="N019"/>Graffen zu <rs type="place" ref="#oldenburg_grafschaft">Oldenburg</rs> und <rs type="place" ref="#delmenhorst_grafschaft">Delmenhorst</rs> etc. <w>Nach<pc>-</pc>
               <lb facs="#facs_14_tr_1_tl_20" n="N020"/>folgende</w> Privilegia, Immuniteten unnd Freyheiten
               <lb facs="#facs_14_line_1719401819172_79" n="N021"/>gnedigst concediren, mittheilen und geben.
            </p>
            <p xml:id="artikel_1" facs="#facs_14_TextRegion_1719401819135_75">
               <lb facs="#facs_14_tr_1_tl_23" n="N001"/>1. Erstlichen wollen <rs type="person" ref="#christian_iv">wir</rs>, auch unsere Erben, <w>Nach<pc>-</pc>
               <lb facs="#facs_14_tr_1_tl_24" n="N002"/>kommen</w> und Successoren, die <rs type="place" ref="#niederlande_vereinigte">Niederlandische</rs> Nation,
               <lb facs="#facs_14_tr_1_tl_25" n="N003"/>die sich in unsere <rs type="place" ref="#glueckstadt">Glückstad</rs> heußlich niederlassen und
               <lb facs="#facs_14_tr_1_tl_26" n="N004"/>besetzen, in gesambt und ohne unterscheit Geist- oder
               <lb facs="#facs_14_tr_1_tl_27" n="N005"/>Weltlicher Personen, Kauff- oder Handwercks <w>Leu<pc>-</pc>
            
            <pb facs="#facs_15" xml:id="img_0015" n="Aiiir"/>
            
               <lb facs="#facs_15_tr_1_tl_5" n="N001"/>te</w>, Rentener<note type="annotation">Jemand, der von seinen Kapital- bzw. Zinserträgen lebt.</note>, Schifferen oder Pauren<note type="annotation">Bauern.</note>, vor unsere
               <lb facs="#facs_15_tr_1_tl_6" n="N002"/>unterthanen auff und annehmen, das sie neben ihren
               <lb facs="#facs_15_tr_1_tl_7" n="N003"/>Erben und Haußgesinde unter unseren Schutz und
               <lb facs="#facs_15_tr_1_tl_8" n="N004"/>protection ein erbahres Leben in aller sicherheit <w>füh<pc>-</pc>
               <lb facs="#facs_15_tr_1_tl_9" n="N005"/>ren</w> mügen: Gestaldt wir ihnen dann hirmit unnd in
               <lb facs="#facs_15_tr_1_tl_10" n="N006"/>Krafft dieses unsere freyes sicheres Geleidt vor ihre
               <lb facs="#facs_15_tr_1_tl_11" n="N007"/>Persohnen, Haußgesinde, Güter unnd alles, was
               <lb facs="#facs_15_tr_1_tl_12" n="N008"/>ihnen zustendig, ein besser unnd bestendigster Formb
               <lb facs="#facs_15_tr_1_tl_13" n="N009"/>wollen ertheilet haben, mit Ernsten befellich, das <w>nie<pc>-</pc>
               <lb facs="#facs_15_tr_1_tl_14" n="N010"/>mandt</w>, was Nation, qualitet oder Condition er auch
               <lb facs="#facs_15_tr_1_tl_15" n="N011"/>sein mag, dieselbigen beleidigen, ihnen ubels <w>nach<pc>-</pc>
               <lb facs="#facs_15_tr_1_tl_16" n="N012"/>reden</w> oder sonsten, auff was weise es geschehen <w>kön<pc>-</pc>
               <lb facs="#facs_15_tr_1_tl_17" n="N013"/>te</w>, gegen sie etwas<note type="crit_app">Korrigiert aus: etwes.</note> de facto attentire<note type="annotation">in ein Recht eingreifen.</note>, oder sich <w>gelü<pc>-</pc>
               <lb facs="#facs_15_tr_1_tl_18" n="N014"/>sten</w> lasse, vielmehr aber nebenst ihren Kinderen und
               <lb facs="#facs_15_tr_1_tl_19" n="N015"/>Gesinde andere Bürgern gleich respectiren unnd
               <lb facs="#facs_15_tr_1_tl_20" n="N016"/>halten: Wer dar wieder thut, sol mit billiger<note type="annotation">angemessener.</note> Straffe
               <lb facs="#facs_15_tr_1_tl_21" n="N017"/>beleget werden. Und daferne auch in vorfallenden
               <lb facs="#facs_15_tr_1_tl_22" n="N018"/>Feurß Brunsten, Wasserfluthen, oder anderen <w>un<pc>-</pc>
               <lb facs="#facs_15_tr_1_tl_23" n="N019"/>gelegenheiten</w>, welcher der liebe Gott gnedig abkehre
               <lb facs="#facs_15_tr_1_tl_24" n="N020"/>und abwende, sie eintziger hülffe benöttiget, sol die
               <lb facs="#facs_15_tr_1_tl_25" n="N021"/>Bürgerschafft schuldig sein, ihnen so wol auch <w>an<pc>-</pc>
               <lb facs="#facs_15_tr_1_tl_26" n="N022"/>deren</w> frembden Nationen die hülff- unnd <w>nachbar<pc>-</pc>
               <lb facs="#facs_15_tr_1_tl_27" n="N023"/>liche</w> Handt zu bieten und treulich bey zustehen, <w>wel<pc>-</pc>
               <lb facs="#facs_15_tr_1_tl_28" n="N024"/>ches</w> dann auch den Bürgeren bey Ablegung ihres
               <lb facs="#facs_15_tr_1_tl_29" n="N025"/>Bürgerliches Eydes mit sol eingebunden und <w>anbe<pc>-</pc>
               <lb facs="#facs_15_tr_1_tl_30" n="N026"/>fohlen</w> werden. Wir wollen auch nicht gestatten das
               <lb facs="#facs_15_tr_1_tl_31" n="N027"/>jemand von denen, die sich erwehnter massen in der
            
            <pb facs="#facs_16" xml:id="img_0016" n="Aiiiv"/>
            
               <lb facs="#facs_16_tr_1_tl_1" n="N001"/>
                    <rs type="place" ref="#glueckstadt">Glückstad</rs> unter unser protection begeben, ausserhalb
               <lb facs="#facs_16_tr_1_tl_2" n="N002"/>unsere Königreiche unnd Fürstenthumbe heimblich
               <lb facs="#facs_16_tr_1_tl_3" n="N003"/>oder öffentlich weg geführet und vor frembde <w>Rich<pc>-</pc>
               <lb facs="#facs_16_tr_1_tl_4" n="N004"/>ter</w> gebracht oder gestellet, noch auch von unseren
               <lb facs="#facs_16_tr_1_tl_5" n="N005"/>Richteren und Officirern, ohne ordentlichen Proces
               <lb facs="#facs_16_tr_1_tl_6" n="N006"/>unnd rechtmessige Erkändtnusse unsere Lande und
               <lb facs="#facs_16_tr_1_tl_7" n="N007"/>Städte vorwiesen oder auß denselben weg zu ziehen
               <lb facs="#facs_16_tr_1_tl_8" n="N008"/>gedrungen werde: Sonder es sollen die jenige, die in
               <lb facs="#facs_16_tr_1_tl_9" n="N009"/>Civil oder Criminal sachen zu besprechen willens, <w>ih<pc>-</pc>
               <lb facs="#facs_16_tr_1_tl_10" n="N010"/>re</w> klage an dem Orth, wor sie wonhafft, vor den <w>ordi<pc>-</pc>
               <lb facs="#facs_16_tr_1_tl_11" n="N011"/>nari</w>
                    <note type="annotation">festgesetzten.</note> Richter anstellen und daselbsten in prima <w>instan<pc>-</pc>
               <lb facs="#facs_16_tr_1_tl_12" n="N012"/>tia</w> gebührenden außschlages<note type="annotation">Entscheidung.</note> erwarten: Und dar sie
               <lb facs="#facs_16_tr_1_tl_13" n="N013"/>darmit nicht friedtlich, durch appellation die sache in
               <lb facs="#facs_16_tr_1_tl_14" n="N014"/>secunda instantia an die Ubergerichte oder, nach <w>imp<pc>-</pc>
               <lb facs="#facs_16_tr_1_tl_15" n="N015"/>portantz</w> derselben, vor uns, unseren Stadhalter und
               <lb facs="#facs_16_tr_1_tl_16" n="N016"/>Räthen anhengig machen, und Rechtmessiger <w>ent<pc>-</pc>
               <lb facs="#facs_16_tr_1_tl_17" n="N017"/>scheidung</w> gewertig sein. Mügen auch alle die jenige,
               <lb facs="#facs_16_tr_1_tl_18" n="N018"/>so qualificirt befunden, gleich unseren eingebornen ad
               <lb facs="#facs_16_line_1719401899711_184" n="N019"/>officia publica gezogen und gebraucht werden.
            </p>
            <p xml:id="artikel_2" facs="#facs_16_TextRegion_1719401910193_188">
               <lb facs="#facs_16_line_1719401910230_193" n="N001"/>2. Zum Andern sol ihnen frey stehen aller <w>Bür<pc>-</pc>
               <lb facs="#facs_16_tr_1_tl_21" n="N002"/>gerliche</w> Nahrung zu Wasser und Lande, mit <w>Kauff<pc>-</pc>
               <lb facs="#facs_16_tr_1_tl_22" n="N003"/>manschafft</w>, Handwercken oder ander Handtierung,
               <lb facs="#facs_16_tr_1_tl_23" n="N004"/>wie die Nahmen haben mügen, an allen Örteren im
               <lb facs="#facs_16_tr_1_tl_24" n="N005"/>Jahrmarcketen, mit offenen Buden, Laden unnd
               <lb facs="#facs_16_tr_1_tl_25" n="N006"/>Winckelen, Gewicht und Maaß, gleich anderen <w>un<pc>-</pc>
               <lb facs="#facs_16_tr_1_tl_26" n="N007"/>seren</w> Unterthanen ungehindert zu treiben und fort<note type="crit_app">Korrigiert aus: foert.</note>
               <lb facs="#facs_16_tr_1_tl_27" n="N008"/>zusetzen. Sollen jedoch nicht schuldig sein, in andere
           
            <pb facs="#facs_17" xml:id="img_0017" n="[Aivr]"/>
            
               <lb facs="#facs_17_tr_1_tl_1" n="N001"/>Bürgere Zunfften, Gilden, Ampteren ober <w>Societe<pc>-</pc>
               <lb facs="#facs_17_tr_1_tl_2" n="N002"/>ten</w> sich zu begeben, sonderen von denselbigen <w>aller<pc>-</pc>
               <lb facs="#facs_17_tr_1_tl_3" n="N003"/>dinges</w> separiret und abgesondert bleiben, und einem
               <lb facs="#facs_17_tr_1_tl_4" n="N004"/>Jeden sein Brod zu suchen unnd Handtierung zu
               <lb facs="#facs_17_tr_1_tl_5" n="N005"/>treiben, auff waß massen er es am nützlichsten und <w>be<pc>-</pc>
               <lb facs="#facs_17_tr_1_tl_6" n="N006"/>quemsten</w> befinden wird, doch daß es Ehrlicher und
               <lb facs="#facs_17_line_1719401952889_225" n="N007"/>Redlicher weise geschehe, frey und zugelassen sein.
            </p>
            
            <p xml:id="artikel_3" facs="#facs_17_TextRegion_1719401952863_221">
               <lb facs="#facs_17_tr_1_tl_8" n="N001"/>3. Zum Dritten: die ihre Handlung zu
               <lb facs="#facs_17_tr_1_tl_9" n="N002"/>und zu Lande treiben werden, den wollen wir zu <w>sol<pc>-</pc>
               <lb facs="#facs_17_tr_1_tl_10" n="N003"/>cher</w> ihrer redlicher Handtierung, auff ihr <w>unterthä<pc>-</pc>
               <lb facs="#facs_17_tr_1_tl_11" n="N004"/>nigstes</w> Anhalten, unsere Königliche offene Passe auff
               <lb facs="#facs_17_tr_1_tl_12" n="N005"/>
                    <rs type="place" ref="#spanien_koenigreich">Hispanien</rs>, <rs type="place" ref="#portugal_koenigreich">Portugal</rs>, <rs type="place" ref="#italien">Italien</rs>, <rs type="place" ref="#alexandria_patriarchat">Alexandria</rs>, <rs type="place" ref="#indien">Indien</rs>,
               <lb facs="#facs_17_tr_1_tl_13" n="N006"/>
                    <rs type="place" ref="#guinea">Guinea</rs>, <rs type="place" ref="#nordland">Nordland</rs>, <rs type="place" ref="#groenland">Gronland</rs> unnd andere Örter,
               <lb facs="#facs_17_tr_1_tl_14" n="N007"/>wie es ihnen beliebt, gleich unseren eigenen <w>Einge<pc>-</pc>
               <lb facs="#facs_17_tr_1_tl_15" n="N008"/>bornen</w> mittheilen, auch ihre Personen sampt ihren
               <lb facs="#facs_17_tr_1_tl_16" n="N009"/>Commercien zu Wasser und Lande in unseren <w>König<pc>-</pc>
               <lb facs="#facs_17_tr_1_tl_17" n="N010"/>lichen</w> Schutz und protection nehmen, alle gute <w>Be<pc>-</pc>
               <lb facs="#facs_17_tr_1_tl_18" n="N011"/>fordrung</w> bey außlendischen Potentaten unnd <w>Herr<pc>-</pc>
               <lb facs="#facs_17_tr_1_tl_19" n="N012"/>schafften</w> erweissen, und unse Euserste dahin <w>bemü<pc>-</pc>
               <lb facs="#facs_17_tr_1_tl_20" n="N013"/>hen</w>, daß die <rs type="place" ref="#niederlande_vereinigte">Niederlandische</rs> Nation, unter <w>densel<pc>-</pc>
               <lb facs="#facs_17_tr_1_tl_21" n="N014"/>ben</w> und in ihren Botmessigkeiten gleicher Freyheit
               <lb facs="#facs_17_tr_1_tl_22" n="N015"/>in dem Commercien, wie unsere eingeborne <w>Unter<pc>-</pc>
               <lb facs="#facs_17_tr_1_tl_23" n="N016"/>thanen</w> geniessen mügen. Und mügen sie nicht allein
               <lb facs="#facs_17_tr_1_tl_24" n="N017"/>mit den Eingesessenen unsere Reiche unnd <w>Fürsten<pc>-</pc>
               <lb facs="#facs_17_tr_1_tl_25" n="N018"/>thumbe</w>, sonderen auch Frembden und <w>Außwendi<pc>-</pc>
               <lb facs="#facs_17_tr_1_tl_26" n="N019"/>gen</w> Marschopey<note type="annotation">Handelsgesellschaft(en).</note> halten, und mit derselben Geldt und
               <lb facs="#facs_17_tr_1_tl_27" n="N020"/>Wahren ihres gefallens und gleich ihren eigenen
                       
               <pb facs="#facs_18" xml:id="img_0018" n="[Aivv]"/>
            
               <lb facs="#facs_18_tr_1_tl_1" n="N001"/>Güteren ohne Vorhindernusse ihre Handtierung
               <lb facs="#facs_18_line_1719402084932_295" n="N002"/>treiben.
            </p>
            <p xml:id="artikel_4" facs="#facs_18_TextRegion_1719402095390_299">
               <lb facs="#facs_18_tr_1_tl_3" n="N001"/>4. Zum Vierdten: Wo etwan Krieg oder <w>Unei<pc>-</pc>
               <lb facs="#facs_18_tr_1_tl_4" n="N002"/>nigkeit</w>, welches GOtt gnedig vorhüten wolle, <w>zwi<pc>-</pc>
               <lb facs="#facs_18_tr_1_tl_5" n="N003"/>schen</w> unseren Reichen und Landen und solcher <w>Par<pc>-</pc>
               <lb facs="#facs_18_tr_1_tl_6" n="N004"/>ticipanten</w> Obrigkeit entstehen solte, wollen wir keines
               <lb facs="#facs_18_tr_1_tl_7" n="N005"/>weges gestatten, das derselbe Frembden mit unseren
               <lb facs="#facs_18_tr_1_tl_8" n="N006"/>in der <rs type="place" ref="#glueckstadt">Glückstad</rs> gesessenen Unterthanen in <w>Hande<pc>-</pc>
               <lb facs="#facs_18_tr_1_tl_9" n="N007"/>lung</w> eingelegte Gelder, oder Wahren arrestiret<note type="annotation">festgehalten.</note>, <w>se<pc>-</pc>
               <lb facs="#facs_18_tr_1_tl_10" n="N008"/>questiret</w>
                    <note type="annotation">beschlagnahmt.</note>, oder angehalten werden sollen, sonderen es
               <lb facs="#facs_18_tr_1_tl_11" n="N009"/>sol ihnen frey stehen dieselbe ohne beschwerung und
               <lb facs="#facs_18_tr_1_tl_12" n="N010"/>vorenthalt von dem unseren zu forderen und ihres
               <lb facs="#facs_18_tr_1_tl_13" n="N011"/>gefallens darmit zu gebahren: Doch daferne sie sich
               <lb facs="#facs_18_line_1719402095419_302" n="N012"/>in der Persohn nicht gegen uns gebrauchen lassen.
            </p>
            <p xml:id="artikel_5" facs="#facs_18_TextRegion_1719402101413_306">
               <lb facs="#facs_18_tr_1_tl_15" n="N001"/>5. Zum Fünfften: Da auch uber vorhoffen in <w>un<pc>-</pc>
               <lb facs="#facs_18_tr_1_tl_16" n="N002"/>seren</w> Königreichen, Fürstenthumben, an Ort und
               <lb facs="#facs_18_tr_1_tl_17" n="N003"/>Enden, wie die Nahmen haben, durch Ungelück und
               <lb facs="#facs_18_tr_1_tl_18" n="N004"/>Ungewitter der <rs type="place" ref="#niederlande_vereinigte">Niederländische</rs> Nation ihre Schiffe,
               <lb facs="#facs_18_tr_1_tl_19" n="N005"/>Gütere und Wahren absonderlich zu Stranden <w>kom<pc>-</pc>
               <lb facs="#facs_18_tr_1_tl_20" n="N006"/>men</w>, vorordnen und wollen <rs type="person" ref="#christian_iv">wir</rs> hirmit vor uns, <w>un<pc>-</pc>
               <lb facs="#facs_18_tr_1_tl_21" n="N007"/>sere</w> Erben und Nachkommen, das beydes Gütere
               <lb facs="#facs_18_tr_1_tl_22" n="N008"/>und Schiffe sampt unnd absonders, wor die <w>anlan<pc>-</pc>
               <lb facs="#facs_18_tr_1_tl_23" n="N009"/>den</w>, ihnen gleich andern unseren Unterthanen umb
               <lb facs="#facs_18_tr_1_tl_24" n="N010"/>ein liederliches und billiches<note type="annotation">angemessenes</note> Behrgeld<note type="annotation">Bergegeld: Lohn für das Bergen schiffbrüchiger Güter.</note> wieder <w>auß<pc>-</pc>
               <lb facs="#facs_18_tr_1_tl_25" n="N011"/>gefolget</w>, und den rechten Eigenthumbern <w>restitui<pc>-</pc>
               <lb facs="#facs_18_line_1719402101443_309" n="N012"/>ret</w> werden sollen.
            </p>
            <p xml:id="artikel_6" facs="#facs_18_TextRegion_1719402101413_305">
               <lb facs="#facs_18_tr_1_tl_27" n="N001"/>6. Zum Sechsten: Wir setzen sie die <rs type="place" ref="#niederlande_vereinigte">
                        <w>Niederlan<pc>-</pc>
           
            <pb facs="#facs_19" xml:id="img_0019" n="Br"/>
            
               <lb facs="#facs_19_tr_1_tl_4" n="N001"/>dische</w>
                    </rs> Kauffleute unnd gantze Nation hirmit liber<note type="annotation">frei.</note>,
               <lb facs="#facs_19_tr_1_tl_5" n="N002"/>loß, exempt, und frey von allen und jeden Imposten<note type="annotation">Warensteuern.</note>,
               <lb facs="#facs_19_tr_1_tl_6" n="N003"/>Haubtgelderen, und anderen derogleichen Lasten
               <lb facs="#facs_19_tr_1_tl_7" n="N004"/>und Contributionen, so wol die Persohnen als Gütere
               <lb facs="#facs_19_tr_1_tl_8" n="N005"/>betreffend (jedoch vorbehaltlich des Zollens, das
               <lb facs="#facs_19_tr_1_tl_9" n="N006"/>von den auß und eingehende Wahren vormüge <w>un<pc>-</pc>
               <lb facs="#facs_19_tr_1_tl_10" n="N007"/>sere</w> ZolRolle sol entrichtet werden), so etwa vor <w>die<pc>-</pc>
               <lb facs="#facs_19_tr_1_tl_11" n="N008"/>sen</w> albereit imponiret und auffgesetzt, und sie selbsten
               <lb facs="#facs_19_tr_1_tl_12" n="N009"/>vor diesen jährlich entrichtet haben oder in künfftig
               <lb facs="#facs_19_tr_1_tl_13" n="N010"/>möchten imponiret werden: Von denen und <w>deroglei<pc>-</pc>
               <lb facs="#facs_19_tr_1_tl_14" n="N011"/>chen</w> Imposten und Aufflagen befreyen <rs type="person" ref="#christian_iv">wir</rs>, auch <w>unse<pc>-</pc>
               <lb facs="#facs_19_tr_1_tl_15" n="N012"/>ne</w> Erben, Nachkommen unnd Successoren sie, die <w>Nie<pc>-</pc>
               <lb facs="#facs_19_tr_1_tl_16" n="N013"/>derlandische</w> Nation, auff termin und zeit Fünff und
               <lb facs="#facs_19_tr_1_tl_17" n="N014"/>Zwantzig Jahr, Als wir in unseren jüngst <w>außge<pc>-</pc>
               <lb facs="#facs_19_tr_1_tl_18" n="N015"/>theilten</w> Patenten sub dato <rs type="place" ref="#glueckstadt">Glückstad</rs> den <date when="1629-12-09">9. <w>Decem<pc>-</pc>
                  <lb facs="#facs_19_tr_1_tl_19" n="N016"/>bris</w> Anno 1629.</date> gnedigst vorsprochen haben.<note type="annotation">Vgl. Denen in Glückstadt gegebene Privilegia. Datiret Glückstadt den 9. Decembris, Anno 1629, in: <rs type="bibl" ref="#privilegien_glueckstadt_druck_1692">Privilegien für Glückstadt (Druck 1692), unpag.</rs>: <q>3. Soll die sämbtliche Bürgerschafft 25 Jahre folgende Jahr lang von dato an zurechnen / aller Bürgerlichen Unpflicht / Beschwerung / Aufflagen und Contributionen, wie die Namen haben mögen / gäntzlich entfreyet und enthaben seyn</q>.</note> Und
               <lb facs="#facs_19_tr_1_tl_20" n="N017"/>nach vorlauff der Fünff und Zwantzig Jahren <w>sol<pc>-</pc>
               <lb facs="#facs_19_tr_1_tl_21" n="N018"/>len</w> sie keines weges mehr dan andere Nationen und
               <lb facs="#facs_19_tr_1_tl_22" n="N019"/>Bürger beschweret werden. Wie wir sie ebenmessig
               <lb facs="#facs_19_tr_1_tl_23" n="N020"/>hiemit loß, frey und quith<note type="annotation">befreit.</note> sprechen von allen denen
               <lb facs="#facs_19_tr_1_tl_24" n="N021"/>Schulden, welche die Gemein oder Commun der
               <lb facs="#facs_19_tr_1_tl_25" n="N022"/>
                    <rs type="place" ref="#glueckstadt">Glückstad</rs> vor diesen gemachet, damit sie keines <w>we<pc>-</pc>
               <lb facs="#facs_19_line_1719402171190_366" n="N023"/>ges</w> sollen noch können beunruhiget werden.
            </p>
            <p xml:id="artikel_7" facs="#facs_19_TextRegion_1719402175571_370">
               <lb facs="#facs_19_tr_1_tl_27" n="N001"/>7. Zum Siebenden: In Krieges so wol als in
               <lb facs="#facs_19_tr_1_tl_28" n="N002"/>Friedenszeiten sollen sie von Einquartirung der
               <lb facs="#facs_19_tr_1_tl_29" n="N003"/>Soldaten und anderen Bürden gantz frey sein.
            </p>
            <p xml:id="artikel_8" facs="#facs_19_TextRegion_1719402175571_369">
               <lb facs="#facs_19_tr_1_tl_30" n="N001"/>8. Zum Achten: Sie sollen auch mit den Zolle
            
            <pb facs="#facs_20" xml:id="img_0020" n="Bv"/>
            
               <lb facs="#facs_20_tr_1_tl_1" n="N001"/>nicht höher als andere unsere Bürgere, denen sie in
               <lb facs="#facs_20_tr_1_tl_2" n="N002"/>hoc passu<note type="annotation">unter diesen Umständen.</note> gleich, beschweret werden: Was sie an 
               <w>Per<pc>-</pc>
               <lb facs="#facs_20_tr_1_tl_3" n="N003"/>len</w>, Cleinodien, Edelgesteinen, Gold und Silber
               <lb facs="#facs_20_tr_1_tl_4" n="N004"/>handelsweise ein unnd wieder auß führen, auch
               <lb facs="#facs_20_tr_1_tl_5" n="N005"/>Haußrath und andere mobilien, solches alles ist von
               <lb facs="#facs_20_tr_1_tl_6" n="N006"/>Zollen entfreyet: Wie dan auch, wan einer oder der
               <lb facs="#facs_20_tr_1_tl_7" n="N007"/>ander mit seinen gantzen familia und Gesinde sich an
               <lb facs="#facs_20_tr_1_tl_8" n="N008"/>frembde Örtere, ausser unsere Fürstenthumbe und
               <lb facs="#facs_20_tr_1_tl_9" n="N009"/>Jurisdiction, welches ihnen frey stehet, begeben 
               <w>wol<pc>-</pc>
               <lb facs="#facs_20_tr_1_tl_10" n="N010"/>ten</w>, aller dinges nichtes zu entrichten schuldig sein
               <lb facs="#facs_20_line_1719402243946_422" n="N011"/>sollen.
            </p>
            <p xml:id="artikel_9" facs="#facs_20_TextRegion_1719402247141_426">
               <lb facs="#facs_20_tr_1_tl_12" n="N001"/>9. Zum Neunden: Im vorfallenden Streitsachen
               <lb facs="#facs_20_tr_1_tl_13" n="N002"/>sollen der Niederländeren Kauffbücher, sie sein in
               <lb facs="#facs_20_tr_1_tl_14" n="N003"/>Niederlandischer, Frantzösischer, Teutscher oder 
               <w>an<pc>-</pc>
               <lb facs="#facs_20_tr_1_tl_15" n="N004"/>dere</w> Sprachen geschrieben, gleich anderen 
               <w>Beweiß<pc>-</pc>
               <lb facs="#facs_20_tr_1_tl_16" n="N005"/>thumben</w>, wie in <rs type="place" ref="#hamburg">Hamburg</rs> unter den Kauffleuten
               <lb facs="#facs_20_tr_1_tl_17" n="N006"/>und sonsten gebreuchlich, mediante juramento plene<note type="annotation">durch einen einfachen Eid.</note>
               <lb facs="#facs_20_tr_1_tl_18" n="N007"/>probiren und gelten: Auch sollen der Niederlanderen
               <lb facs="#facs_20_tr_1_tl_19" n="N008"/>und ihren Adhaerenten Gezeuchnussen<note type="annotation">Zeugnisse.</note>, da ferne es
               <lb facs="#facs_20_tr_1_tl_20" n="N009"/>sonsten unberuchtigte Persohnen sein, ein und ausser
               <lb facs="#facs_20_tr_1_tl_21" n="N010"/>Gerichte war sein und gelten, Eben so wol als 
               <w>an<pc>-</pc>
               <lb facs="#facs_20_line_1719402247170_429" n="N011"/>dere</w> unsere Bürger.
            </p>
            <p xml:id="artikel_10" facs="#facs_20_TextRegion_1719402247141_425">
               <lb facs="#facs_20_tr_1_tl_23" n="N001"/>10. Zum Zehenden: So ferne unter ihnen einer
               <lb facs="#facs_20_tr_1_tl_24" n="N002"/>durch einen unvorhofften Falle und zustehenden 
               <w>Un<pc>-</pc>
               <lb facs="#facs_20_tr_1_tl_25" n="N003"/>gelücke</w> zu fallieren<note type="annotation">bankrott gehen.</note> und schaden keme oder, auch daß
               <lb facs="#facs_20_tr_1_tl_26" n="N004"/>Gott in gnaden abwenden wolte, im vorderben 
               <w>ge<pc>-</pc>
               <lb facs="#facs_20_tr_1_tl_27" n="N005"/>rahte</w>, und daher an einige particulier Persohnen mit
               
            <pb facs="#facs_21" xml:id="img_0021" n="Biir"/>
            
               <lb facs="#facs_21_tr_1_tl_4" n="N001"/>schüldern vorhafftet bliebe: in diesen Falle begehren
               <lb facs="#facs_21_tr_1_tl_5" n="N002"/>und wollen wir, daß unser Obrigkeiten eine gewisse
               <lb facs="#facs_21_tr_1_tl_6" n="N003"/>zeit auffsetzet, innerhalb welcher ihre Committenten
               <lb facs="#facs_21_tr_1_tl_7" n="N004"/>und Correspondenten ihr an die Güter praetendirtes
               <lb facs="#facs_21_tr_1_tl_8" n="N005"/>Eigenthumbliches Recht gebührender massen 
               <w>be<pc>-</pc>
               <lb facs="#facs_21_tr_1_tl_9" n="N006"/>weisen</w> und auß führen: Unnd immittelst sollen die
               <lb facs="#facs_21_tr_1_tl_10" n="N007"/>Gütere, Wahren und Wechselbrieffe oder andere
               <lb facs="#facs_21_tr_1_tl_11" n="N008"/>ihren Committenten und Correspondenten 
               <w>zugehö<pc>-</pc>
               <lb facs="#facs_21_tr_1_tl_12" n="N009"/>rige</w> Sachen in guter gewahrsamb genommen, Und
               <lb facs="#facs_21_tr_1_tl_13" n="N010"/>nichtes davon distrahirt werden, ehe dan die 
               <w>Rech<pc>-</pc>
               <lb facs="#facs_21_tr_1_tl_14" n="N011"/>nung</w> geflichtet sein, als durch ordinantz und im 
               <w>Ge<pc>-</pc>
               <lb facs="#facs_21_tr_1_tl_15" n="N012"/>brauch</w> darüber wird disponiret sein, jedoch mit 
               <w>vor<pc>-</pc>
               <lb facs="#facs_21_line_1719402302418_482" n="N013"/>behalt</w> und reservirung unseres Königlichen Interesse.
            </p>
            <p xml:id="artikel_11" facs="#facs_21_TextRegion_1719402302388_478">
               <lb facs="#facs_21_tr_1_tl_17" n="N001"/>11. Zum Elfften: In Civil und Kauffmans sachen,
               <lb facs="#facs_21_tr_1_tl_18" n="N002"/>so zwischen ihnen selbsten entstehen und vorfallen,
               <lb facs="#facs_21_tr_1_tl_19" n="N003"/>haben ihre eigne Richter und Depurtirte, die wir 
               <w>ih<pc>-</pc>
               <lb facs="#facs_21_tr_1_tl_20" n="N004"/>nen</w> vorgönnen allezeit von ihrer Nation 
               <w>zuerweh<pc>-</pc>
               <lb facs="#facs_21_tr_1_tl_21" n="N005"/>len</w>, macht auff hundert unnd funffzig Reichsthaler
               <lb facs="#facs_21_tr_1_tl_22" n="N006"/>definitive zu urtheilen und zusprechen: Höhere 
               <w>Sum<pc>-</pc>
               <lb facs="#facs_21_tr_1_tl_23" n="N007"/>men</w> gehören vor unsere Rath und Gerichte. 
               <w>Imglei<pc>-</pc>
               <lb facs="#facs_21_tr_1_tl_24" n="N008"/>chen</w> geben wir ihren obgedachten Deputirten 
               <w>eben<pc>-</pc>
               <lb facs="#facs_21_tr_1_tl_25" n="N009"/>messigen</w> Gewalt in Testamenten, Erbschafften,
               <lb facs="#facs_21_tr_1_tl_26" n="N010"/>Matrimonial<note type="annotation">Ehe.</note> Sachen, und so dotes<note type="annotation">Aussteuer, Mitgift.</note> und dergleichen
               <lb facs="#facs_21_tr_1_tl_27" n="N011"/>concerniren, da einiger Streit vorfelt, selbige nach 
               <w>ih<pc>-</pc>
               <lb facs="#facs_21_tr_1_tl_28" n="N012"/>ren</w> Gesetzen und Gebreuchen volkomblich und 
               <w>de<pc>-</pc>
               <lb facs="#facs_21_tr_1_tl_29" n="N013"/>finitive</w> ohne einiges appelliren oder revidiren, zu 
               <w>ur<pc>-</pc>
               <lb facs="#facs_21_tr_1_tl_30" n="N014"/>theilen</w> und zu vordragen, bey welchen Urtheil und
               
            <pb facs="#facs_22" xml:id="img_0022" n="Biiv"/>
            
               <lb facs="#facs_22_tr_1_tl_1" n="N001"/>Außspruch es so steiff und feste sol bleiben unnd 
               <w>be<pc>-</pc>
               <lb facs="#facs_22_tr_1_tl_2" n="N002"/>wenden</w>, als wann unsere Magistrat selbige 
               <w>außge<pc>-</pc>
               <lb facs="#facs_22_tr_1_tl_3" n="N003"/>sprochen</w> hette, und sollen unsere gesetzte Obrigkeiten
               <lb facs="#facs_22_tr_1_tl_4" n="N004"/>ihnen jedesmahl zur würcklichen execution die 
               <w>hülff<pc>-</pc>
               <lb facs="#facs_22_line_1719402389277_541" n="N005"/>liche</w> Hand bieten.
            </p>
            <p xml:id="artikel_12" facs="#facs_22_TextRegion_1719402393035_545">
               <lb facs="#facs_22_tr_1_tl_6" n="N001"/>12. Zum Zwölfften: Wann sie aber mit einen von
               <lb facs="#facs_22_tr_1_tl_7" n="N002"/>einer anderen Nation oder Außlendischen zu thuen
               <lb facs="#facs_22_tr_1_tl_8" n="N003"/>haben, sollen sie an unsere Rath und Gerichte 
               <w>vor<pc>-</pc>
               <lb facs="#facs_22_tr_1_tl_9" n="N004"/>weisen</w> sein, welche ohne weitleufftiges procediren de
               <lb facs="#facs_22_tr_1_tl_10" n="N005"/>simplici &amp; plano<note type="annotation">schlicht und einfach.</note>, so es inmer müglich, alle Sachen
               <lb facs="#facs_22_tr_1_tl_11" n="N006"/>richten und schlichten sollen: So ferne sich aber in 
               <w>de<pc>-</pc>
               <lb facs="#facs_22_tr_1_tl_12" n="N007"/>ren</w> Außspruch ein oder der ander Theil beschweret zu
               <lb facs="#facs_22_tr_1_tl_13" n="N008"/>sein vormeinet, sollen sie immediate<note type="annotation">unmittelbar.</note> an uns zu 
               <w>appelli<pc>-</pc>
               <lb facs="#facs_22_tr_1_tl_14" n="N009"/>ren</w> und sich zuberuffen macht haben: Aber vor keine
               <lb facs="#facs_22_line_1719402393070_548" n="N010"/>Städte zu compariren<note type="annotation">sich vor Gericht zu stellen.</note> schuldig sein.
            </p>
            <p xml:id="artikel_13" facs="#facs_22_TextRegion_1719402395988_552">
               <lb facs="#facs_22_tr_1_tl_16" n="N001"/>13. Zum Dreyzehenden: Wollen wir die 
               <w>Nieder<pc>-</pc>
               <lb facs="#facs_22_tr_1_tl_17" n="N002"/>laendern</w>, so sich in unser <rs type="place" ref="#glueckstadt">Glückstad</rs> nieder lassen, nicht
               <lb facs="#facs_22_tr_1_tl_18" n="N003"/>allein in unseren Reichen und Fürstenthumben 
               <w>schüt<pc>-</pc>
               <lb facs="#facs_22_tr_1_tl_19" n="N004"/>zen</w> und schirmen, sonderen auch bey ihrer Obrigkeit,
               <lb facs="#facs_22_tr_1_tl_20" n="N005"/>wo unter sie zuvor gesessen, so viel füglich geschehen
               <lb facs="#facs_22_tr_1_tl_21" n="N006"/>kan, die Beschaffenheit thuen, das sie mit ihrer Haab
               <lb facs="#facs_22_tr_1_tl_22" n="N007"/>und Güteren nach dero Landen Gerechtichkeit 
               <w>auß<pc>-</pc>
               <lb facs="#facs_22_line_1719402396017_555" n="N008"/>gestattet</w> werden.
            </p>
            <p xml:id="artikel_14" facs="#facs_22_TextRegion_1719402395988_551">
               <lb facs="#facs_22_tr_1_tl_24" n="N001"/>14. Zum Vierzehenden: Daferne auch noch 
               <w>Plat<pc>-</pc>
               <lb facs="#facs_22_tr_1_tl_25" n="N002"/>ze</w> in <rs type="place" ref="#glueckstadt">Glückstad</rs> ubrig, die noch nicht anderen 
               <w>vorge<pc>-</pc>
               <lb facs="#facs_22_tr_1_tl_26" n="N003"/>ben</w>, solchen wollen wir ihnen, so daselbsten zu bauen
               <lb facs="#facs_22_tr_1_tl_27" n="N004"/>entschlossen, anweisen und einreumen lassen, ihre
            
            <pb facs="#facs_23" xml:id="img_0023" n="Biiir"/>
            
               <lb facs="#facs_23_tr_1_tl_6" n="N001"/>Heusere und Wohnung darauff zu bauen, ohne 
               <w>ein<pc>-</pc>
               <lb facs="#facs_23_tr_1_tl_7" n="N002"/>tzige</w> wieder Erstattung oder Bezahlung des fundi<note type="annotation">Grund und Bodens.</note>
               <lb facs="#facs_23_tr_1_tl_8" n="N003"/>und Platzes. Wie sie auch macht haben, Heusere und
               <lb facs="#facs_23_tr_1_tl_9" n="N004"/>andere unbewegliche Gütere ein und umb die Stad
               <lb facs="#facs_23_tr_1_tl_10" n="N005"/>vor sich und ihren Erben zu Heuren, zu Kauffen, und
               <lb facs="#facs_23_tr_1_tl_11" n="N006"/>auff Platzen und Stedten, die ihnen vor diesen 
               <w>zuge<pc>-</pc>
               <lb facs="#facs_23_tr_1_tl_12" n="N007"/>theilet</w> gewesen, oder in künfftig solten zugetheilet
               <lb facs="#facs_23_tr_1_tl_13" n="N008"/>werden, zu bauen, welche Platze, unbewegliche 
               <w>Gü<pc>-</pc>
               <lb facs="#facs_23_tr_1_tl_14" n="N009"/>tere</w> und liegende Gründe sie jederzeit als rechte 
               <w>Ei<pc>-</pc>
               <lb facs="#facs_23_tr_1_tl_15" n="N010"/>genthumber</w> bewohnen, behalten, und nach ihren
               <lb facs="#facs_23_tr_1_tl_16" n="N011"/>gefallen alieniren und vorkauffen mügen: Und ob
               <lb facs="#facs_23_tr_1_tl_17" n="N012"/>auch erwehnete Platze von anderen eingenommen
               <lb facs="#facs_23_tr_1_tl_18" n="N013"/>und bebauet werden, sollen selbe doch ihnen 
               <w>restitui<pc>-</pc>
               <lb facs="#facs_23_line_1719402469979_614" n="N014"/>ret</w> und wieder eingereumet werden.
            </p>
            <p xml:id="artikel_15" facs="#facs_23_TextRegion_1719402473932_618">
               <lb facs="#facs_23_tr_1_tl_20" n="N001"/>15. Zum Fünffzehenden: Wan ihnen nicht lenger
               <lb facs="#facs_23_tr_1_tl_21" n="N002"/>an obspecificirten Orte zu vorbleiben und ihre 
               <w>Hand<pc>-</pc>
               <lb facs="#facs_23_tr_1_tl_22" n="N003"/>tierung</w> daselbst zu treiben gefallen würde, sol ihnen
               <lb facs="#facs_23_tr_1_tl_23" n="N004"/>mit den Ihrigen, was sie dahin gebracht oder 
               <w>daselb<pc>-</pc>
               <lb facs="#facs_23_tr_1_tl_24" n="N005"/>sten</w> erworben und gewunnen, ohne eintzige 
               <w>Entgelte<pc>-</pc>
               <lb facs="#facs_23_tr_1_tl_25" n="N006"/>nisse</w> wegzuziehen und an Orte wo ihnen geliebet sich
               <lb facs="#facs_23_line_1719402473963_621" n="N007"/>zubegeben, vorgönnet und zugelassen sein.
            </p>
            <p xml:id="artikel_16" facs="#facs_23_TextRegion_1719402473932_617">
               <lb facs="#facs_23_tr_1_tl_27" n="N001"/>16. Zum Sechszehenden: Wir vorgünstigen
               <lb facs="#facs_23_tr_1_tl_28" n="N002"/>auch hiermit den Niederlandischen Kauffleuten und
               <lb facs="#facs_23_tr_1_tl_29" n="N003"/>ihren Adhaerenten, das sie in unser <rs type="place" ref="#glueckstadt">Glückstad</rs> mügen
               <lb facs="#facs_23_tr_1_tl_30" n="N004"/>Schiffe zimmeren oder auffbauen lassen, und das
               <lb facs="#facs_23_tr_1_tl_31" n="N005"/>nothwendige Holtz zu den Schiffen in unseren 
               <w>Für<pc>-</pc>
               <lb facs="#facs_23_tr_1_tl_32" n="N006"/>stenthumben</w> oder sonsten einkauffen und die Stör<note type="annotation">Unterlauf der Elbe.</note>
            
            <pb facs="#facs_24" xml:id="img_0024" n="Biiiv"/>
            
               <lb facs="#facs_24_tr_1_tl_1" n="N001"/>hinab bringen lassen, daran sie niemandt sol 
               <w>vorhin<pc>-</pc>
               <lb facs="#facs_24_tr_1_tl_2" n="N002"/>deren</w>: Auch ferner macht haben, die auffgebauete
               <lb facs="#facs_24_tr_1_tl_3" n="N003"/>Schiffe entweder selbsten zubefrachten oder ihres
               <lb facs="#facs_24_tr_1_tl_4" n="N004"/>gefallens zu alieniren<note type="annotation">veräußern.</note> und zu vorkauffen, zur Stedte 
               <lb facs="#facs_24_tr_1_tl_5" n="N005"/>oder auch in frembden Landen, ungeachtet aller
               <lb facs="#facs_24_tr_1_tl_6" n="N006"/>Rechten, statuten, Gebreuchen und Gewonheiten, so
               <lb facs="#facs_24_tr_1_tl_7" n="N007"/>dagegen sein und streiten solten.
            </p>
            <p xml:id="artikel_17" facs="#facs_24_TextRegion_1719402569571_677">
               <lb facs="#facs_24_tr_1_tl_8" n="N001"/>
                    <note type="crit_app">Am linken Rand: Dieser Punct ist caßiret, so weit das Eichen Holtz betrifft.</note>17. Zum Siebenzehenden: Sol ihnen auch frey
               <lb facs="#facs_24_tr_1_tl_9" n="N002"/>stehen und zu gelassen sein, zu erbauung 
               <w>ih<pc>-</pc>
               <lb facs="#facs_24_tr_1_tl_10" n="N003"/>rer</w> Heuser unnd Schiffe auß unseren 
               <w>Kö<pc>-</pc>
               <lb facs="#facs_24_tr_1_tl_12" n="N004"/>nigreich</w> <rs type="place" ref="#norwegen_koenigreich">Norwegen</rs> Eichen Holtz umb 
               <w>bil<pc>-</pc>
               <lb facs="#facs_24_tr_1_tl_14" n="N005"/>liche</w> Bezalung abzuholen, dero behuff sie
               <lb facs="#facs_24_tr_1_tl_15" n="N006"/>dann einen Schein von unseren Gubernatorn 
               <w>forde<pc>-</pc>
               <lb facs="#facs_24_tr_1_tl_16" n="N007"/>ren</w> und in <rs type="place" ref="#norwegen_koenigreich">Norwegen</rs> vorzeigen sollen, das sie zu der
               <lb facs="#facs_24_line_1719402569625_680" n="N008"/>
                    <rs type="place" ref="#glueckstadt">Glückstad</rs> gesessen.
            </p>
            <p xml:id="artikel_18" facs="#facs_24_TextRegion_1719402569571_676">
               <lb facs="#facs_24_tr_1_tl_18" n="N001"/>18. Zum Achtzehenden: Geben und lassen <rs type="person" ref="#christian_iv">wir</rs>
               <lb facs="#facs_24_tr_1_tl_19" n="N002"/>auch unsere Erben, Nachkommen und Successoren
               <lb facs="#facs_24_tr_1_tl_20" n="N003"/>gnedigst zu, das sie das freye Exercitium ihrer Religion
               <lb facs="#facs_24_tr_1_tl_21" n="N004"/>in ihrer Sprach, auff ihren Kosten, ohne eintzige <w>vor<pc>-</pc>
               <lb facs="#facs_24_tr_1_tl_22" n="N005"/>hinderung</w> in aller Erbarkeit und stille haben und
               <lb facs="#facs_24_tr_1_tl_23" n="N006"/>treiben mügen. Es sol ihnen auch hirmit zugelassen
               <lb facs="#facs_24_tr_1_tl_24" n="N007"/>sein, eine Schule auff ihren Kosten anzurichten und
               <lb facs="#facs_24_tr_1_tl_25" n="N008"/>darinne ihre Kinder im Lesen und Schreiben, <w>Rech<pc>-</pc>
               <lb facs="#facs_24_tr_1_tl_26" n="N009"/>nen</w> und derogleichen zu Unterrichten: Es soll ihnen
               <lb facs="#facs_24_tr_1_tl_27" n="N010"/>auch frey stehen bey ihrer Dracht in Kleideren und
               <lb facs="#facs_24_tr_1_tl_28" n="N011"/>anderen Gewonheiten und Gebreuchen  in <w>Hoch<pc>-</pc>
               <lb facs="#facs_24_tr_1_tl_29" n="N012"/>zeiten</w>, Kinder Tauffen, Begrebnussen, Gästereyen,
            
            <!--<p facs="#facs_24_region_1714054363421_1682">
               <lb facs="#facs_24_line_1714054377934_1686" n="N001"/>Dieser Punct
               <lb facs="#facs_24_line_1714054400459_1692" n="N002"/>ist caßiret so
               <lb facs="#facs_24_line_1714054407092_1697" n="N003"/>weit das 
               <w>Ei<pc>-</pc>
               <lb  facs="#facs_24_line_1714054413058_1702" n="N004"/>chen</w> Holtz 
               <w>be<pc>-</pc>
               <lb  facs="#facs_24_line_1714054418774_1707" n="N005"/>trifft</w>.
            </p>-->
            <pb facs="#facs_25" xml:id="img_0025" n="[Bivr]"/>
            
               <lb facs="#facs_25_tr_1_tl_6" n="N001"/>Zusammenkunfften und derogleichen<note type="crit_app">Korrigiert aus: derogliechen.</note> zuvorharren,
               <lb facs="#facs_25_tr_1_tl_7" n="N002"/>auch sonsten in Speise, Dranck und Kleidung das,
               <lb facs="#facs_25_tr_1_tl_8" n="N003"/>was sie bezahlen können zu geniessen und <w>zugebrau<pc>-</pc>
               <lb facs="#facs_25_tr_1_tl_8" n="N004"/>chen</w>.
            </p>
            
            <p xml:id="artikel_19" facs="#facs_25_TextRegion_1719402647940_730">
               <lb facs="#facs_25_tr_1_tl_10" n="N001"/>19. Zum Neunzehenden: Wollen wir auch unsere
               <lb facs="#facs_25_tr_1_tl_11" n="N002"/>Erben und Nachkommen, sothane Bauren unnd
               <lb facs="#facs_25_tr_1_tl_12" n="N003"/>Haußleute, so auß <rs type="place" ref="#niederlande_vereinigte">Holland</rs> und anderen frembden
               <lb facs="#facs_25_tr_1_tl_13" n="N004"/>Orten herkommend, ihre gelegenheit nach in <w>Glück<pc>-</pc>
               <lb facs="#facs_25_tr_1_tl_14" n="N005"/>stad</w> nicht bequemblich können accomodiret werden,
               <lb facs="#facs_25_tr_1_tl_15" n="N006"/>und sich nach unser Wiltniß, <rs type="place" ref="#krempermarsch">Cremper</rs> oder <rs type="place" ref="#wilstermarsch">
                        <w>Wilster<pc>-</pc>
               <lb facs="#facs_25_tr_1_tl_16" n="N007"/>marsch</w>
                    </rs>
                    <note type="annotation">Um die Stadt gelegene Elbmarschen.</note> nieder zu lassen entschlossen, gnedigst vor <w>un<pc>-</pc>
               <lb facs="#facs_25_tr_1_tl_17" n="N008"/>sere</w> Unterthanen auff und annehmen, und gleich <w>un<pc>-</pc>
               <lb facs="#facs_25_tr_1_tl_18" n="N009"/>seren</w> Eingebornen schützen und schirmen, ohne <w>je<pc>-</pc>
               <lb facs="#facs_25_tr_1_tl_19" n="N010"/>mandts</w> an seinen Gewissen eintrag zu thuen oder zu
               <lb facs="#facs_25_tr_1_tl_20" n="N011"/>den ublichen Exercitio religionis zu zwingen, das sie
               <lb facs="#facs_25_tr_1_tl_21" n="N012"/>unter unseren gnedigsten Schutz und protection frey,
               <lb facs="#facs_25_tr_1_tl_22" n="N013"/>sicher und ungehindert (jedoch ohne einen privaten
               <lb facs="#facs_25_tr_1_tl_23" n="N014"/>Gottesdienst anzurichten) Wohnen, in aller still
               <lb facs="#facs_25_tr_1_tl_24" n="N015"/>ein Erlich und Bürgerlich Leben führen und ihren
               <lb facs="#facs_25_tr_1_tl_25" n="N016"/>Handel und Handtierung treiben, und nur allein
               <lb facs="#facs_25_tr_1_tl_26" n="N017"/>das Exercitium ihrer Religion in der Glückstadt frey
               <lb facs="#facs_25_line_1719402647971_733" n="N018"/>haben mügen.
            </p>
            <p xml:id="artikel_20" facs="#facs_25_TextRegion_1719402647940_729">
               <lb facs="#facs_25_tr_1_tl_28" n="N001"/>20. Zum Zwantzigsten: Den genandten <w>Menno<pc>-</pc>
               <lb facs="#facs_25_tr_1_tl_29" n="N002"/>niten</w>, so sich in etzliche Sachen beschweren, Als in
               <lb facs="#facs_25_tr_1_tl_30" n="N003"/>jure jurando<note type="annotation">Eidschwören.</note>, armorum usu<note type="annotation">Gebrauch von Waffen.</note> &amp; paedobabtismo<note type="annotation">Kindertaufe.</note>, wollen 
               <lb facs="#facs_25_tr_1_tl_31" n="N004"/>wir gnedigst zu lassen, auff das sie ihre Religion und
               <lb facs="#facs_25_tr_1_tl_32" n="N005"/>Conscientz<note type="annotation">Gewissen.</note> frey beleben, daß sie mit keinen <w>Eydt<pc>-</pc>
            
               <pb facs="#facs_26" xml:id="img_0026" n="[Bivv]"/>
            
               <lb facs="#facs_26_tr_1_tl_1" n="N001"/>schweren</w>, Gebrauch von Waffen oder Tauffen von
               <lb facs="#facs_26_tr_1_tl_2" n="N002"/>ihre Kinder sollen beschweret, sonderen das sie an
               <lb facs="#facs_26_tr_1_tl_3" n="N003"/>stat des Eydes mit ihren einfältig Ja unnd Nein,
               <lb facs="#facs_26_tr_1_tl_4" n="N004"/>und ein Platz von die Waffen zu führen mit ein <w>ge<pc>-</pc>
               <lb facs="#facs_26_tr_1_tl_5" n="N005"/>bürliches</w> Jahrgeldt, wan die Noht solches erfordert,
               <lb facs="#facs_26_line_1719402710059_789" n="N006"/>jeders vormügen nach sollen frey sein und bleiben.<note type="annotation">Zu diesen Bestimmungen vgl. das <ref type="quelle" target="0237#ergaenzung_1625">Privileg für die Mennoniten (13. Februar 1623)</ref> sowie die <ref type="einleitung" target="0226#rezeption_friedrichstadt">Einleitung</ref>.</note>
            </p>
            <p xml:id="artikel_21" facs="#facs_26_TextRegion_1719402713852_793">
               <lb facs="#facs_26_tr_1_tl_7" n="N001"/>21. Zum Ein und Zwantzigsten: Wir wollen ihnen
               <lb facs="#facs_26_tr_1_tl_8" n="N002"/>ein Platz vor der Stad von ungefehr zwey Morgen
               <lb facs="#facs_26_tr_1_tl_9" n="N003"/>Landes zu einen Kirchhoffe anweisen, dar sie ihre
               <lb facs="#facs_26_tr_1_tl_10" n="N004"/>Todten hingraben, auch von anderen Örteren <w>dar<pc>-</pc>
               <lb facs="#facs_26_tr_1_tl_11" n="N005"/>hin</w> bringen mügen, sollen auch deßswegen keinen Zol
               <lb facs="#facs_26_tr_1_tl_12" n="N006"/>oder Unpflicht<note type="crit_app">Korrigiert aus: Unplicht.</note>
                    <note type="annotation">Abgabe.</note> geben und mügen von denselbigen
               <lb facs="#facs_26_tr_1_tl_13" n="N007"/>Platze so viel zu ihren Kirchhoffe, als sie nötig <w>erach<pc>-</pc>
               <lb facs="#facs_26_tr_1_tl_14" n="N008"/>ten</w>, gebrauchen und beplacken<note type="annotation">behauen.</note>, das ubrige können
               <lb facs="#facs_26_tr_1_tl_15" n="N009"/>sie unter sich theilen, Garten, Heuser und Have <w>dar<pc>-</pc>
               <lb facs="#facs_26_tr_1_tl_16" n="N010"/>auff</w> setzen, sonder einige Grundheur<note type="annotation">Pachtabgabe.</note>: Jedoch das sie
               <lb facs="#facs_26_tr_1_tl_17" n="N011"/>eins vor allemahl Funfftzig Reichs Thaler darfür
               <lb facs="#facs_26_tr_1_tl_18" n="N012"/>abgeben und entrichten, damit sollen sie die possession
               <lb facs="#facs_26_line_1719402713885_796" n="N013"/>so lange sie in der <rs type="place" ref="#glueckstadt">Glückstad</rs> wohnen versichert sein.
            </p>
            <p xml:id="artikel_22" facs="#facs_26_TextRegion_1719402713852_792">
               <lb facs="#facs_26_tr_1_tl_20" n="N001"/>22. Zum Zwey und Zwanzigsten: Es sol ihnen
               <lb facs="#facs_26_tr_1_tl_21" n="N002"/>auch frey stehen, Testamenta zu machen und uber <w>ih<pc>-</pc>
               <lb facs="#facs_26_tr_1_tl_22" n="N003"/>re</w> Gütere beweglich oder unbeweglich zu disponiren.
               <lb facs="#facs_26_tr_1_tl_23" n="N004"/>Nach ihrer tödlichen Hintrit sollen die Gütere, da ein
               <lb facs="#facs_26_tr_1_tl_24" n="N005"/>Testament gemachet, den eingesetzten Erben oder, da
               <lb facs="#facs_26_tr_1_tl_25" n="N006"/>keines vorhanden, denen, so ab in Testato<note type="annotation">eigentlich: ab intestato, d.h. ohne Testament.</note> vormügen
               <lb facs="#facs_26_tr_1_tl_26" n="N007"/>der Rechten darzu befüget, sie wohnen in oder <w>ausser<pc>-</pc>
                  <lb facs="#facs_26_tr_1_tl_27" n="N008"/>halb</w> unser Reiche und Fürstenthumbe, gefolget <w>wer<pc>-</pc>
            
               <pb facs="#facs_27" xml:id="img_0027" n="Cr"/>
           
               <lb facs="#facs_27_tr_1_tl_6" n="N001"/>den</w>. Infall sich auch keine Erben so bald angeben
               <lb facs="#facs_27_tr_1_tl_7" n="N002"/>würden, und der Vorstorbene keine Vorordnung, wie
               <lb facs="#facs_27_tr_1_tl_8" n="N003"/>es mit den Gütern zu halten, gemacht hette, sol nicht
               <lb facs="#facs_27_tr_1_tl_9" n="N004"/>Bürgermeister und Raht oder der Stad Voget sich
               <lb facs="#facs_27_tr_1_tl_10" n="N005"/>deroselben anmassen, Sonderen es sollen die <w>Depu<pc>-</pc>
               <lb facs="#facs_27_tr_1_tl_11" n="N006"/>tirte</w> der Nation die Güter inventiren<note type="annotation">ein Inventar anlegen.</note>, und den Erben,
               <lb facs="#facs_27_tr_1_tl_12" n="N007"/>so sich hernach angeben werden, zum besten <w>bewah<pc>-</pc>
               <lb facs="#facs_27_tr_1_tl_12" n="N008"/>ren</w>.
            </p>
            <p xml:id="artikel_23" facs="#facs_27_TextRegion_1719402781812_855">
               <lb facs="#facs_27_tr_1_tl_14" n="N001"/>23. Zum Drey und Zwantzigsten: Imfall auch
               <lb facs="#facs_27_tr_1_tl_15" n="N002"/>eintzige andere frembde Nationen in unser <rs type="place" ref="#glueckstadt">Glückstad</rs>
               <lb facs="#facs_27_tr_1_tl_16" n="N003"/>wohnende, und specialich die <rs type="place" ref="#portugal_koenigreich">Portugisische</rs> Nation
               <lb facs="#facs_27_tr_1_tl_17" n="N004"/>Hebräischer Religion, einige andere Freyheiten als
               <lb facs="#facs_27_tr_1_tl_18" n="N005"/>hirein begriffen: Nemblich von vollenkommenes <w>Ge<pc>-</pc>
               <lb facs="#facs_27_tr_1_tl_19" n="N006"/>leit</w> und securitet Articulo 1. und 2. ihrer Privilegien
               <lb facs="#facs_27_tr_1_tl_20" n="N007"/>sub dato Glückstad den <date when="1630-06-19">19. Junii Anno 1630</date>. <w>Begrif<pc>-</pc>
               <lb facs="#facs_27_tr_1_tl_21" n="N008"/>fen</w> und Außgetruckt, die sich all schon von uns <w>erlan<pc>-</pc>
               <lb facs="#facs_27_tr_1_tl_22" n="N009"/>get</w>, oder in künfftig erlangen müchten, vor sich <w>het<pc>-</pc>
               <lb facs="#facs_27_tr_1_tl_23" n="N010"/>ten</w>: Wollen wir ihnen, die <rs type="place" ref="#niederlande_vereinigte">Niederländische</rs> Nation
               <lb facs="#facs_27_tr_1_tl_24" n="N011"/>auch deren zugeniessen und sich zu gebrauchen <w>vor<pc>-</pc>
               <lb facs="#facs_27_tr_1_tl_25" n="N012"/>gönnet</w> und Krafft dieses zugelassen haben <w>dero<pc>-</pc>
               <lb facs="#facs_27_tr_1_tl_26" n="N013"/>massen</w>, als wann sie ordentlich alhir specificiret und
               <lb facs="#facs_27_line_1719402781843_858" n="N014"/>Außgedruckt wehren.<note type="annotation">Vgl. <rs type="bibl" ref="#privilegien_glueckstadt_portugiesen_1630_druck_1633">Privilegia für die Portugiesische Nation (19. Juni 1630), unpag.</rs>:
               <q>1. Erstlich geben unnd ertheilen wir der Portugisischen Nation Hebräische Religion Verwandten und zugethanen / so wol Kauffleuten / Rentenern / als Handwercksleuten und allen andern / vollenkommenes Geleit / das sie in unser new erbawten Stadt Glückstadt ihre Niederlage
               anstellen / und darein geruhiglich ohne alle molestirung / sie sey realis oder Personalis, wohnen mügen / auch Heusere und andere unbewegliche Gütere in unnd umb die Stadt vor sich und ihren Erben heuren / zu Kauffen / und auff Platzen und Städten / die ihnen vor diesem zugetheilet gewesen /
               oder in künfftig solten zugetheilet werden / zubawen macht haben / Welche Plätze / unbewegliche Gütere und liegende Gründe / sie jederzeit als recht Eigenthumber bewohnen / behalten / und nach ihrem gefallen alieniren und verkauffen mögen /
               und ob auch vorerwehnte Plätze von andern eingenommen und bebawet wehren / sollen selbe doch ihnen restituiret und wieder eingereumet werden / Wie ihnen auch frey stehen / allerley Handel / Wandel und Handwercke gleich unsern andern Bürgern anzustellen und zu treiben /
               Sollen jedoch nicht schuldig sein / in ander Bürgerzunfften / zechen und societeten sich zubegeben / Sondern von denselbigen allerdings separiret und abgesondert bleiben / Wir geben auch denen / die also in unser Glückstadt sich Niederlassen / einen solchen salvum conductum, Das sie in unsern
               Reichen und Fürstenthumben mit ihren Dienern frey / sicher mögen Handeln / Wandeln und negociiren, auß und einreisen / wegziehen und wiederkommen ihres gefallens. 2. Zum Andern / Wie wir dan auch hiebey versicheren / so lange sie unter uns wohnen / das Niemandt wegen eintziger civil oder criminal Sache / so vor concession dieser Privilegien, oder ehe
               sie sich alhier gesetzet / unnd ausserhalb unser und des Römischen Reichs Botmessigkeit entstanden oder begangen / ob schon darüber an andern Orten citationes angestellet / oder auch sententz darin gefellet sein möchte / Sie und ihre familien alhie weiter zuverfolgen zugelassen / vielweniger eintzige execution gegen sie vorhenget werden sol / Es were dan /
               das sich einer oder ander unter ihnen zu Rechtlicher verantwortung freywillich offerirte und erböte / Wie dan auch hierin mit eingeschlossen sein alle Schulde / so von ihnen / ihren familien und Gesinde / hinc inde vor dieser concession, oder ihrer Niederlassung in der
               Glückstadt / ausserhalb unserer und des Römischen Reichs Botmessigkeiten / vor ihrer Einkunfft gemacht sein / und sol auch derenthalber kein Richter / Magistrat oder Oberkeit macht haben darin zuerkennen / weniger mit der Execution wieder sie zu verfahren / bey vermeidung unserer Ungnad und Straff. 
               Und fals etwan darin gesprochen und verfahren sein möchte / sol solches von keinen Würden sein / noch vor Recht erkant werden.</q>
                    </note>
            </p>
            <p xml:id="artikel_24" facs="#facs_27_TextRegion_1719402781812_854">
               <lb facs="#facs_27_tr_1_tl_28" n="N001"/>24. Zum Vier und Zwantzigsten: Wie wir dann
               <lb facs="#facs_27_tr_1_tl_29" n="N002"/>auch wollen das obgesetzte unsere Privilegia in allen
               <lb facs="#facs_27_tr_1_tl_30" n="N003"/>Articuln, Clausuln und Puncten, von uns, so wol <w>un<pc>-</pc>
               <lb facs="#facs_27_tr_1_tl_31" n="N004"/>seren</w> Erben und Nachkommen in unseren <w>Fürsten<pc>-</pc>
               <lb facs="#facs_27_tr_1_tl_32" n="N005"/>thumben</w> und Landen, principaliter aber in unserer
            
            <pb facs="#facs_28" xml:id="img_0028" n="Cv"/>
            
               <lb facs="#facs_28_tr_1_tl_1" n="N001"/>
                    <rs type="place" ref="#glueckstadt">Glückstad</rs>, den Niederlandern auch ihren <w>Adhaeren<pc>-</pc>
               <lb facs="#facs_28_tr_1_tl_2" n="N002"/>ten</w> und familien allezeit steiff, fest und <w>unvorbrüch<pc>-</pc>
               <lb facs="#facs_28_tr_1_tl_3" n="N003"/>lich</w>, wie wir ihnen zugesaget und vorsprochen, sollen
               <lb facs="#facs_28_tr_1_tl_4" n="N004"/>gehalten werden: Und da uber das einer oder der
               <lb facs="#facs_28_tr_1_tl_5" n="N005"/>ander Articul dieser unser Privilegien einige <w>Interpre<pc>-</pc>
               <lb facs="#facs_28_tr_1_tl_6" n="N006"/>tation</w> benötiget, sol selbe den Niederlanderen, ihren
               <lb facs="#facs_28_tr_1_tl_7" n="N007"/>familien und Adhaerenten zu ersprießlichen Besten
               <lb facs="#facs_28_tr_1_tl_8" n="N008"/>von uns, unseren Erben und successoren beschehen
               <lb facs="#facs_28_line_1719402872850_924" n="N009"/>und inseriret werden.
            </p>
            <p xml:id="artikel_25" facs="#facs_28_TextRegion_1719402876612_928">
               <lb facs="#facs_28_tr_1_tl_10" n="N001"/>25. Zum Fünff und Zwantzigsten: Wie <rs type="person" ref="#christian_iv">wir</rs> dan
               <lb facs="#facs_28_tr_1_tl_11" n="N002"/>auch hirbey und in Krafft dieses allen unseren <w>Kö<pc>-</pc>
               <lb facs="#facs_28_tr_1_tl_12" n="N003"/>niglichen</w> Botmessigkeiten Subjicirten und <w>Angehöri<pc>-</pc>
               <lb facs="#facs_28_tr_1_tl_13" n="N004"/>gen</w>, als Stadhaltern, Ambtleuten, Gubernatorn,
               <lb facs="#facs_28_tr_1_tl_14" n="N005"/>Rahten, Voigten, Obrigkeiten, und sonsten allen
               <lb facs="#facs_28_tr_1_tl_15" n="N006"/>und jeden unsern Ambtßtragern, Ernstlichen <w>injungi<pc>-</pc>
               <lb facs="#facs_28_tr_1_tl_16" n="N007"/>ren</w> und befehlen, so wol in Krieges als auch in <w>Frie<pc>-</pc>
               <lb facs="#facs_28_tr_1_tl_17" n="N008"/>denszeiten</w> dieser unser der <rs type="place" ref="#niederlande_vereinigte">Niederlandische</rs> Nation
               <lb facs="#facs_28_tr_1_tl_18" n="N009"/>mitgetheilte Privilegia, wie sie hier oben der länge
               <lb facs="#facs_28_tr_1_tl_19" n="N010"/>nach gesetzt und begriffen, getreu und fleissig in acht
               <lb facs="#facs_28_tr_1_tl_20" n="N011"/>zu nehmen, zu manuteniren<note type="annotation">schützen.</note>, und in viridi observantia<note type="annotation">besonderer Aufmerksamkeit.</note>
               <lb facs="#facs_28_line_1719402876639_931" n="N012"/>zu halten.
            </p>
            <p xml:id="artikel_26" facs="#facs_28_TextRegion_1719402876612_927">
               <lb facs="#facs_28_tr_1_tl_22" n="N001"/>26. Zum Sechs und Zwantzigsten: <w>Schließli<pc>-</pc>
               <lb facs="#facs_28_tr_1_tl_23" n="N002"/>chen</w> wollen wir, das dieser der <rs type="place" ref="#niederlande_vereinigte">Niederlandische</rs> <w>Nati<pc>-</pc>
               <lb facs="#facs_28_tr_1_tl_24" n="N003"/>on</w> und ihren Adhaerenten und mit beschriebenen <w>er<pc>-</pc>
               <lb facs="#facs_28_tr_1_tl_25" n="N004"/>theilete</w> Privilegia und Indulta<note type="annotation">Vergünstigungen.</note>, von uns, unseren <w>Er<pc>-</pc>
               <lb facs="#facs_28_tr_1_tl_26" n="N005"/>ben</w> und Nachkommen in allen Clausuln und Puncten
               <lb facs="#facs_28_tr_1_tl_27" n="N006"/>steif und feste gehalten werden: Derowegen wir dan
           
            <pb facs="#facs_29" xml:id="img_0029" n="[Cir]"/>
            
               <lb facs="#facs_29_tr_1_tl_3" n="N001"/>alle Geist- und Weltliche Rechte, Gesetze, Statuten,
               <lb facs="#facs_29_tr_1_tl_4" n="N002"/>Ordnungen, Decreta und Gebreuche, wie die Namen
               <lb facs="#facs_29_tr_1_tl_5" n="N003"/>haben, so diesen unseren ertheileten Privilegiis <w>Con<pc>-</pc>
               <lb facs="#facs_29_tr_1_tl_6" n="N004"/>trariiren</w> oder Derogiren möchten, Krafft habender
               <lb facs="#facs_29_tr_1_tl_7" n="N005"/>Königlicher Macht und Gewalt, vor <rs type="person" ref="#christian_iv">uns</rs>, auch <w>un<pc>-</pc>
               <lb facs="#facs_29_tr_1_tl_8" n="N006"/>seren</w> Erben und Nachkommen, annihiliren, Caßiren,
               <lb facs="#facs_29_tr_1_tl_9" n="N007"/>annulliren, und hirmit auffheben in totum, sampt und
               <lb facs="#facs_29_tr_1_tl_10" n="N008"/>sonders, kein außgeschlossen. Und bleiben ihnen <w>je<pc>-</pc>
               <lb facs="#facs_29_tr_1_tl_11" n="N009"/>derzeit</w> mit Königl<am>.</am>
                    <ex>icher</ex> Gnad und geneigten Willen wol
               <lb facs="#facs_29_tr_1_tl_12" n="N010"/>zu gethan. Wie wir uns solches dan auch gnedigst
               <lb facs="#facs_29_tr_1_tl_13" n="N011"/>erbieten, zu fortsetzung der Commercien, und auf
               <lb facs="#facs_29_tr_1_tl_14" n="N012"/>begebene Falle, diese unsere Privilegia zu extendiren
               <lb facs="#facs_29_tr_1_tl_15" n="N013"/>und zu vormehren, und da es nötig, mehr in ein und
               <lb facs="#facs_29_tr_1_tl_16" n="N014"/>ander Articul zu addiren. Dessen zu mehrer <w>Vorsiche<pc>-</pc>
               <lb facs="#facs_29_tr_1_tl_17" n="N015"/>rung</w> haben <rs type="person" ref="#christian_iv">wir</rs> diese gegenwertige Privilegia mit
               <lb facs="#facs_29_tr_1_tl_18" n="N016"/>unserer Hand subscription und Königlichen Insiegel
               <lb facs="#facs_29_tr_1_tl_19" n="N017"/>bekrefftiget. Gegeben in unser Veste <rs type="place" ref="#glueckstadt">Glückstad</rs>, den
               <lb facs="#facs_29_tr_1_tl_20" n="N018"/>
                    <date when="1631-10-17">17. Octob<am>.</am>
                        <ex>ris</ex> Anno 1631</date>.
            </p>
         </div>
      </body>
   </text>
</tei:TEI>